d_vendor_name,total_amendment_increase_value,n
2553164 ONTARIO,2260000.00,1
2KEYS,9439273.35,4
3V MECHANICAL,0.00,1
4 OFFICE AUTOMATION,0.00,2
9205187 CANADA,0.00,1
A J HANNA CONSTRUCTION,27600.00,1
A O CONTRACTING,50050.00,1
A SANTIN MASON CONTRACTOR,1243344.11,4
AA STURGEON CONSTRUCTION,933272.74,1
ABB,-537618.00,3
ABCO MAINTENANCE SYSTEMS,0.00,4
ACCESS 2 NETWORKS,96505.38,1
ACKLANDS GRAINGER,-11355.22,5
ACME FUTURE SECURITY CONTROLS,943244.93,1
ACRES ENTERPRISES,476215.78,3
ACT,1442047.74,15
ACTION EXPRESS,169350.00,1
ACTION PERSONNEL OF OTTAWA HULL,30772.16,1
ADGA GROUP,292901731.63,31
ADOR TECH,131938.12,3
ADVANCED CHIPPEWA TECHNOLOGIES,42375.00,14
ADVANCED ENERGY MANAGEMENT,69408.89,7
AECOM,5200068.49,40
AEG FUELS,-90322.06,10
AEREX AVIONICS,6505.63,3
AERO FEU,6478560.34,3
AG CREATIONS,0.00,1
AGILENT,20958.72,4
AINSWORTH,68292.20,3
AIR BRAVO,4813.80,2
AIR LIQUIDE CANADA,7000.34,3
AIRBORNE SYSTEMS,5483399.13,1
AIRBUS,154544296.23,6
AIRCRAFT APPLIANCES AND EQUIPMENT,35436870.94,1
AIRPORT TECHNOLOGIES,709231.04,2
AKM GROUP,370738.49,2
ALGONQUIN COLLEGE,3381026.86,5
ALLIED PROJECTS,-437714.86,1
ALLSEATING,0.00,1
ALPINE HELICOPTERS,6851.25,1
ALS CANADA,88268.34,7
ALTIS HUMAN RESOURCES,21533255.49,89
AMAZON,0.00,2
AMERESCO CANADA,285207.89,1
AMRON CONSTRUCTION,-1449255.05,9
AMTECH AERONAUTICAL,722750.00,3
AMTEK ENGINEERING,4378368.55,21
ANALYTICAL GRAPHICS,840208.61,8
ANIXTER,25088.70,8
ANSYS CANADA,1391027.85,1
AON REED STENHOUSE,0.00,1
APEX STEEL GAS,24300.00,2
APPAREL TRIMMINGS,4521391.62,4
APRON FUEL SERVICES,-4945144.58,4
AQUA LUNG CANADA,-83009.68,9
AQUA POWER CLEANERS 1979,2628791.25,1
ARAL CONSTRUCTION 2014,881744.05,2
ARCADIS CANADA,215719.22,7
ARCHITECTURE 49,1458401.52,40
ARI FINANCIAL SERVICES,9950.79,1
ARRM ELECTRIC,442783.85,1
ARTEMP PERSONNEL SERVICES,541789.80,1
ARTEX SPORTSWEAR,5616338.18,1
ASC GERMANY,53246.70,1
ASOKAN BUSINESS INTERIORS,6198.05,1
ATCO,-45205503.39,12
ATLANTIC BUSINESS INTERIORS,0.00,2
ATLANTICA MECHANICAL CONTRACTORS,-747.09,2
AV TECH,-15237.98,1
AVALON HOLOGRAPHICS,0.00,1
AVI SPL,0.00,2
AVJET HOLDING,4534.35,7
AXYS TECHNOLOGIES,-10852.46,1
B BRAUN OF CANADA,718115.00,1
BABCOCK INTERNATIONAL GROUP,1875664193.93,3
BAE SYSTEMS,300001.87,3
BAJA CONSTRUCTION CANADA,-221245.28,3
BARDON SUPPLIES,29.48,3
BARGREEN ELLINGSON,919327.82,7
BARRON S REFRIGERATION HEATING,115048.47,7
BARTA MACHINE,9554028.09,1
BATTLE RIVER ELECTRIC,-29739.56,11
BAVARIAN NORDIC,-1817103.00,1
BDO CANADA,-13560.00,1
BEE CLEAN BUILDING MAINTENANCE,-275842.00,13
BELL CANADA,4874202.59,7
BELL TEXTRON,0.00,5
BERLITZ CANADA,49785.50,8
BEST SERVICE PROS,-43332.60,8
BIGHORN CONSTRUCTION,28890.83,1
BLACK MCDONALD,-392337.59,37
BLACKBERRY,151315.65,2
BLUEDROP TRAINING SIMULATION,23466.98,1
BLUEWAVE ENERGY,-491810.80,27
BLUMETRIC ENVIRONMENTAL,14484812.40,5
BMT FLEET TECHNOLOGY,86727724.87,6
BOLLORE LOGISTICS CANADA,1885.00,1
BOMBARDIER,17257757.00,1
BOMIMED,1233960.00,1
BOUTHILLETTE PARIZEAU,-83054.04,3
BRANDT TRACTOR,0.00,1
BRONSWERK MARINE,-5783399.48,5
BROOKFIELD ASSET MANAGEMENT,22600000.00,1
BROOKFIELD GLOBAL INTEGRATED SOLUTIONS,-1117.87,2
BRS INNOVATIONS,115986.90,1
BRUKER,0.00,1
BUREAU VERITAS,47946.82,6
C CORE,-354602.78,5
CACHE COMPUTER CONSULTING,642174.26,6
CADEX,7212073.97,4
CAE,388156804.68,10
CALIAN,182239036.00,240
CAMOSUN COLLEGE,0.00,1
CAMPBELL SCIENTIFIC CANADA,0.00,1
CANADIAN BANK NOTE COMPANY,1388107.82,1
CANADIAN BASE OPERATORS,237047.00,64
CANADIAN BORDER OPERATIONS,68660259.41,1
CANADIAN CORPS OF COMMISSIONAIRES,4215567.99,200
CANADIAN DEVELOPMENT CONSULTANTS,691906.32,1
CANADIAN HELICOPTERS,7256087.67,1
CANADIAN MARITIME ENGINEERING,-137927.91,3
CANADIAN NORTH,-13020.14,1
CANADIAN NUCLEAR LABORATORIES,29380.00,2
CANADIAN RED CROSS,11957.56,1
CANADIAN SPACE SERVICES,-124884.00,1
CANADYNE TECHNOLOGIES,0.00,1
CANEVAS CONSTRUCTION,293117.60,1
CANON,0.00,11
CANSEL SURVEY EQUIPMENT,959.12,2
CANTEC SYSTEMS,-9896.96,3
CARAHSOFT TECHNOLOGY,18386.97,2
CARLETON LIFE SUPPORT SYSTEMS,-12.60,2
CARLETON UNIVERSITY,1412500.00,1
CARMICHAEL ENGINEERING,4620633.55,11
CARO ANALYTICAL SERVICES,630.01,1
CARVERY S CONSTRUCTION,3144.90,6
CAS ELL STRUCTURES,14236.64,24
CASCADE AEROSPACE,698829963.80,4
CASP AEROSPACE,12418286.10,2
CBCI TELECOM,182400.01,2
CBCL,-166655.85,4
CDW CANADA,2011602.29,37
CENTURY GROUP,130715.00,1
CGI,114504.06,1
CHANNEL MANAGEMENT INTERNATIONAL,5624610.33,4
CHANTIER DAVIE CANADA,175000000.00,1
CHEAM TIMBRO GROUP PARTNERSHIP,414813.60,1
CHEROKEE CONTRACTING,3981362.02,4
CISION CANADA,41595.23,1
CIVIL UNDERGROUND EXCAVATION,262619.12,1
CLARIANT CANADA,4486.90,5
CLERMARK,3067061.01,3
CLICK NETWORKS,91909.66,1
CLOSEREACH,1244523.38,5
CLOUTHIER VENTURES,208026.58,2
CO VEN,3636905.00,1
COASTAL RESTORATION MASONRY,47829.99,6
COCO PAVING,80332.39,3
COLLIERS PROJECT LEADERS,994103.33,4
COLT CANADA,36568.88,4
COMBAT NETWORKS,34315.96,4
COMMANDER PACIFIC FLEET,14284240.48,1
COMMERCIAL BUILDING CLEANERS,0.00,2
COMMUNITECH,2190392.05,1
COMMVAULT SYSTEMS,227928.28,2
COMPUCOM CANADA,-1840.66,5
COMPUGEN,181412.84,6
CON PRO INDUSTRIES CANADA,191862.35,1
CONCEPT CONTROLS,782117.87,4
CONNEX TELECOMMUNICATIONS,4132.59,1
CONOSCENTI TECHNOLOGIES,1594501.18,3
CONTRACT COMMUNITY,5073537.54,16
CONTRO VALVE,0.00,1
CONTROLS EQUIPMENT,1013285.95,13
CONVERGINT TECHNOLOGIES,112586.47,3
COPCAN CIVIL,1047756.21,4
CORADIX TECHNOLOGY CONSULTING,21855951.16,10
CORCAN,-12647.55,3
CORPORATION DU FORT ST JEAN,334959804.64,1
CORRECTIONAL SERVICES OF CANADA,456.00,1
CP ENERGY MARKETING,76069.12,1
CRE TRANSPORT,0.00,1
CSDC SYSTEMS,0.00,1
CSI CONSULTING,428794.69,4
CTOMS,0.00,1
CUBE CONSTRUCTION,-610433.50,2
CUBIC DEFENSE APPLICATIONS,57706625.58,2
CUMMINS CANADA,151.90,4
DADS,161775.62,22
DALCON CONSTRUCTORS,363284.20,2
DALHOUSIE UNIVERSITY,77500.00,1
DALIAN ENTERPRISES,202483.71,3
DARE HUMAN RESOURCES,26966.83,2
DASCO STORAGE SOLUTIONS,0.00,3
DAVE MCDONALD ELECTRIC,-192025.59,3
DAVTAIR INDUSTRIES,498852.50,1
DCC REGIONAL OFFICE HQ DIVISION WESTERN REGION,-300000.00,1
DECISIVE GROUP,95953.94,25
DEFENCE CONSTRUCTION CANADA,376512.49,2
DEFENSE INFORMATION SYSTEMS AGENCY,196559.00,1
DELCO AUTOMATION,-1203.78,3
DELL COMPUTER,4611.00,19
DELOITTE,6330357.47,8
DEW ENGINEERING,-46530452.94,11
DEXTER CONSTRUCTION,-2166053.07,7
DEXTERRA,25217178.13,46
DILLON CONSULTING,377366.40,9
DIRECT ENERGY BUSINESS,1504246.98,20
DLS TECHNOLOGY,33833.16,1
DO ALL CONSTRUCTION,404335.21,3
DON SAYWELL DEVELOPMENTS,21023.77,7
DONNA CONA,1131174.88,8
DRAEGER,0.00,1
DSS MARINE,40256.83,1
DST CONSULTING ENGINEERS,202572.57,5
DUVALTEX CANADA,6580449.60,1
DWP SOLUTIONS,15116157.89,2
DYNABOOK CANADA,6544631.00,5
DYNAMIC PERSONNEL CONSULTANTS,692832.39,28
EAGLE PROFESSIONAL RESOURCES,70780.37,1
EASTPOINT ENGINEERING,1452839.06,54
EASTWAY CONTRACTING,-41643.87,4
EBSCO CANADA,560220.64,3
ECLIPSYS SOLUTIONS,281498.84,12
ECOLE DE LANGUES ABCE,37274.50,6
ECOLE DE LANGUES EAGLE,9317.20,4
ECOLE DE LANGUES LA CITE,114719.79,29
EILEEN ROOFING,102163.95,2
EL DORADO ENGINEERING,1105035.00,2
ELBIT SYSTEMS,8697888.40,1
ELITE ENVIRONMENTAL GROUP,22262.53,1
ELLICE RECYCLE,1614205.28,2
ELLISDON,1587432.69,3
EMCEE CONSTRUCTION AND MANAGEMENT,1279659.18,2
EMCON SERVICES,3691550.39,24
EMERGENCY MEDICAL TECHNOLOGY,3163097.92,1
EMERGENT BIOSOLUTIONS,9571988.01,3
EMMONS MITCHELL CONSTRUCTION,3382936.63,10
EMPOWERED NETWORKS,113497.20,2
EMS TECHNOLOGIES,2048826.92,2
ENERGERE CONSULTANTS,3389999.84,1
ENGLOBE,290645.34,34
ENMAX,4124788.77,14
ENSEIGNES PATTISON SIGN GROUP,1105.77,1
ENTRUST,148010.12,1
ENVELOPPE CONCEPT,5972.01,1
ENVIROSAFE JANITORIAL,-546453.68,5
EQUIPOS INDUSTRIALES DE MANUTENCION,185045.88,1
ERNST YOUNG,7704328.05,15
ESRI,85712.00,3
EVOLVECOMP CONSTRUCTION,1665005.54,3
EVRIPOS JANITORIAL SERVICES,2489664.52,1
EXCEL 7,0.00,1
EXCEL HUMAN RESOURCES,15080302.72,77
EXP SERVICES,69436.57,5
EXPERIS,314417.53,1
EXXONMOBIL,110202.71,6
F M INSTALLATIONS,361282.36,2
FALCON ENVIRONMENTAL,0.00,1
FARMER CONSTRUCTION,46573.37,21
FAST FORWARD FRENCH,40441.94,10
FASTENAL,17197.45,4
FCA CANADA,-65557.19,22
FEDERAL FLEET SERVICES,258250690.31,1
FELIX TECHNOLOGY,1994442.95,16
FFG,65076488.37,13
FIRSTCHOICE GROUP CANADA,-25301.60,1
FLEETWAY,257910280.10,8
FLIGHT FUELS,543736.22,3
FLIGHTSAFETY CANADA,0.00,1
FMC PROFESSIONALS,649743.94,4
FN HERSTAL,441281.28,2
FORD MOTOR COMPANY,-17617.06,32
FORT GARRY FIRE TRUCK,2589989.20,2
FRANCIS CANADA TRUCK CENTRE,0.00,1
FRECON CONSTRUCTION,327969.89,6
FREQUENTIS CANADA,431597.54,1
FRESENIUS KABI CANADA,501379.20,2
GAB INDUSPAC,4816.41,4
GALAXY BROADBAND COMMUNICATIONS,1050.00,1
GAMBLE TECHNOLOGIES,149210.32,2
GAP WIRELESS,-310009.35,3
GARTNER,1918216.99,13
GARY PARKER EXCAVATING,0.00,2
GATEWAY MECHANICAL SERVICES,60265.69,11
GC STRATEGIES,1948414.06,2
GDI SERVICES,5865109.02,7
GEMTEC,4399.56,4
GEN MEC ACL,0.00,1
GENERAL DYNAMICS,980606102.43,32
GENERAL ELECTRIC CANADA,125150700.91,4
GENERAL MOTORS,57803.20,11
GENESIS INTEGRATION,-20845.32,8
GEORGIAN PAVING A DIVISION OF MILLER PAVING,198542.53,1
GEOSPECTRUM TECHNOLOGIES,-15828.03,3
GETINGE CANADA,0.00,1
GFL ENVIRONMENTAL,3471047.69,7
GILMORE REPRODUCTIONS,22657.09,4
GLAMOX CANADA,3338023.65,1
GLOBAL KNOWLEDGE,343581.02,4
GLOBAL TOTAL OFFICE,571.52,1
GLOBAL UPHOLSTERY,217.35,4
GOLDER ASSOCIATES,4439190.25,21
GORDON BARR,66026.09,6
GORDON FOOD SERVICE,375000.00,7
GOVERNMENT OF SASKATCHEWAN,-127101.63,1
GRAND TOY,-484.06,4
GRAYBAR CANADA,0.00,2
GRAYBRIDGE INTERNATIONAL CONSULTING,389923.46,25
GREENDALE RESOURCES,14987.50,1
GROUPE ENERGIE BDL,24206.88,3
GUILLEVIN INTERNATIONAL,0.00,1
GUNTER LANGKOPF MASCHINENBAU,-420388.63,20
H E ARMSTRONG MECHANICAL,87904.59,15
H H CONSTRUCTION,908653.25,10
HACKETT CONSULTING,75132.57,1
HALPENNY INSURANCE BROKERS,43518.16,2
HARLED,4016140.80,4
HARNOIS ENERGIES,-55658.76,10
HARRIS TRANSPORT,811588.00,19
HASTINGS PAINTING,421131.08,2
HAWBOLDT INDUSTRIES,14314267.91,2
HDP GROUP,334621.25,4
HEMMERA ENVIROCHEM,257304.71,3
HEPBURN ENGINEERING,-5159000.00,1
HEROLD ENGINEERING,-15446.50,2
HEWLETT PACKARD,728200.60,5
HEYL,450200.00,1
HIGHLANDS FUEL DELIVERY,1243507.13,9
HITACHI DATA SYSTEMS,17114.41,1
HITRAC,-583700.00,1
HONEYWELL,30000.00,2
HOSKIN SCIENTIFIC,-48378.20,1
HOULE ELECTRIC,163640.80,7
HOWARD E LITTLE EXCAVATING,64492.00,2
HUBSPOKE,4226224.11,8
HUMAN LOGISTICS,258750.00,2
HUMANSCALE CANADA,115.25,2
HYPERION CONSULTING,1746699.12,3
HYPERTEC,2903314.03,63
I M P GROUP,2254550863.55,1
IBISKA TELECOM,45277027.40,40
IBM CANADA,193894461.03,17
IDS SYSTEMS CONSULTANTS,628167.00,1
IFATHOM,337003.29,1
IMAGO MACHINE VISION,554630.76,1
IMP GROUP,1927000.00,1
IMPERIAL CLEANERS,32172494.52,13
IMPERIAL OIL,-4926332.71,8
INDAL TECHNOLOGIES,999043.73,3
INDUSTRA CONSTRUCTION,2058628.19,7
INDUSTRIES OCEAN,-2973570.79,1
INLAND AUDIO VISUAL,0.00,2
INNOCAR,1251010.00,1
INSA,148926.90,2
INSIGHT SOFTWARE CANADA,0.00,1
INSTITUT NATIONAL D OPTIQUE,92744.43,2
INTEGRA NETWORKS,-562567.30,10
INTEGRATED DISTRIBUTION SYSTEMS,0.00,1
INTER MEDICO,1574860.20,2
INTERACTIVE AUDIO VISUAL,0.00,2
INTERCON MARINE,4501.73,1
INTERFAX SYSTEMS,460258.29,2
INTERNATIONAL SAFETY RESEARCH,6745113.84,7
INVERIS TRAINING SOLUTIONS,-4280387.04,3
IPSS,9020923.22,10
IRON MOUNTAIN,3590.28,1
IRVING OIL,-38791284.76,48
IRVING SHIPBUILDING,4081296728.34,5
ISLAND CATERING,3897800.00,1
IT NET CONSULTANTS,5883159.27,2
ITEX,1478708.17,55
IVAN S CAMERA,-5278.76,3
J J TRAILERS MANUFACTURERS AND SALES,735292.27,2
J L RICHARDS ASSOCIATES,128321.23,11
JANKEL TACTICAL SYSTEMS,-353.94,1
JASCO APPLIED SCIENCES CANADA,-684028.00,1
JCB,686679.44,2
JHT DEFENSE,50568.40,19
JIMCOR LINE CONSTRUCTION,-113119.00,3
JOHN WILEY SONS,63010.64,3
JOHNSON CONTROLS,1680.00,1
JOHNSON CONTROLS CANADA,7776302.09,3
JOWA FAHRZEUGTEILE VERTRIEBS,28999.10,3
JP2G CONSULTANTS,2989786.89,25
JSK NAVAL SUPPORT,97335.88,2
JUNO RISK SOLUTIONS,-15461.25,1
K RITE CONSTRUCTION,183013.56,1
KEYSIGHT TECHNOLOGIES CANADA,81159.70,6
KF AEROSPACE,-4601235.11,2
KIA CANADA,0.00,7
KILEY PAVING,40396.09,1
KIM CONSTRUCTORS,28033.99,3
KINETIC CONSTRUCTION,6940118.59,7
KINGS ENTERPRISES,45126.15,35
KNAPPETT INDUSTRIES,6350119.37,4
KNIGHT AEROSPACE,155000.00,1
KNOWLEDGE CIRCLE,-19755.00,1
KNOWLEDGE CIRCLE LEARNING SERVICES,55147.85,4
KONE,303823.29,2
KONICA MINOLTA BUSINESS SOLUTIONS,73054.69,24
KPMG,17313038.59,5
KRAUSS MAFFEI WEGMANN,-8808560.28,9
L P ROYER,-4543770.00,1
L3HARRIS,2946629065.44,31
LANNICK CONTRACT SOLUTIONS,34435.01,1
LANSDOWNE TECHNOLOGIES,2120266.72,8
LAURENTIAN TECHNOLOGIES,-153526.31,19
LAZY H TRAIL COMPANY,-333770.86,2
LEICA GEOSYSTEMS,155724.28,2
LEIGHTON CONTRACTING,771799.29,3
LEN CORCORAN EXCAVATING,16465.65,1
LEO PISCES SERVICES GROUP,321447.62,2
LEONARDO,-15120540.70,6
LES ENTREPRISES FERVEL,6203273.22,3
LES ENTREPRISES ROBERT SANFACON,-478229.00,1
LES HUILES DESROCHES,51060.51,15
LEVITT SAFETY,8972597.50,2
LIFE TECHNOLOGIES,92.40,3
LIFEWORKS CANADA,12800.00,1
LIFTKING MANUFACTURING,1900360.86,2
LIMEN GROUP CONST,1581780.50,2
LINDE CANADA,43.12,1
LLOYD S REGISTER CANADA,34380000.33,1
LOCKHEED MARTIN,545702983.60,10
LOGISTIK UNICORP,-171700593.38,14
LOUIS TANGUAY INFORMATIQUE,1253031.05,3
LOWE MARTIN COMPANY,-3606.00,1
LRO STAFFING,178943.44,5
LUMINA IT,265290.00,2
LUXTON CONSTRUCTION,64429.86,4
LUXTON CONSTRUCTION PLAINS,78411.48,5
LYNLEY CONTRACTING SERVICES,15067.05,7
MACDONALD DETTWILER AND ASSOCIATES,8979925.36,28
MACEWEN PETROLEUM,-33720.69,4
MACK TRUCKS,43261064.57,1
MACKINNON AND OLDING,493388.46,16
MADDOCKS CONSTRUCTION,487579.38,5
MAGELLAN AEROSPACE,-589489.93,2
MAKWA RESOURCING,98115.08,2
MAN ENERGY SOLUTIONS CANADA,5000000.00,1
MANAC WESTERN,-351366.00,2
MAPLESOFT CONSULTING,1233639.58,5
MARITIME FENCE,0.00,1
MARITIME FUELS,1141616.23,26
MARSHALL AEROSPACE,2274855.76,1
MARTEC,6169498.75,5
MASUD TRADING COMPANY,26958.52,1
MAVERIN,-14359.22,1
MAVERIN BUSINESS SERVICES,1204178.51,10
MAXSYS STAFFING AND CONSULTING,1488742.06,24
MCGILL UNIVERSITY,-26540.38,2
MCKESSON CANADA,4770.67,4
MCMASTER UNIVERSITY,101417.12,2
MCW CONSULTANTS,81367.15,2
MCW CUSTOM ENERGY SOLUTIONS,4793096.39,4
MDOS CONSULTING,1758827.00,2
MEAD AUTOMATION SOLUTIONS,430000.00,1
MEAL KIT SUPPLY CANADA,3014427.00,1
MED ENG HOLDINGS,4607660.88,2
MEDAVIE,8480936.50,2
MEDI SELECT,742316.38,1
MEGA POWER INSTALLATIONS,26500.00,6
MERCER CANADA,313575.00,1
MERIDIAN MEDICAL TECHNOLOGIES,6187633.72,3
MESSA COMPUTING,-35027.22,5
METALCRAFT MARINE,-10177143.00,1
MGIS,2294332.54,5
MICHAEL WAGER CONSULTING,16108503.76,17
MICHELIN,-802.64,2
MICRONOSTYX,24838.00,1
MICROSOFT CANADA,6007358.81,7
MILITARY TRAVEL,32631.25,1
MILLBROOK TACTICAL,795.01,3
MILLER PAVING,38114.90,1
MILLER WASTE SYSTEMS,-592403.98,8
MILTEX SOLUTIONS CANADA,2117038.45,6
MINDWIRE SYSTEMS,2817688.84,6
MINE EODCLR,-83278.29,2
MISHKUMI TECHNOLOGIES,-67.92,14
MITSUBISHI MOTOR SALES,0.00,1
MKDS TRAINING,1393466.40,2
MLS OVERSEAS,1907305.56,160
MNP,77292.00,1
MOBILE RESOURCE GROUP,75447.84,1
MOBILITY LAB,123818.75,2
MODERN NIAGARA ALBERTA,452184.30,8
MODIS CANADA,73141798.01,34
MOMENTUM SOLUTIONS,1225304.63,8
MORRISON HERSHFIELD,109947.95,1
MOTOR COACH INDUSTRIES,-50141.00,1
MOTOROLA SOLUTIONS CANADA,149002.83,19
MS CONSTRUCTION,200838.32,128
MSC INDUSTRIAL SUPPLY,28.21,5
MTS ALLSTREAM,51813.66,1
MULTINATIONAL LOGISTIC SERVICES,8756.56,11
MULTISHRED,0.00,1
MUNICIPALITY OF THE COUNTY OF KINGS,11500.00,2
MWCO,-1120649.75,2
"NACRIS",47730.89,1
"NAILS ENTERPRISES 2007",8434.26,12
"NARL MARKETING PARTNERSHIP",-359.94,3
"NASITTUQ",-43140072.00,1
"NATIONAL TEST PILOT SCHOOL",12832000.00,2
"NATO SEASPARROW SURFACE MISSILE SYSTEM PROJECT",-43311238.00,6
"NATTIQ",98994.78,1
"NAV CANADA",22999094.33,6
"NAVAMAR",119170.28,1
"NAVPOINT CONSULTING GROUP",50968.90,2
NELSON ENVIRONMENTAL REMEDIATION,91536.68,2
NEOPRENE CANADA,0.00,1
NEPTUNE SECURITY SERVICES,-62553.03,4
NEVADA AUTOMOTIVE TEST CENTER,5800000.00,1
NEW ERA TOOL DIE,162720.00,1
NEWFOUND RECRUITING,718048.94,5
NEXTER SYSTEMS,1352675.00,1
NIKON CANADA,35750.60,2
NISHA TECHONOLOGIES,14206606.72,185
NISSAN CANADA,0.00,1
NOKIA CANADA,416759.72,2
NORDLYS ENVIRONMENTAL,-5484.58,1
NORR,39464.12,2
NORTH BAY HYDRO,709637.88,1
NORTHERN MICRO,19738676.91,222
NORTHROP GRUMMAN,57722978.61,5
NOTRA,-6374148.20,5
NOVA NETWORKS,101754.42,7
NOVA SCOTIA POWER,618280.06,9
NP AEROSPACE CANADA,145495.28,3
NU VIEW HOMES,3179684.35,1
NUMBER TEN ARCHITECTURAL GROUP,893038.02,6
NUR CONSTRUCTION,47365.67,35
O HANLON PAVING,65877.00,10
ONX ENTERPRISE SOLUTIONS,75522.11,7
OPEN STORAGE SOLUTIONS,0.00,2
OPENFRAME TECHNOLOGIES,978931.33,8
OPENTEXT,195415.83,2
OPSIS,433094.23,2
ORANGUTECH,312232.50,1
OSI MARITIME SYSTEMS,0.00,2
OTIS ELEVATOR,-254160.00,1
P C MCNEILL CONTRACTING,529866.34,6
PACIFIC INDUSTRIAL MARINE,145518.00,1
PAL AEROSPACE,6652.33,1
PALADIN GROUP,571320.70,4
PARKLAND,-1295107.68,13
PARKLAND REFINING,-68122.00,2
PARLEVIEW,3390000.00,1
PATLON AIRCRAFT INDUSTRIES,5525999.99,11
PATTISON SIGN GROUP,1879.84,1
PCL CONSTRUCTORS,1134000.00,1
PEERLESS GARMENTS,857545.78,5
PENNANT CANADA,10097309.19,2
PENNECON,2170000.00,1
PEPCO,-365067.57,5
PERSISTENT SYSTEMS,839600.00,1
PETRO AIR SERVICES,887709.85,1
PETROVALUE PRODUCTS,1581300.00,1
PFIZER CANADA,1026000.00,1
PHASELOCK SYSTEMS INTERNATIONAL,0.00,2
PIVOTAL POWER,0.00,1
PLEIAD CANADA,279357.75,3
PME,352515.25,4
PODOLINSKY EQUIPMENT,0.02,1
POLARIS INDUSTRIES,14199.94,1
PORTS 79,2546.04,1
PRECISIONIT,701289.30,5
PREMISE DATA,2235911.74,1
PRICEWATERHOUSE COOPERS,30297728.68,12
PRIMEX PROJECT MANAGEMENT,4158066.05,7
PRINTERS PLUS,3225.69,6
PROCOM CONSULTANTS,5716023.90,12
PROLOGIC SYSTEMS,106239.21,1
PROMAXIS,34814969.21,104
PROQUEST,623065.91,6
PROTAK CONSULTING GROUP,1426047.92,12
PURELOGIC,1606297.28,30
PURESPIRIT SOLUTIONS,464054.22,28
PURKINJE,61443.24,1
PUROLATOR,500.00,1
QINETIQ,4984043.38,4
QM ENVIRONMENTAL,414107.04,1
QMR,508851.71,14
QUAD PRO CONSTRUCTION,457685.69,1
QUANTUM MANAGEMENT SERVICES,50637.15,9
QUEEN S UNIVERSITY,119374.35,2
QUINAN CONSTRUCTION,15542.37,1
QUINTET CONSULTING,38465.00,6
RACEROCKS 3D,4791600.20,1
RADIATION SOLUTIONS,906890.35,1
RAFA LABORATORIES,1060590.00,2
RALMAX,0.00,6
RAMPART INTERNATIONAL,1176736.98,2
RANDSTAD,5899683.67,16
RAYMOND CHABOT GRANT THORNTON,703119.90,3
RAYTHEON,-17965351.02,7
REGINA BUSINESS SYSTEMS,1507388.40,1
RENK,2997432.31,1
REPUBLIC ARCHITECTURE,2033478.42,30
REVISION MILITARY,10941226.20,2
REVOLUTION EVENTS,1067.85,5
RGT CLOUTHIER,717694.05,14
RHEINMETALL,94927275.93,21
RICOH,26341.38,27
RIGHTWAY SANITATION,-144534.05,6
RIGHTWAY SANITATION SERVICES,179.25,2
RMS SOFTWARE,3933638.24,1
ROBERTSON MARTIN ARCHITECTS,280538.89,2
ROCKWELL COLLINS CANADA,0.00,1
ROHDE SCHWARZ CANADA,-4411.76,1
ROLLING TIDES CONSTRUCTION,19333.52,2
ROOF TILE MANAGEMENT,2754398.25,1
ROSBOROUGH BOATS,22343.06,1
RUSSEL METALS,1194.43,3
S C A,166389.48,5
S P GLOBAL MARKET INTELLIGENCE,188751.17,1
SAAB,42048965.04,5
SABA SOFTWARE,3881236.95,1
SAFFCO,540.00,2
SALESFORCE CANADA,0.00,1
SALISH SEA INDUSTRIAL SERVICES,814535.42,2
SAMSON ASSOCIES,700543.89,10
SANEXEN ENVIRONMENTAL SERVICES,3755.08,1
SANEXEN SERVICES ENVIRONMENTAUX,5755583.19,3
SANTE MONTFORT,75647300.00,1
SAP,29467125.98,4
SAPPER LABS CYBER SOLUTIONS,550942.38,1
SAS INSTITUTE,1586.52,1
SCA SHIPPING CONSULTANTS ASSOCIATED,10436797.06,101
SCOTIA PALLETS,-29439.35,3
SEAMLESS MECHANICAL SOLUTIONS,15990.00,1
SEASPAN VICTORIA SHIPYARDS,1627054226.66,3
SELECT GLOBAL INTERNATIONAL,8917333.76,1
SERCO,56493182.97,1
SERVICE STAR BUILDING CLEANING,-260641.04,8
SETANTA CONTRACTING,1429070.43,29
SHARP ELECTRONICS,0.00,1
SHELL CANADA PRODUCTS,-2173519.55,39
SI SYSTEMS,17601177.92,26
SIEMENS,42631.86,3
SIERRA SYSTEMS GROUP,13898918.90,3
SIKORSKY AIRCRAFT,-892515743.00,1
SIMEX DEFENCE,4148771.11,40
SIMO MANAGEMENT,11254.73,4
SIMPLEX GRINNELL,13169.01,1
SIMPSON BUILDING CONTRACTORS,0.00,1
SLR CONSULTING CANADA,468739.87,8
SMITHS DETECTION,629367.21,2
SNAP ON TOOLS,4049.66,5
SNC LAVALIN,582609745.85,51
SOFTCHOICE,423503.08,9
SOFTSIM TECHNOLOGIES,2132092.25,18
SOLOTECH,28952.91,5
SOMOS,-39486.30,13
SPEARHEAD MANAGEMENT CANADA,257075.00,3
SPRINGCREST,4520000.00,1
SRA STAFFING SOLUTIONS,51731.40,2
SSCL,737572.46,2
ST JOSEPH PRINT GROUP,4256.06,3
STAG CONSTRUCTION SOLUTIONS,645623.97,8
STANLEY CONSTRUCTION,719792.08,4
STANTEC,3002293.55,78
STEEPLE,70370.29,2
STERICYCLE,346.00,1
STERLING FUELS,0.00,2
STIFF SENTENCES,10452.50,1
STOEGER CANADA,2691984.31,1
STONEWORKDS TECHNOLOGIES,0.00,2
STONEWORKS TECHNOLOGIES,1942.27,24
STRONG BROS GENERAL CONTRACTING,1776681.12,10
STRONGCO,144.36,1
STURGEON COUNTY,3740360.58,2
SUBARU CANADA,0.00,4
SUER AND POLLON MECHANICAL,36472.61,1
SUER POLLON MECHANICAL,-9597.24,2
SUN LIFE ASSURANCE COMPANY,1463385.45,3
SUNCOR ENERGY,-36147.14,8
SUPERIOR PROPANE,-59409.23,11
SUTHERLAND EXCAVATING,115690.00,2
SYNERSOLUTIONS TECHNOLOGIES,0.00,1
SYSCO,225.05,19
SYSTEMATIX SOLUTIONS,2894350.57,2
SYSTEMS FOR RESEARCH,56363.15,2
SYSTEMSCOPE,4576.00,1
T J NOLAN CONSTRUCTION,21530.74,6
T LANE TRANSPORTATION AND LOGISTICS,-13820.25,3
TACS,226875.60,5
TAG HR,1372166.29,25
TANKATEK,0.00,5
TANKATEK 6854265 CANADA,0.00,1
TAURUS CONTRACTORS,30722.12,2
TECHNO FEU,2302857.08,3
TEEL TECHNOLOGIES CANADA,0.00,1
TEKNION,3391.29,3
TELECOM COMPUTER SERVICES,3837399.12,24
TELECOMMUNICATION SUPPORT SERVICES,1500000.00,1
TELEDYNE,40990.00,1
TELEPHONICS,-2499768.00,2
TELESAT,-27443906.00,3
TELFLEX TECHNOLOGIE,60901.89,2
TELUS CANADA,1055329.34,4
TENAQUIP,-10455.52,8
TERAMACH TECHNOLOGIES,7126.15,10
TERRAGON ENVIRONMENTAL TECHNOLOGIES,7218.75,1
TES CONTRACT SERVICES,3221105.10,3
TESTFORCE SYSTEMS,746165.67,4
TEXTILES MONTEREY 1996,2931862.50,1
THALES,26431809.79,13
THE AIM GROUP,3276462.63,15
THE BOEING COMPANY,2043009883.97,2
THE CANNINGTON ABORIGINAL VENTURE,1393528.37,2
THE DELTIC GROUP,-949686.00,2
THE HALIFAX COMPUTER CONSULTING GROUP,10728315.11,3
THE HALIFAX GROUP,-3962693.00,1
THE MATHWORKS,422938.14,4
THE RIGHT DOOR CONSULTING,300935.50,11
THE STEVENS COMPANY,534241.20,1
THE VCAN GROUP,4642495.46,2
THERMO FISHER SCIENTIFIC,85130.24,9
THINKPOINT,808268.98,6
THOMAS SCHMIDT,663203.03,9
THOMSON REUTERS,274436.88,2
THYSSENKRUPP ELEVATOR,597215.22,5
TITAN AEX,25934333.34,2
TOP ACES,-54119506.14,34
TOROMONT,11302833.69,3
TOSHIBA CANADA,-4683496.73,4
TOURE CLEANING,4938.10,1
TOYOTA,0.00,15
TPG TECHNOLOGY CONSULTANTS,2241610.22,3
TR PETROLEUM,-75331.61,13
TRACKGEN SOLUTIONS,171675.28,1
TRAINOR MECHANICAL CONTRACTORS,194626.10,1
TRANSPOLAR TECHNOLOGY,74459.98,1
TRI STAR INDUSTRIES,453237.60,1
TRM TECHNOLOGIES,6235771.55,5
TROY LIFE FIRE SAFETY,645550.08,3
TULMAR SAFETY SYSTEMS,371200.00,3
TUNDRA TECHNICAL SOLUTIONS,332427.02,2
TURNER TOWNSEND,22600.00,1
TURTLE ISLAND STAFFING,1177044.61,26
TWENTY20 INSIGHT,10707.19,2
TYCO INTEGRATED FIRE AND SECURITY CANADA,-124414.70,1
TYCO INTEGRATED FIRE SECURITY,-455886.80,3
TYR TACTICAL,511030.33,5
ULTIMATE CONSTRUCTION,-757263.41,4
ULTRA ELECTRONICS,2760002.83,3
ULTRA ELECTRONICS MARITIMES SYSTEM,-3153958.33,1
UNCHARTED SOFTWARE,-871924.31,1
UNISOURCE,349537.96,10
UNISYS CANADA,331120.90,1
UNITED RENTALS,-22166.08,27
UNITED STATES DEPARTMENT OF THE AIR FORCE,-10918592.80,6
UNITED STATES DEPARTMENT OF THE ARMY,-768702.82,14
UNITED STATES DEPARTMENT OF THE NAVY,-21881078.11,18
UNIVERSITE DE SHERBROOKE,-8502.12,1
UNIVERSITE LAVAL,55816.95,3
UNIVERSITE SAINTE ANNE,46043.00,5
UNIVERSITY OF ALBERTA,49274.00,1
UNIVERSITY OF BRITISH COLUMBIA,-62880.00,1
UNIVERSITY OF GUELPH,0.00,1
UNIVERSITY OF NEW BRUNSWICK,1179314.53,3
UNIVERSITY OF OTTAWA,-247833.64,3
UNIVERSITY OF TORONTO,1640519.18,4
URLACHER CONSTRUCTION,6397.56,6
UTILITIES KINGSTON,417118.10,34
VALARD CONSTRUCTION,2052084.19,3
VALCOM CONSULTING,27457552.13,106
VALLEY REFRIGERATION,543858.21,5
VALUE MASTER BUILDERS,-32356.74,2
VAN KAPPEL INTERNATIONAL,15384.54,5
VANCOUVER SHIPYARDS,413768393.06,5
VCI CONTROLS,700334.40,9
VERITAAQ TECHNOLOGY HOUSE,1141878.97,4
VIDCRUITER,29245.60,3
VIKING FIRE PROTECTION,2636893.50,2
VISIONTEC,675333.20,1
VMWARE,1146685.50,1
W S MORGAN CONSTRUCTION,251856.56,5
WADE GENERAL CONTRACTING,239084.41,5
WAHL CONSTRUCTION,5405144.67,26
WAJAX,11177939.23,8
WARTSILA,9200000.00,4
WASTE CONNECTIONS OF CANADA,-34296.63,14
WASTE MANAGEMENT OF CANADA,138262.75,14
WASTE PROCESSING TECHNOLOGIES,0.00,1
WATERSHED INFORMATION TECHNOLOGY,276114.93,4
WEBSTER ELECTRIC,40936.34,12
WEIR CANADA,393960000.00,1
WESCO DISTRIBUTION CANADA,0.00,2
WESTBURY NATIONAL SHOW SYSTEMS,8993.06,5
WESTCO CONSTRUCTION,74562.63,1
WESTERN MECHANICAL ELECTRICAL,0.00,1
WESTERN PACIFIC ENTERPRISES,-3018442.35,1
WESTOWER COMMUNICATIONS,41129.80,1
WILDROSE DISPOSAL,59553.23,5
WILEY SUBSCRIPTION SERVICES,16056.00,1
WINMAR,323740.66,3
WOOD,84658.89,4
WORLD FUEL SERVICES,-323923.14,20
WORLEY PARSONS,-36750.00,1
WSP,2099960.66,17
XEROX,590784.32,46
XTECH EXPLOSIVE DECONTAMINATION,5004494.77,2
XTRACT TECHNOLOGIES,29921.25,1
YAMNUSKA,3383753.10,4
YELLOWHEAD HELICOPTERS,101.85,4
ZAYO CANADA,7643.34,1
ZERNAM ENTERPRISE,241171.65,2
ZODIAC HURRICANE TECHNOLOGIES,4614862.46,2
ZOLL MEDICAL CANADA,1142904.43,2
ZYCOM,36474.49,14
