normalized_vendor_name,original_vendor_name
ACKLANDS GRAINGER,ACKLANDS GRAINGER
ACKLANDS GRAINGER,Acklands-Grainger Inc.
ACKLANDS GRAINGER,Acklands-Grainger
ACKLANDS GRAINGER,ACKLANDS - GRAINGER INC
ACKLANDS GRAINGER,Acklands - Grainger Inc.
ACKLANDS GRAINGER,ACKLANDS-GRAINGER INC.
ACKLANDS GRAINGER,Acklands Grainger Inc
ACKLANDS GRAINGER,Acklands Grainger
ACKLANDS GRAINGER,ACKLANDS GRAINGER INC
ACKLANDS GRAINGER,ACKLANDS - GRAINGER INC.
ACKLANDS GRAINGER,acklands-grainger Inc.
ACKLANDS GRAINGER,acklands granger
ACKLANDS GRAINGER,Ackland-Graingers INC
ACKLANDS GRAINGER,Acklands-Grainger Inc
ACKLANDS GRAINGER,Acklands - Granger Inc.
ACKLANDS GRAINGER,Acklands Grainger Inc.
ACKLANDS GRAINGER,Ackland-Grainger IN
ACKLANDS GRAINGER,Acklands-Grainger Ins
ACKLANDS GRAINGER,ACKLANDS GRAINGER INC.
ACKLANDS GRAINGER,ACKLAND GRAINGER INC.
ACKLANDS GRAINGER,Acklands - Grainger Inc
ACKLANDS GRAINGER,ACKLANDS-GRAINGER
ACKLANDS GRAINGER,Acklands grainger Inc.
ACKLANDS GRAINGER,acklands-grainger Inc
ACKLANDS GRAINGER,acklands-grainger
ACKLANDS GRAINGER,Acklands- Grainger
ACKLANDS GRAINGER,acklands-grainger inc
ACKLANDS GRAINGER,Acklands-grainger inc
ACKLANDS GRAINGER,ACKLANDS GRAINGERS
ACKLANDS GRAINGER,ACKLANDS-GRAINGER INC
ACKLANDS GRAINGER,Acklands-Grainger Inc.l
ACKLANDS GRAINGER,ACKLANDS&GRAINGER
ACKLANDS GRAINGER,Acklands-Grainger inc
ACKLANDS GRAINGER,Ackland Grainger
ACKLANDS GRAINGER,ACKLANDS-GRANINGER INC
ACKLANDS GRAINGER,Accklands-Grainger
ACKLANDS GRAINGER,ACKLANDS-GRAINGERS INC
ACKLANDS GRAINGER,ACKLANDS GRAINER
ACKLANDS GRAINGER,Ackalnds-Grainger
ACKLANDS GRAINGER,ACKLAND GARNGER
ACKLANDS GRAINGER,ACKLANDS - GRAINGER
ACKLANDS GRAINGER,Acklands - Grainger
ACKLANDS GRAINGER,Acklands - Grainger INC
ACKLANDS GRAINGER,Acklands-Graingers Inc.
ACKLANDS GRAINGER,ACKLAND-GRAINGER
ACKLANDS GRAINGER,Acklands-Grainer Inc
ACKLANDS GRAINGER,ACKLANDS- GRAINGER
ACKLANDS GRAINGER,acklands grainger
ACKLANDS GRAINGER,Ackland Grainger Inc.
ACKLANDS GRAINGER,ACKLANDS& GRAINGER
ACKLANDS GRAINGER,Acklands-Grainger inc.
ACKLANDS GRAINGER,Ackland-Grainger Inc.
ACKLANDS GRAINGER,ACLANDS-GRAINGER
ACKLANDS GRAINGER,ACKLAND GRAINGER
ACKLANDS GRAINGER,Ackalnds-Grainger Inc.
ACKLANDS GRAINGER,Ackland Granger
ACKLANDS GRAINGER,Acklands-grainger
ACKLANDS GRAINGER,Acklands-Grainger INC
ACKLANDS GRAINGER,Ackland Graniger
ACKLANDS GRAINGER,Ackland-Grainger
ACKLANDS GRAINGER,Acklands Grainder Inc.
ACKLANDS GRAINGER,ACKLNADS-GRAINGER
ACKLANDS GRAINGER,Acklands- Grainger Inc.
ACKLANDS GRAINGER,ACKLANDS GRAINDER INC.
ACKLANDS GRAINGER,Acklands Granger
ACKLANDS GRAINGER,ACKLANDS -GRAINGER INC
ACKLANDS GRAINGER,ACKLAND GRANGER
ACKLANDS GRAINGER,Acklands & Grainger
ACKLANDS GRAINGER,Acklands grainger
ACKLANDS GRAINGER,ACKLAND GRAINGER INC
ACKLANDS GRAINGER,Acklands Grainger INC
ACKLANDS GRAINGER,ACLLANDS GRAINGER
ACKLANDS GRAINGER,acklands Grainger
ACKLANDS GRAINGER,ACKLANDS GRANBGER
ACKLANDS GRAINGER,ACKLANDS-GRAINGER LTD.
ACKLANDS GRAINGER,Acklands -Grainger -Inc
ACKLANDS GRAINGER,Ackalnds-Grainger inc
ACKLANDS GRAINGER,Acklands-Grainger INC.
