d_vendor_name,mean_original_value,mean_overall_value,n
10647802 CANADA,291561.29,813925.84,17
11983890 CANADA CENTRE,18769300.00,67099400.00,1
1320376 ONTARIO,1759995.24,2065875.93,7
1456812 ALBERTA,1933102.50,1933102.50,2
175 303 CANADA,2400873.44,2509914.65,2
175303 CANADA,3784218.12,3865732.85,1
1X1 ARCHITECTURE,117809.37,134552.35,52
2099042 ONTARIO,895237.80,1232644.60,4
2145675 ONTARIO,1798395.00,2856219.87,2
2220742 ONTARIO,720486.20,788149.53,29
2536 4589 QUEBEC,3679200.00,10382725.79,1
2553164 ONTARIO,332154.91,332154.91,3
2KEYS,17537985.39,22747489.36,17
3469051 CANADA,135661.60,208344.59,75
3955788 CANADA,323841.46,424879.68,11
3D DATACOMM,55650.94,55463.80,111
3M CANADA COMPANY,466176.06,658314.74,18
4 OFFICE AUTOMATION,40304.19,32686.68,189
4083261 CANADA,973854.31,1071601.11,10
49 SOLUTIONS,325800.39,540785.48,16
520571 ONTARIO,277164.47,731710.03,8
529040 ONTARIO 880382 ONTARIO,14079893.34,9290229.60,3
529040 ONTARIO AND 880382,1368293.58,2180876.15,23
6771581 CANADA,574875.00,1149750.00,1
6834973 CANADA,9821164.50,16353785.17,1
727619 ALBERTA O A ROUGHRIDER,5739178.79,6192473.04,1
7305516 CANADA,3542669.29,3577074.40,8
736902 ONTARIO,1379201.81,1371236.75,7
73719 NEWFOUNDLAND LABRADOR,232251.27,331414.32,10
851791 NWT,6812742.22,6956704.74,4
898845 ALBERTA,1570360.82,1665318.36,3
9006 9311 QUEBEC,4688407.68,7150780.35,5
9034 3476 QUEBEC,393088.57,511758.74,10
9089 5657 QUEBEC,2183102.76,2348167.62,1
9090 5092 QUEBEC,4118376.30,4571255.44,3
9099 3593 QUEBEC INTER PROJE,5202494.67,5607891.25,2
9160 5188 QUEBEC,4121853.75,4487563.40,1
9168516 CANADA,582218.83,672844.69,8
9205187 CANADA,7321326.50,9670802.76,1
9244 3175 QUEBEC,2107278.16,2193258.93,2
9275 0181 QUEBEC,222594.84,242152.26,43
A B BUILDERS,1034433.75,1091057.44,2
A C L CONSTRUCTION,2400975.07,2400975.07,3
A NET SOLUTIONS,53992.24,66006.23,64
A SANTIN MASON CONTRACTOR,2528621.34,4491608.21,1
AB SCIEX,104599.13,122640.08,85
ABB,661472.63,1297622.14,77
ABBOTT,921772.74,1033087.14,59
ABCO INDUSTRIES,7328370.23,7328370.23,2
ABCO MAINTENANCE SYSTEMS,275141.63,265915.13,3
ABS AMERICAS,39917.25,39917.25,1
ACADIAN CONSTRUCTION 1991,1595538.75,1626373.65,2
ACADIAN DREDGING,125345.67,116070.94,73
ACART COMMUNICATIONS,84605.80,249581.38,23
ACCENTURE,1039129.68,2946648.70,103
ACCESS 2 NETWORKS,270023.48,273331.61,86
ACKLANDS GRAINGER,57945.75,55848.26,149
ACME FUTURE SECURITY CONTROLS,140667.47,180104.91,58
ACOSYS CONSULTING SERVICES,253021.38,324433.13,70
ACT,129331.59,144154.66,96
ACTION PERSONNEL OF OTTAWA HULL,106185.80,201440.08,35
ADAPT PHARMA CANADA,62034.24,63413.11,87
ADGA GROUP,1324166.73,2264065.63,127
ADOBE,531255.73,1861974.81,29
ADP CANADA,737606.57,26611404.23,1
ADPEARL,663394.75,6179786.38,2
ADRM TECHNOLOGY CONSULTING,424375.88,571637.43,237
ADVANCED BUSINESS INTERIORS,66396.14,68958.21,895
ADVANCED CHIPPEWA TECHNOLOGIES,213445.10,266567.26,596
ADVANCED PARAMEDIC,1745930.60,3790518.56,4
AECOM,398372.51,655597.72,296
AEG FUELS,138600.00,112350.00,1
AERO FEU,55279.61,43614.56,7
AERO SUPPLIES,23055.99,23571.08,369
AEROPORT DE QUEBEC,515232.62,1115105.75,4
AEROPORTS DE MONTREAL,3405368.26,8294161.13,1
AEROPRO,447217.93,1344440.23,7
AFC INDUSTRIES,2006896.49,2364042.76,3
AFN ENGINEERING,46098.89,51813.77,294
AG CREATIONS,399670.81,413496.10,7
AGENCE SOCIALE SPECIALISEE DE L OUTAOUAIS,577616.80,4951335.32,1
AGILEC,799083.40,803131.35,13
AGILENT,76373.67,88233.50,510
AGRITEAM CANADA,5101419.50,5101419.50,15
AHS COMMUNITY INDUSTRIES,352230.43,2042037.98,5
AIM HEALTH GROUP,700381.48,2010705.24,10
AINSWORTH,138892.16,152149.38,143
AIR CHARTER SERVICE,20483.08,20483.08,2
AIR INDIA,1346559.92,1421888.98,3
AIR INUIT,104533.87,200068.30,67
AIR LIQUIDE CANADA,32399.46,34970.58,226
AIR NORTH,41313.61,41313.61,3
AIR PRODUCTS CANADA,75428.41,99990.56,63
AIR TINDI,42322.70,43588.94,155
AIRBOSS DEFENSE,37797.01,37797.01,4
AIRBUS,163764.51,192331.04,138
AIRSIDE PROPERTIES,228246.90,8823289.44,1
ALBERTA SEVENTH STEP SOCIETY,1077807.04,4446797.60,2
ALCAIDE WEBSTER ARCHITECTS,363238.36,398782.03,27
ALDRICH PEARS ASSOCIATES,653568.33,716803.01,6
ALGONQUIN COLLEGE,33559.24,34112.02,84
ALIKA INTERNET TECHNOLOGIES,254512.50,486932.27,13
ALINEA INTERNATIONAL,5839304.03,5850885.39,11
ALIVAKTUK CONSULTING,727755.51,1425255.96,7
ALLEN HASTINGS,2415849.60,2466349.07,4
ALLIANCE ENERGY,887640.31,1088859.34,15
ALLIANCE ENGINEERING CONSTRUCTION,938964.55,1002972.99,8
ALLIED PAVING,15120000.00,14131530.63,1
ALLIED SHIPBUILDERS,2191620.59,2749105.39,17
ALLSEATING,53627.03,53963.22,73
ALPINE AEROTECH,38725.72,39983.41,138
ALPINE HELICOPTERS,35153.09,35859.25,261
ALS CANADA,94406.99,138139.17,125
ALTERNATIVE CONCRETE TECHNOLOGIES,2242356.25,2489819.62,1
ALTIS HUMAN RESOURCES,83816.73,113041.83,912
ALTO CONSTRUCTION,2038123.50,2098675.01,1
ALVA CONSTRUCTION,2322544.26,2497474.97,10
AMAZON,373849.27,793900.98,77
AMD MEDICOM,56743434.00,56763996.26,2
AMDOCS,1103284.28,2263170.18,4
AMEC CONSTRUCTION,1418968.56,1693783.38,1
AMER SPORTS CANADA,10200.75,10200.75,1
AMERESCO CANADA,3151428.39,16135604.60,17
AMERICAN BUREAU OF SHIPPING,108089.53,104856.63,80
AMERICAN CHEMICAL SOCIETY,145621.14,136932.70,27
AMEX BANK OF CANADA,23596730.50,23596730.50,2
AMS IMAGING,54548.31,59609.31,61
AMTEK ENGINEERING,130054.92,205541.47,3
ANALYTICAL GRAPHICS,69960.56,125876.36,21
ANCHOR QEA,4465885.74,5688107.96,3
ANIXTER,33639.26,34066.34,90
ANSYS CANADA,49858.14,52949.65,108
ANTHONY MACAULEY ASSOCIATES,77881.95,100131.58,29
ANTONIANI LAW PROFESSIONAL,467776.57,4975201.82,1
AON REED STENHOUSE,70858.50,167128.94,111
APICA MEDICAL SERVICES,1325093.57,2052539.94,3
APOTEX,3878084.33,3772341.72,3
APPAREL TRIMMINGS,232526.73,472856.28,18
APPLIED ELECTONICS,133820.03,188400.26,315
APPTION,357212.89,871110.94,15
APRON FUEL SERVICES,29725.24,31312.72,65
APS AVIATION,1269581.17,1900354.74,8
AQUA GUARD SPILL RESPONSE,930046.77,1416196.08,5
AQUA LUNG CANADA,23103.54,23103.54,7
AQUATIC INFORMATICS,102586.88,407766.01,15
ARCADIS CANADA,142226.39,181880.26,215
ARCHITECTURE 49,474467.18,685353.63,104
ARCHITECTURE EVOQ,1160013.38,4254128.15,31
ARCTIC CANADA CONSTRUCTION,1164445.17,1472260.84,5
ARDENT GLOBAL,7757708.97,7757708.97,2
ARI FINANCIAL SERVICES,27834.89,31463.12,579
ARISGLOBAL,923550.92,1687185.93,4
ARMSERV CONTRACTING,846816.00,881619.79,6
ARNASON INDUSTRIES,1087534.97,1092855.85,2
ARRM ELECTRIC,109049.24,134209.10,6
ARTEMP PERSONNEL SERVICES,90363.88,112737.34,197
ARTEX SPORTSWEAR,464241.60,720297.71,14
ARUP CANADA,9869426.16,10869426.16,2
ASBEX,196740.06,229136.24,85
ASC GERMANY,228383.66,233625.56,6
ASML US,76747.41,79361.31,31
ASOKAN BUSINESS INTERIORS,54874.52,58752.75,320
ASPEN PHARMACARE CANADA,4927984.24,3204320.00,1
ASSOCIATED ENGINEERING,195087.29,303000.76,76
ASSOCIATION CANADIENNE POUR LA SANTE MENTALE SECTION SAGUENAY,318844.00,2170302.67,2
ATCO,355819.44,317865.39,268
ATIRA WOMENS RESOURCE SOCIETY,578742.37,1411651.87,3
ATKINSON CONSTRUCTION,6070306.54,6068104.40,2
ATLANTIC BUSINESS INTERIORS,33486.97,39478.11,154
ATLANTIC HUMAN SERVICES,942153.38,3466694.28,2
ATLANTIC ROAD CONSTRUCTION AND PAVING,1440351.94,1719795.15,5
ATLANTIC ROOFERS,142650.06,142650.06,2
ATLANTIC TOWING,17917639.30,22530462.52,7
ATLANTICA MECHANICAL CONTRACTORS,184961.04,216664.02,19
ATS SERVICES,520895.31,578890.15,22
ATS TRAFFIC ALBERTA,176925.83,257498.42,20
ATWILL MORIN,2784590.42,3177539.79,10
AV NUNAVUT FUELS,7970037.64,7970037.64,1
AV TECH,125058.80,129522.56,136
AVENAI,257661.57,375111.40,10
AVI SPL,55992.99,56849.30,663
AVJET HOLDING,79952.69,82646.19,45
AVMAX AVIATION SERVICES,210362.02,212158.77,38
AVONDALE CONSTRUCTION,2616388.86,2803068.13,18
AXYS TECHNOLOGIES,67553.80,105102.36,66
AZIMUTH CONSULTING GROUP,859813.57,987481.98,9
B BRAUN OF CANADA,4958257.15,4958257.15,1
B L ASSOCIATES,1482419.47,1771589.13,5
B R ENTERPRISES,1246508.77,1299688.34,15
B T L CONSTRUCTION,13397738.97,44955720.13,1
BABEL STREET,274474.43,581583.09,9
BAE SYSTEMS,86303.86,86303.86,2
BAHLER BIOGAZ,1156191.42,1203740.19,2
BAJA CONSTRUCTION CANADA,603554.80,622162.36,11
BALODIS,624926.15,612274.11,10
BANCTEC CANADA,1237874.24,2118362.27,18
BANFIELD SEGUIN,103766.37,395920.56,37
BARDON SUPPLIES,32051.65,33506.19,41
BARGREEN ELLINGSON,171860.74,181523.53,191
BARR ENGINEERING AND ENVIRONMENTAL,356517.74,413924.74,13
BARRIE MACKAY CONTRACTING,9172533.11,10231160.59,2
BARRY S BULLDOZING,106504.21,112377.31,42
BAUER HOCKEY,7345000.00,7345000.00,1
BAVARIAN NORDIC,2477785.45,20324829.90,1
BAXTER,1772669.55,1837142.33,9
BAY CONSTRUCTION MANAGEMENT,1780898.39,1919150.06,6
BAYSHORE HEALTHCARE,309856.13,374898.58,135
BC BORSTAL ASSOC,618000.00,4759722.49,1
BC HYDRO,172839.71,173723.78,29
BDO CANADA,195936.80,261361.99,328
BEAUDOIN CANADA,3557700.00,5030671.72,2
BEAVER AIR CHARTER CONSULTANTS,48868.95,48984.31,297
BECKMAN COULTER CANADA,47746.69,49710.50,122
BEE CLEAN BUILDING MAINTENANCE,59171.58,87623.50,33
BELL AND HOWELL CANADA,1543406.67,2132654.21,7
BELL CANADA,1194925.60,3681934.93,952
BELL DISTRIBUTION,401521.13,401521.13,9
BELL TEXTRON,590210.48,620123.73,291
BENNETT S CONSTRUCTION SUPPLIES,246950.29,238357.38,13
BERGEVIN ELECTRICAL CONTRACTING,2528374.28,2877495.30,2
BERLITZ CANADA,17494.95,20272.94,190
BERVIN CONSTRUCTION,2081014.69,2307025.22,8
BEST BUY HOUSING,2114330.57,2114330.57,1
BEST SERVICE PROS,30509.32,56589.02,2
BEVA GLOBAL MANAGEMENT,45045.91,55991.20,49
BGLA,164391.84,483350.07,14
BIGHORN CONSTRUCTION,1046245.44,1205819.04,7
BIGHORN HELICOPTERS,59862.17,68879.84,107
BIO CHAMBERS,218560.53,218560.53,12
BIO NUCLEAR DIAGNOSTICS,4030603.29,3825437.15,19
BIO RAD LABORATORIES CANADA,33592.48,35104.11,145
BIOKINETICS AND ASSOCIATES,19865.40,19865.40,1
BIOMERIEUX CANADA,1175533.71,1375257.57,37
BIRD CONSTRUCTION COMPANY,8071787.82,8691139.88,5
BIRON GROUPE SANTE,68310503.10,68310503.10,1
BIRTZ BASTIEN ARCHITECTES,358625.87,676928.38,9
BISSON FORTIN ARCHITECTURE,215681.31,363420.62,20
BLACK DIAMOND PARTNERSHIP,271791.16,513258.95,8
BLACK MCDONALD,462072.44,600452.68,142
BLACKBERRY,647914.76,671992.94,58
BLOOMBERG FINANCE L P,89173.76,110699.65,32
BLUE COLLAR SILVICULTURE,1763589.45,1758195.44,2
BLUEDOT,567261.22,763980.14,7
BLUEWAVE ENERGY,62151.97,66366.75,83
BLUMETRIC ENVIRONMENTAL,69293.99,90795.04,149
BLUNDEN CONSTRUCTION 1995,25282.75,25800.25,2
BMC SOFTWARE,2103173.11,2697486.52,7
BMC SOFTWARE CANADA,2405782.43,4113853.32,38
BMT FLEET TECHNOLOGY,25882.41,26382.86,24
BOEHM HOTEL,6517665.00,6500513.76,1
BOLESS,10930916.71,12835895.50,6
BOLLORE LOGISTICS,42011.72,42618.29,195
BOMBARDIER,44622.38,44728.63,177
BOMIMED,6124051.01,6285434.50,2
BOUTHILLETTE PARIZEAU,67458.19,86311.53,116
BOYD MOVING STORAGE,109262.18,110121.70,95
BRAGG COMMUNICATIONS,3122865.57,15328827.90,2
BRANDT TRACTOR,144385.70,144330.24,35
BRAWN CONSTRUCTION,334106.74,485795.52,13
BRECKENHILL,80638.03,90317.29,65
BREMNER ENGINEERING AND CONSTRUCTION,627699.60,642018.96,7
BRETON MICHEL MD,489958.52,1889590.84,10
BRIAN G INNES SCHOUTEN EXCAVATING,884893.33,954743.91,3
BRIDGES OF CANADA,2507218.53,2624286.93,21
BRILUN CONSTRUCTION,377709.27,616136.05,11
BRIQUETAL,2243055.09,3221683.79,5
BRITTON ELECTRIQUE,2924102.84,3164301.03,2
BROADNET TELECOM,302359.08,342017.13,46
BROADWATER INDUSTRIES,507764.00,550205.27,23
BRONSWERK MARINE,168884.90,211395.18,10
BRONTE CONSTRUCTION,5650000.00,29222553.39,1
BROOK CONSTRUCTION,1549494.52,1632325.97,6
BROOKFIELD ASSET MANAGEMENT,135095.18,136307.47,13
BROOKFIELD GLOBAL INTEGRATED SOLUTIONS,26949321.88,42557289.35,380
BROOKS CORNING COMPANY,26575.80,28077.72,130
BRS INNOVATIONS,161687.55,589378.54,11
BRUKER,81296.27,87504.89,88
BUBBLE TECHNOLOGY INDUSTRIES,1031336.42,1081698.96,4
BUDGELL S EQUIPMENT RENTALS,3761928.88,3769482.38,2
BUILDON CONSTRUCTION,328718.94,336234.32,28
BULLDOG CONTRACTING,548342.97,699707.67,10
BUNZL CANADA,206740.39,230350.39,17
BUREAU NATHALIE,664193.83,1204740.00,6
BUREAU VERITAS,185328.99,218237.04,367
BURSEY EXCAVATING DEVELOPMENT,887297.58,1030738.89,10
BUTTCON,4147072.69,6537401.71,6
C CORE,123816.92,175743.72,15
C D NOVA TECH,135882.40,224548.77,11
C2D SERVICES,8565321.90,11106277.05,1
CA,5526619.70,5617825.33,18
CACHE COMPUTER CONSULTING,422059.66,706633.48,220
CACTUS SHIP REPAIR,235607.38,266726.16,18
CADEX,19243.62,19243.62,2
CAE,10127187.70,10662145.34,30
CAHILL,307066.19,305301.54,9
CALIAN,253687.09,420486.51,580
CALKO GROUP,8133062.00,10540593.26,2
CALTRIO COMPANY,145459.52,515460.42,17
CALYTERA SOFTWARE,71157.40,104396.94,32
CAMPBELL DRUG STORES,165206000.00,165206000.00,1
CAMPBELL SCIENTIFIC CANADA,38737.54,60730.02,137
CAN AM PLATFORMS CONSTRUCTION,1414750.84,2290340.77,6
CAN TEC SERVICES,63218.73,70533.82,41
CANADA COACH LINES GROUP,3146827.85,6293655.70,1
CANADA FBM 2020,1621385.57,2422800.54,1
CANADA FRANCE HAWAII TELESCOPE,610167.87,692350.24,5
CANADA POST,45642.48,99714.23,248
CANADENSYS AEROSPACE,582014.31,609927.37,8
CANADIAN BANK NOTE COMPANY,40860367.66,55821640.62,18
CANADIAN BUREAU FOR INTERNATIONAL EDUCATION,6885243.22,7992480.09,8
CANADIAN COMMERCIAL,2303244.00,2303244.00,2
CANADIAN CORPS OF COMMISSIONAIRES,298301.53,315855.08,4542
CANADIAN DEVELOPMENT CONSULTANTS,186415.63,207793.57,43
CANADIAN EMERGENCY VENTILATORS,169500000.00,169500000.00,1
CANADIAN FISHING COMPANY,1559912.81,1863508.55,4
CANADIAN HEALTH CARE AGENCY,386280.00,386280.00,12
CANADIAN HELICOPTERS,85069.58,58060.73,268
CANADIAN LEASEBACK,149672.56,172256.15,183
CANADIAN MARITIME ENGINEERING,293400.95,350238.26,130
CANADIAN NORTH,181512.67,195491.43,26
CANADIAN NUCLEAR LABORATORIES,112777.84,112777.84,1
CANADIAN PAEDIATRIC SOCIETY,3411560.87,6935019.96,4
CANADIAN RED CROSS,4300501.91,10093565.58,13
CANADIAN STANDARDS ASSOCIATION,162459.69,159590.13,50
CANADIAN VETERANS VR SERVICE,36033141.71,36033141.71,1
CANADYNE TECHNOLOGIES,485214.12,1925762.95,4
CANAM PONTS CANADA,4667875.71,4667875.71,3
CANDESTO ENTERPRISES,967815.98,2196317.21,1
CANMEC,8470908.27,8434342.12,1
CANON,38440.89,41980.52,669
CANSEL SURVEY EQUIPMENT,33018.56,33362.92,115
CANTEX OKANAGAN CONSTRUCTION,2751635.94,2859348.44,3
CARAHSOFT TECHNOLOGY,203360.08,224999.70,272
CARDINAL HEALTH CANADA,47228.23,54326.20,75
CAREWORX,178038.87,178038.87,27
CARLETON ELECTRIC,400509.43,433659.99,26
CARLETON UNIVERSITY,57689.94,66716.27,164
CARMACKS ENTERPRISES,8186853.96,9493568.46,1
CARMICHAEL ENGINEERING,29825.18,33406.40,59
CARO ANALYTICAL SERVICES,262458.24,260378.92,40
CARON PROFESSIONAL LINGUISTIC,22519.14,24275.72,160
CARSWELL,430064.80,710354.81,26
CARTEL COMMUNICATION SYSTEMS,815199.23,791445.24,7
CASCADE AEROSPACE,14335.18,14335.18,1
CASCADE COLLEGE,2971000.00,2971000.00,1
CASP AEROSPACE,16144.52,20290.68,2
CASSELMAN WOODCRAFT,26480.73,26610.76,180
CATHOLIC SOCIAL SERVICES,379182.38,3028398.49,5
CBC,966919.80,1053013.09,4
CBCI TELECOM,63076.70,68050.31,671
CBCL,78061.84,104262.16,238
CBRE,188176.91,213966.44,28
CCM CONSTRUCTION,2364237.87,2593204.24,3
CCR CONSTRUCTION,5503629.34,7596668.80,4
CDCI RESEARCH,65733.01,96371.09,69
CDW CANADA,133048.19,206534.93,827
CEGERCO,5494106.20,5793471.62,1
CELEB CONSTRUCTION,1344494.66,4291218.16,5
CELLEBRITE,551220.33,1195496.25,5
CENTRE RESIDENTIEL COMMUNAUTAIRE JOLIETTE LANAUDIERE,357496.88,2596592.11,2
CENTURY GROUP,874826.40,912942.83,3
CEPHEID,44652950.75,44653825.75,3
CERIDIAN,5685298.87,11307708.05,3
CGI,841355.38,1352786.44,260
CH2M HILL CANADA,1426065.87,1949928.40,6
CHANDOS CONSTRUCTION,4647017.80,3387221.56,6
CHANNEL MANAGEMENT INTERNATIONAL,468727.18,499057.20,11
CHANTIER DAVIE CANADA,101165442.26,128131212.40,7
CHANTIER NAVAL FORILLON,10071812.87,16857034.22,4
CHARRON HUMAN RESOURCES,27709.77,53481.12,100
CHARTER TELECOM,2108504.76,5526949.27,5
CHEF BRANDZ,24588.26,24738.10,12
CHEMICAL ABSTRACTS SERVICE,340135.48,668883.88,12
CHEVRON,47104.85,45705.39,39
CHIMO CONSTRUCTION,1959945.93,2086703.59,2
CHRISTIAN LAROCQUE SERVICES,131310.68,154925.67,29
CHRONO AVIATION,33784.39,34328.97,105
CHU SAINTE JUSTINE,708370.22,1389470.29,11
CHUBB EDWARDS,112410.04,136452.26,129
CIMA,246549.97,313727.91,140
CIRCLE OF EAGLES LODGE SOCIETY,1624666.67,3981254.37,3
CISION CANADA,64620.37,85549.46,286
CISTEL TECHNOLOGY,414118.01,737282.84,230
CITRIX,1152599.89,1708369.25,17
CIVIX,40000.00,40000.00,1
CLARIANT CANADA,44249.95,44249.95,28
CLEAN WORKS,530022.54,1094323.65,2
CLEANMATTERS JANITORIAL SERVICES,259144.40,771681.20,16
CLEARWATER STRUCTURES,4318745.30,4913933.69,2
CLERMARK,420183.75,420183.75,1
CLICK NETWORKS,563887.83,665335.03,215
CLOSEREACH,165132.80,279971.08,92
CO VEN,3628000.00,4099640.00,1
COADY CONSTRUCTION EXCAVATING,1286756.19,1420266.71,17
COASTAL RESTORATION MASONRY,240995.07,355307.50,35
COCO PAVING,21809.00,21809.00,1
COFOMO,434032.83,708979.72,401
COLLIERS PROJECT LEADERS,1561432.32,2671149.26,138
COLOGIX,139051.49,5131070.29,1
COLT CANADA,161701.95,162991.69,93
COLUMBIA FUELS,96189.75,96277.10,199
COMBAT NETWORKS,106808.41,252934.21,244
COMMPOWER,2729769.17,3652324.38,2
COMMUNICATIONS POWER,3540912.05,4416621.91,2
COMMUNITECH,23551.89,23551.89,4
COMMVAULT SYSTEMS,1505971.82,2340538.52,19
COMNET NETWORKS AND SECURITY,249663.48,299063.18,12
COMPAGNIE AMPLEXOR CANADA,175531.47,199345.59,57
COMPOSITION STE FOY,118390.28,185039.57,20
COMPUCOM CANADA,760883.18,769499.38,249
COMPUGEN,257679.00,271977.86,435
COMPUTER ASSOCIATES CANADA,25452074.42,33085098.64,5
COMPUTERSHARE INVESTOR SERVICES,65192198.55,58789656.71,8
CON PRO INDUSTRIES CANADA,2651274.45,2944835.43,14
CONCEPT CONTROLS,38940.88,40424.19,54
CONEXSYS,240239.44,259003.93,78
CONFECTION AVENTURE,14690000.00,15084720.00,1
CONFERENCE BOARD OF CANADA,34383.89,39229.11,168
CONNECTIVE SUPPORT SOCIETY,718498.06,1522668.69,7
CONNEX TELECOMMUNICATIONS,208268.85,258869.02,23
CONOSCENTI TECHNOLOGIES,148126.81,339682.87,17
CONSORTIUM OF CARE CANADA,5649002.21,6104571.90,1
CONSTRUCTION BENOIT MOREAU,1707304.02,1707304.02,2
CONSTRUCTION BLANCHARD ET,2684497.32,2943250.39,2
CONSTRUCTION BUGERE,1222950.73,1397006.16,10
CONSTRUCTION COTE FILS,757685.25,888171.03,1
CONSTRUCTION COUTURE TANGUAY,2012062.50,2012062.50,1
CONSTRUCTION CYBCO,9240881.64,11969534.35,6
CONSTRUCTION DEMATHIEU BARD,14340765.33,19185061.86,6
CONSTRUCTION DERIC,1183955.52,1685646.58,13
CONSTRUCTION IRENEE PAQUET FILS I,1478930.96,1774817.77,3
CONSTRUCTION J R SAVARD,4865346.73,6213829.24,2
CONSTRUCTION JESSIKO,493633.88,530106.00,6
CONSTRUCTION LFG,3460878.05,4111412.25,14
CONSTRUCTION RIC,6276869.27,7278176.30,1
CONSTRUCTION SIMDEV,3767466.24,4387751.06,2
CONSTRUCTION SOCAM,2836438.42,3516192.21,5
CONSTRUCTIONS BSL,1200487.32,1433898.28,6
CONSTRUCTIONS RENAUD VIGNEAU,96092.28,102129.94,21
CONTRACT COMMUNITY,168523.41,195419.89,90
CONTROLLED ENVIRONMENTS,145471.34,145187.07,34
CONTROLS EQUIPMENT,71263.78,73708.45,42
CONVERGINT TECHNOLOGIES,84147.73,75367.12,139
CONVERSART CONSULTING,27553.25,28507.25,112
COPCAN CIVIL,448227.75,512006.76,7
COPCAN CONTRACTING,593244.04,574798.88,6
CORADIX TECHNOLOGY CONSULTING,243831.56,386333.98,407
CORBEL MANAGEMENT,24370187.22,28093529.34,5
CORCAN,92877.88,92877.88,6
CORNERSTONE COMM ASSOC DURHAM,902574.50,3394740.85,2
CORPORATION PROFESSIONNELLE DR SERGE LANDRY PROFESSIONAL,686787.92,4274739.14,1
CORRECTIONAL SERVICES OF CANADA,161643.96,160750.98,17
COSSETTE COMMUNICATIONS,518271.85,822309.84,574
COTTON CANDY MISSISSAUGA,30835.36,31155.53,136
COUGAR ENGINEERING CONSTRUCTION,3831416.67,4169016.62,3
COUPLAND KRAEMER ARCHITECTURE,152797.00,204546.11,27
COUVERTURE MONTREAL NORD,243903.84,267327.30,16
COVERTITE EASTERN,534752.20,567857.98,9
COWATERSOGEMA,11880915.94,11335583.32,13
COWI NORTH AMERICA,296667.26,300651.63,82
CPCS TRANSCOM,130867.93,143424.14,52
CRANDALL ENGINEERING,279185.33,617906.06,31
CRC CURE LABELLE,707957.64,3658339.70,2
CRC D ATNQ,307028.31,1121457.58,6
CRESTLINE COACH,109135.00,109135.00,1
CRUICKSHANK CONSTRUCTION,3277182.65,4096284.37,4
CRYPTOMILL TECHNOLOGIES,615644.74,615644.74,1
CSDC SYSTEMS,56552.49,74725.49,93
CSI CONSULTING,99624.27,167808.38,13
CSI LEASING CANADA,146497.49,146497.49,2
CTOMS,64859.22,68827.08,86
CUBE CONSTRUCTION,749685.75,838690.65,6
CUBIC DEFENSE APPLICATIONS,19047.35,19047.35,2
CULLEN DIESEL POWER,319244.68,319512.50,42
CUMMINS CANADA,135976.12,151857.52,87
CUSTOM HELICOPTERS,63869.40,78324.68,68
CWP CONSTRUCTORS,1784425.61,1896351.54,10
CYMI CANADA,19676895.00,23012723.22,1
CYTELLIGENCE,11300000.00,11300000.00,1
D BREAU ET FILS,2042347.10,2430244.29,1
D DOYLE INSTALLATIONS,32489.09,41591.27,167
D F BARNES,437926.59,791787.13,3
D F S,456691.65,759340.38,49
D H PARTNERSHIP,278424156.82,619108855.00,2
D MARK BIOSCIENCES,140882.18,148945.61,36
D2L,50683.65,1500675.02,7
D4IS SOLUTIONS,655016.75,940913.88,19
DAIMLER,31635.37,31635.37,1
DALCON CONSTRUCTORS,1089750.50,719593.16,4
DALHOUSIE UNIVERSITY,122760.21,117645.45,93
DALIAN ENTERPRISES,426337.48,586856.32,145
DANA HOSPITALITY PARTNERSHIP,3384094.54,3384094.54,1
DANIEL CREPEAU,348296.12,421357.82,17
DARE HUMAN RESOURCES,93799.11,97253.96,82
DASCO EQUIPMENT,55369.56,55683.32,237
DASCO STORAGE SOLUTIONS,24815.40,24875.58,68
DATA CENTRE INTELLIGENCE,266432.52,372067.32,18
DATA COMMUNICATIONS MANAGEMENT,358531.43,374667.48,100
DATA REPRO COM,103124.61,208660.65,21
DATIFEX,793197.86,843228.86,2
DATUM MARINE SERVICES,1733602.00,2893478.46,3
DAVID S LAFLAMME CONSTRUCTION,4391210.09,4746254.95,3
DAVTAIR INDUSTRIES,30563.94,30563.94,3
DAWSON CONSTRUCTION,4555374.01,5161309.65,6
DBC MARINE SAFETY SYSTEMS,99394.63,111668.41,16
DCL CONSTRUCTION SERVICES,1471114.25,1524015.45,11
DE ANGELIS CONSTRUCTION,8402212.18,17062961.15,1
DEAN CONSTRUCTION COMPANY,1877674.51,1935546.18,4
DECISIVE GROUP,678222.44,714881.93,260
DECONTIE MILESTONE,1601436.00,2038689.50,1
DEFRAN,382824.61,460267.35,17
DELCO AUTOMATION,165843.01,176697.80,128
DELL COMPUTER,175107.25,207469.64,477
DELOITTE,711158.72,1279789.42,690
DELTA PHOTONICS,75581.64,92088.03,23
DEVLIN CONSTRUCTION,3830515.61,5297448.66,1
DEW ENGINEERING,514366.87,593936.95,8
DEXTER CONSTRUCTION,1702797.98,1843379.96,45
DEXTERRA,1159987.19,2134982.05,5
DF BARNES SERVICES,402127.65,546171.61,18
DHL EXPRESS CANADA,295609.65,321354.58,49
DIAMOND AND SCHMITT ARCHITECTS,2311007.91,4826221.79,14
DILIGENS,207263.32,304257.63,25
DILLON CONSULTING,82189.05,99198.56,504
DIRECT ENERGY BUSINESS,330289.40,297028.98,3
DISMAS SOCIETY,937628.07,3714734.87,2
DLS TECHNOLOGY,171041.98,182304.05,74
DMTI SPATIAL,99435.06,117974.16,35
DNR CONSULTING GROUP,334461.45,334461.45,64
DOLOMITE NETWORKS,239735.48,481758.90,16
DOLYN CONSTRUCTION,3340280.00,3447900.58,1
DOMINION CONSTRUCTION,511990.60,490295.76,6
DOMUS BUILDING CLEANING,213815.59,782109.56,27
DONALD J FRASER,540788.50,4543435.85,1
DONALD SERVANT ELECTRIC,567764.06,647357.95,12
DONNA CONA,454756.13,702675.43,384
DR DAVID LESAGE,258864.88,939481.38,7
DR FERNANDO VILLASENOR,461420.88,965030.05,5
DR MANDEEP SAINI,1500000.00,2750000.00,2
DR NADER SHARIFI,578936.25,1107497.40,4
DR S ISKANDER,1273600.00,2440266.67,3
DRAEGER,779193.67,888218.98,13
DRAGAGE IM,1777818.13,1001461.76,9
DRAGAGE OCEAN DSM,5473698.41,5721847.28,14
DRAPEAUX ET BANNIERES L ETENDARD,256559.87,686107.06,7
DRASTIC FISHERIES,672700.00,810700.00,3
DREAM OFFICE,136316.72,205010.38,22
DSS MARINE,478421.13,732970.73,21
DST CONSULTING ENGINEERS,58632.43,67931.35,202
DSV,53469.73,53479.96,109
DUFFERIN CONSTRUCTION COMPANY,8651.28,12052.24,1
DWP SOLUTIONS,261484.19,596545.68,9
DXB PROJECT MANAGEMENT,3589595.40,9300000.00,1
DYMECH ENGINEERING,34448.83,38213.27,17
DYNABOOK CANADA,603613.53,675407.13,108
DYNACARE,874880.62,1523190.08,141
DYNAMIC CONSTRUCTION,715460.38,696065.05,10
DYNAMIC FACILITY SERVICES,90835.71,210889.93,7
DYNAMIC PERSONNEL CONSULTANTS,47601.50,65746.19,140
DYNAMITE CONSTRUCTION,927114.09,1196670.88,2
E CONSTRUCTION,2006773.11,2070517.02,6
E D BRUNET ET ASSOCIES CANADA,11436563.25,21504668.15,1
EAGLE PROFESSIONAL RESOURCES,838094.10,1411526.83,33
EAST ELGIN CONCRETE FORMING,684088.19,758935.83,7
EASTPOINT ENGINEERING,76400.16,99630.55,28
EBC,9012125.56,9878383.29,3
EBERHARD VON HUENE ASSOCIATES,104256.50,107118.65,57
EBSCO CANADA,172926.93,245551.12,206
ECLIPSYS SOLUTIONS,272714.31,383428.64,254
ECO TECHNOLOGIES,194530.81,193122.85,59
ECOLE DE LANGUES ABCE,20626.24,23202.96,497
ECOLE DE LANGUES EAGLE,21580.04,23287.89,162
ECOLE DE LANGUES LA CITE,43536.98,65670.91,194
ECOPIA TECH,1170660.31,1170660.31,4
EDWARD COLLINS CONTRACTING,347182.92,405857.63,16
EFFIGIS GEO SOLUTIONS,112580.35,116522.24,27
EIFFAGE INNOVATIVE CANADA,10481115.21,10939144.10,8
EKOS RESEARCH ASSOCIATES,102311.36,103428.86,95
ELBIT SYSTEMS,31999994.00,31999994.00,1
ELEMENTAL DATA COLLECTION,235311.74,382916.26,7
ELITE CONSTRUCTION,7696373.50,10394592.54,1
ELITE ENVIRONMENTAL GROUP,35849.72,37753.08,104
ELIZABETH FRY SOCIETY,318012.29,1534491.94,27
ELLISDON,10269859.73,40090409.86,20
ELSEVIER,225919.12,290878.29,119
EMCON SERVICES,630196.48,663675.03,41
EMERGENT BIOSOLUTIONS,137493.99,332509.59,82
EMIL ANDERSON CONSTRUCTION,5118172.84,5514502.78,5
EMMANUEL CONSTRUCTION SERVICES,2182074.52,2576650.82,5
EMMONS MITCHELL CONSTRUCTION,140120.00,256281.60,2
EMPOWERED NETWORKS,218826.41,514228.57,36
EMS TECHNOLOGIES,36700438.27,166147154.96,1
EMTEC,137254.92,241588.41,32
ENERGERE CONSULTANTS,4402285.53,8373964.52,2
ENGLOBE,165645.89,193629.26,582
ENTREPRISE CLAVEAU,3538049.60,3894828.67,2
ENTREPRISE DE CONSTRUCTION T E Q,22083564.44,26264659.07,1
ENTRUST,454493.88,465573.08,62
ENVELOPPE CONCEPT,301381.17,332560.46,19
ENVIRONICS RESEARCH GROUP,121679.96,126459.20,75
ENVIROSAFE JANITORIAL,121983.23,569542.05,2
ENVIROSERVICES,57924.03,67230.77,58
EPERFORMANCE,120202.63,210199.73,32
EPIK TAAHHUT SANAYI IC VE DIS,2398749.47,2512794.55,1
EQUASION BUSINESS TECHNOLOGIES CONSULTING AND WATERSHED ITS IN CJV,772761.80,2270193.40,2
ERNST YOUNG,289476.66,381126.09,244
ESBE SCIENTIFIC INDUSTRIES,786052.15,798748.92,69
ESRI,105653.60,113964.15,486
ETHIOPIAN AIRLINES GROUP,645564.74,645564.74,8
EUROVIA QUEBEC CONSTRUCTION,2060179.18,2858272.07,4
EVALUATION PERSONNEL,77822.55,90633.29,38
EVALUATION PERSONNEL SELECTION,46984.16,61929.07,121
EVEREST CONSTRUCTION MANAGEMENT,3093237.50,3328713.30,5
EVOLUTION ROOFING,2827275.00,3436921.22,1
EVRIPOS JANITORIAL SERVICES,187429.56,393207.33,13
EXACT LEGAL TRANSLATIONS,273196.27,316250.91,23
EXCAVATION LOISELLE,2171717.87,2451228.49,5
EXCAVATION RENE ST PIERRE ENG,9552813.50,10139727.19,2
EXCAVATIONS DARCHE,830949.62,931075.84,3
EXCEL 7,217875.00,274826.55,1
EXCEL HUMAN RESOURCES,134301.54,202523.93,1374
EXIT CERTIFIED,33256.02,34188.96,41
EXP ARCHITECTS,214272.35,250342.58,33
EXP SERVICES,87018.83,104415.09,117
EXPRESS SCRIPTS CANADA,180462315.13,257300562.14,2
EXTRON ELECTRONICS RGB SYSTEMS,101976.19,99959.54,43
FACCA,2238951.73,2552256.08,6
FACTIVA,133916.03,199688.26,57
FAIRBANKS MORSE ENGINE,97779.80,104212.20,287
FARMER CONSTRUCTION,5276845.35,5479499.46,1
FAST FORWARD FRENCH,20129.32,21630.46,504
FAST TRACK STAFFING,31400.05,33245.45,198
FASTENAL,18010.79,18647.14,10
FCA CANADA,144969.82,149939.12,375
FDF GROUP,43490.36,39869.75,5
FEAST INTERACTIVE,355582.35,650133.76,16
FEDERAL EXPRESS CANADA,2004725.96,2011492.51,46
FELIX TECHNOLOGY,236549.71,244204.22,118
FERENCE COMPANY CONSULTING,122374.70,126392.11,64
FIA GROUP,1940653.93,2292954.96,7
FIDELITY ENGINEERING CONSTRUCTION,1066971.74,1394892.90,2
FIELD AVIATION COMPANY,85066.05,85782.40,33
FINNING INTERNATIONAL,82427.92,71302.77,78
FIRST AIR,105211.32,206123.27,28
FIRST PEOPLES INFRA,7543652.81,7681529.90,2
FIRSTCHOICE GROUP CANADA,901422.48,901422.48,3
FISH FOOD AND ALLIED WORKERS,420837.32,428267.08,15
FISHER PAYKEL HEALTHCARE,2217902.51,3093444.22,3
FLEETWAY,42303.57,44523.92,11
FLEX KNIT,55363.03,54112.38,126
FLIGHT FUELS,33886.00,34118.78,99
FLIGHTSAFETY CANADA,188338.53,649375.53,6
FLOYD S CONSTRUCTION,687984.16,711154.32,35
FLUID ENERGY GROUP,36748747.28,38671515.36,3
FLYNN CANADA,86029.20,87772.88,17
FMC PROFESSIONALS,136432.43,189788.00,38
FONDATION CARREFOUR NOUVEAU MONDE,1820518.77,3379034.72,2
FORD MOTOR COMPANY,208580.54,214527.27,1454
FORREST GREEN CONSULTING,712360.48,3765835.03,2
FORRESTER RESEARCH,134550.45,136554.21,78
FORT GARRY FIRE TRUCK,15208.20,15208.20,2
FOURNIER CONSTRUCTION INDUSTRIELLE,2656428.25,2720152.42,2
FOWLER BAULD MITCHELL,253242.06,483264.71,9
FOXIT SOFTWARE,956597.10,956597.10,9
FRANCIS CANADA TRUCK CENTRE,420747.29,417074.84,10
FRANNAN INTERNATIONAL,11125922.00,11125922.08,3
FRASER RIVER PILE DREDGE,10208207.30,11357988.69,5
FRECON CONSTRUCTION,318660.00,357088.74,2
FREEBALANCE,87385.53,103625.25,97
FREQUENTIS CANADA,441225.53,665868.50,12
FRESENIUS KABI CANADA,1122426.05,1556715.04,4
FROSTI FISHING,1679937.00,1679937.00,5
FSA ARCHITECTURE,328403.90,378292.01,12
FSC,1206388.49,1211867.06,7
FTI PROFESSIONAL GRADE,237300000.00,237300000.00,1
FTS FOREST TECHNOLOGY SYSTEMS,45986.04,46006.97,92
FUGRO GEOSURVEYS,782747.29,808121.85,12
FUJITSU,1233109.55,2953417.90,48
FUNDY CONTRACTORS,586750.12,631373.17,30
FVB ENERGY,408899.14,482367.00,67
G A L POWER SYSTEMS OTTAWA,126259.95,145930.04,32
G BIRD HOLDINGS,2342546.14,2530879.48,3
G4S SECURITY SERVICES,1261048.72,2139980.48,43
GABRIELA OLIVEIRA,5605.03,56258191.97,1
GAGNON LETELLIER CYR RICARD,2185425.26,2517335.56,6
GALA SLACKS,250848.22,547618.34,9
GALENVS SCIENCES,2866285.02,2866285.02,4
GAMBLE TECHNOLOGIES,67491.36,94616.01,45
GANNON BLACKBURN ELECTRIC,175581.38,195172.54,20
GAP WIRELESS,46322.48,46364.86,40
GARDA SECURITY GROUP,2073675.24,2510135.58,83
GARTNER,222261.65,224379.80,1036
GAT INTL LOCALIZATION SERVICES,321531.75,367662.07,24
GATESTONE,1997221.56,4239004.04,19
GATEWAY MECHANICAL SERVICES,109378.58,138293.89,83
GAUDETTE S TRANSIT MIX,839570.35,924738.41,12
GC STRATEGIES,435982.90,669178.71,112
GDI SERVICES,4048173.15,474045.14,59
GEMALTO COGENT,79912.15,81121.47,42
GEMMA PROPERTY SERVICES,513701.14,590804.13,20
GEMTEC,64388.10,97806.74,229
GENERAL DYNAMICS,350534.11,446609.62,119
GENERAL ELECTRIC CANADA,112733.22,137099.06,67
GENERAL MOTORS,282256.49,219376.54,927
GENESIS INTEGRATION,64342.74,64513.78,333
GENOME QUEBEC,25907.59,28003.01,271
GEORGE COUREY,9934601.25,9935970.07,4
GEOSPECTRUM TECHNOLOGIES,685110.76,685110.76,3
GEOTAB,143776.61,143776.61,24
GESTION AJ,1122035.40,1196018.99,13
GETINGE CANADA,354438.21,553131.31,40
GFL ENVIRONMENTAL,29414.85,44429.03,53
GHD,31797.58,32651.86,282
GILMORE PRINTING SERVICES,26795.85,37723.09,27
GILMORE REPRODUCTIONS,203376.02,244613.40,58
GINO PELLETIER FOREX MALI DIELY MOUSSA KOUYATE GID,7407616.42,7407616.42,1
GLAMOX CANADA,869991.26,19929.64,13
GLASSHOUSE SYSTEMS,384904.94,385108.97,80
GLAXOSMITHKLINE,6418948.04,6392012.65,26
GLENCAIRN EDUCATIONAL SERVICES,693085.83,1942135.89,5
GLOBAL KNOWLEDGE,33249.96,40801.89,176
GLOBAL LIFE SCIENCES SOLUTIONS,275341.48,280601.87,70
GLOBAL TOTAL OFFICE,52889.29,72801.73,115
GLOBAL UPHOLSTERY,42609.84,41580.53,364
GLOBE AND MAIL,231260.49,477674.53,11
GM DEVELOPPEMENT,2115779.27,2115779.27,4
GO DEEP INTERNATIONAL,96785.47,92180.88,129
GOLDER ASSOCIATES,271572.85,490261.96,357
GOOGLE CANADA,156201.78,174821.85,22
GORDON FOOD SERVICE,36986.30,37765.18,138
GOSS GILROY,101708.76,111384.07,144
GOVAN BROWN ASSOCIATES,2309918.87,2724113.98,2
GOVERNMENT OF ALBERTA,439636.15,895762.08,25
GOVERNMENT OF SASKATCHEWAN,45036.04,58168.27,8
GOVERNMENT OF THE NWT,4229250.00,4759000.00,2
GQ LIFE SCIENCES,1080088.97,1496075.56,2
GRAEBECK CONSTRUCTION,926200.00,1330591.89,2
GRAHAM CONSTRUCTION,4930584.06,5772984.31,11
GRAND TOY,44206.42,44231.58,208
GRANITE MANAGEMENT,696964.78,723051.42,13
GRAW RADIOSONDES,5624440.66,6020349.66,2
GRAYBAR CANADA,25663.10,25868.69,72
GRAYBRIDGE INTERNATIONAL CONSULTING,63390.70,127619.20,644
GRAYMONT NB,77503.28,85906.35,61
GRC ARCHITECTS,563689.90,1023700.99,15
GREAT SLAVE HELICOPTERS,87438.26,127846.25,207
GREATER TORONTO AIRPORT AUTHORITY,2377404.64,7082481.99,8
GREEN LIGHT CONSULTING SOLUTIONS,760021.58,1215071.20,6
GREEN TIMBERS PARTNERSHIP,29028493.70,29847343.28,2
GREENDALE RESOURCES,174561.25,190112.24,27
GREENFIELD CONSTRUCTION,5580820.36,5898831.08,16
GREG VAN WYK PROFESSIONAL,600138.82,814922.11,10
GREY ROCK SERVICES,3718435.01,7171393.81,4
GRIFFIN ENGINEERED SYSTEMS,3451397.12,3592242.71,4
GRIFFON HOVERWORK,133542.63,125983.68,30
GROUPE ABS,217420.26,305209.33,21
GROUPE EDGENDA,120942.06,176044.37,27
GROUPE ENERGIE BDL,654877.11,649326.31,34
GROUPE ONSCOPE,6169157.14,13143097.34,2
GROUPE ROBERT,29495037.40,30333669.73,1
GSI INTERNATIONAL CONSULTING,7351290.87,7375393.61,7
GUILLEVIN INTERNATIONAL,34479.92,34649.10,50
GW REALTY,1214376.99,1324391.04,7
H H CONSTRUCTION,36401.44,36401.44,2
H J R ASPHALT,6038313.75,6143681.25,1
HALIFAX CITADEL SOCIETY,933794.38,1739875.67,3
HALIFAX INTERNATIONAL AIRPORT,1584053.13,2801730.63,1
HALPENNY INSURANCE BROKERS,79597.90,129408.71,31
HAMEL CONSTRUCTION,17142687.71,17952388.20,4
HAN CHANG MEDIC,873112.10,3084901.00,1
HARBOURSIDE ENGINEERING CONSULTANTS,139755.54,204503.78,89
HARNOIS ENERGIES,53893.64,53656.55,142
HASKONING UK,12633075.00,12633075.00,1
HASTINGS PAINTING,432055.50,516448.90,4
HATCH,205483.34,467774.74,21
HAWBOLDT INDUSTRIES,223222.09,228939.18,34
HAWORTH,59449.54,62055.13,188
HAZELWOOD CONSTRUCTION SERVICES,23031540.95,28307309.53,1
HDP GROUP,99386.06,151495.02,33
HEAVY METAL MARINE,386108.77,572749.50,27
HEDDLE MARINE SERVICES,1096394.93,1248356.48,56
HEILTSUK HORIZON MARITIME SERVICES,217957.37,236932.13,14
HELITRADES,90492.45,90539.10,74
HEMMERA ENVIROCHEM,879267.24,970188.64,29
HERCULES SLR,60783.15,306638.79,18
HERITAGE RESTORATION,754673.89,1116786.14,5
HEROLD ENGINEERING,87945.49,114087.06,54
HERRING CONSERVATION AND RESEARCH SOCIETY,1131900.00,1833953.62,4
HEWLETT PACKARD,1147543.02,9389590.60,87
HEXAGON,99112.73,109315.51,16
HIGHLANDS FUEL DELIVERY,117731.73,176998.56,13
HIGHLINE ELECTRIC P A,636959.29,734809.00,5
HIKE METAL PRODUCTS,23352730.10,24118113.32,6
HILTON BROTHERS CONTRACTING,2276820.79,2276820.79,1
HIPPERSON CONSTRUCTION,13980750.00,14161089.15,1
HITACHI DATA SYSTEMS,538391.90,755573.36,95
HITRAC,309921.20,316598.22,25
HOLLAND COLLEGE,480175.72,2245624.01,5
HOLMAN FENWICK WILLAN,144098850.00,144098850.00,1
HOLONICS,293365.18,733109.81,5
HOMEWOOD HEALTH,688526.52,772536.66,8
HONEY CONSTRUCTION,314063.16,420011.22,10
HONEYWELL,257944.15,320351.30,445
HOOTSUITE,101742.43,2106558.52,5
HORIZANT,73515.44,173744.72,66
HORSESHOE HILL CONSTRUCTION,7538229.88,7265059.68,1
HOSKIN SCIENTIFIC,36122.45,43670.10,546
HOULE ELECTRIC,323782.73,333451.51,41
HOUSE OF HOPE,484424.64,2251119.00,5
HOWARD HOUSE ASSOCIATION OF CAPE BRETON,551563.00,1928164.48,3
HOWDEN ROOTS,1027870.49,1047186.28,2
HR ASSOCIATES,34387.56,65975.10,49
HUBSPOKE,215698.86,376865.05,15
HUMAN LOGISTICS,688303.58,688303.58,3
HUMANSCALE CANADA,32671.52,33252.03,228
HUMANSYSTEMS,101811.90,101811.90,2
HYPERION CONSULTING,10236.57,10236.57,3
HYPERTEC,132443.88,151037.05,561
I M P GROUP,134693.62,147226.95,6
I4C INFORMATION TECHNOLOGY,332272.62,569313.25,43
IBI GROUP ARCHITECTS CANADA,1152889.14,1754670.18,12
IBISKA TELECOM,1066538.10,1423657.51,250
IBM CANADA,3325181.19,3792833.75,944
ICE DEVELOPMENT,4914000.00,5025466.20,1
ICEBERG NETWORKS,228790.96,273021.36,27
ICU MEDICAL CANADA,6439913.22,6439913.22,1
IDN CANADA,43013.10,43044.20,43
IDP GROUP,1040275.97,1143622.25,5
IDS SYSTEMS CONSULTANTS,96831.61,244901.22,13
IFATHOM,616456.60,647372.30,41
IHS GLOBAL,57018.04,67014.91,73
IIC TECHNOLOGIES,305294.35,307027.48,78
ILLUMINA CANADA,60652.28,62985.39,748
IMA NORTH AMERICA,2261978.89,2261978.89,1
IMP GROUP,497037.43,640523.20,14
IMPERIAL CLEANERS,407242.08,695444.99,11
IMPERIAL OIL,61673.75,39198.57,582
IMTECH MARINE CANADA,173323.77,179834.95,66
INDAL TECHNOLOGIES,452932.95,452932.95,1
INDIVIOR UK,57931.27,95434.53,189
INDUSTRA CONSTRUCTION,468305.00,522942.90,78
INDUSTRA LIARD CONSTRUCTION,2025525.29,2241757.76,1
INDUSTRIES OCEAN,2122657.60,2269353.48,11
INFO TECH RESEARCH GROUP,74297.43,74859.65,202
INFORMATICA,2502038.60,2615051.78,6
INFOSYS,80264218.00,137490001.62,1
INKSMITH,56529832.00,56579411.42,1
INLAND AUDIO VISUAL,48296.93,49018.60,43
INMARSAT SOLUTIONS,4147703.98,35204872.05,6
INNOVASEA MARINE SYSTEMS CANADA,58536.89,58690.41,262
INSA,726349.55,1145284.08,208
INSIGHT SOFTWARE CANADA,34956.08,41768.67,94
INSTITUT NATIONAL D OPTIQUE,560590.14,885419.07,3
INSTITUTE ON GOVERNANCE,28788.26,30681.38,177
INSTRUX MEDIA,92565.22,128326.45,65
INTEGRA NETWORKS,138350.43,174524.83,124
INTEGRATED DISTRIBUTION SYSTEMS,224367.26,66886.65,29
INTER MEDICO,40137.63,468240.87,34
INTER OUTAOUAIS,621769.48,626668.03,3
INTERACTIVE AUDIO VISUAL,45578.03,45049.16,171
INTERCON MARINE,197438.93,390433.77,19
INTERCONTINENTAL TRUCK BODY,218358.28,298396.68,10
INTERFAX SYSTEMS,42650.04,43615.83,32
INTERNATIONAL REPORTING,98567.59,116306.12,56
INTERNATIONAL SAFETY RESEARCH,72429.62,89672.64,11
INTEROUTE CONSTRUCTION,4140831.23,4356421.27,5
INTERWORKS CONTRACTING,1163774.80,1213295.69,8
INUKSHUK CONSTRUCTION,3326767.50,4393836.96,2
INVENTA SALES AND PROMOTIONS,1164298.89,3153098.88,2
INVERIS TRAINING SOLUTIONS,283380.77,311774.99,5
IPS INTEGRATED PROJECT SERVICES,539018.12,690927.60,6
IPSOS,187360.86,230051.78,38
IPSS,294510.82,397338.20,256
IQVIA,235994.07,307748.92,37
IRON MOUNTAIN,196674.40,202571.63,572
IRONCLAD EARTHWORKS,1867945.27,3324711.20,5
IRVING OIL,145532.56,146679.48,1059
IRVING SHIPBUILDING,10011298.58,13393102.91,11
ISLAND TEMPERATURE CONTROLS,96569.34,115051.84,11
ISLAND WEST COAST DEVELOPMENTS,10436091.75,10436091.75,1
ISM INFORMATION SYSTEMS MANAGEMENT,46492986.73,46492986.73,1
ISOMASS SCIENTIFIC,107890.65,126568.31,42
ISOPLEX,113565000.00,113565000.00,1
IT NET CONSULTANTS,415586.94,585814.96,86
ITEX,217642.42,258693.05,508
IVALUA,1969976.88,2067476.88,2
IVAN S CAMERA,34086.17,34392.61,100
IWC EXCAVATION,1484531.79,1795237.31,5
J 1 CONTRACTING,14062764.42,18898017.37,2
J D G CONSTRUCTION MANAGEMENT,5230312.50,5545961.36,1
J E ENTERPRISES,209330.51,220004.62,23
J J LEPERA INFRASTRUCTURES,7486250.00,7851956.35,1
J J TRAILERS MANUFACTURERS AND SALES,555874.58,572944.92,9
J L RICHARDS ASSOCIATES,94278.47,117854.30,114
J M J HOLDINGS,5979438.80,6166884.16,5
J M LEDRESSAY ASSOCIATES,1549528.34,11814732.77,1
J N A LEBLANC ELECTRIQUE,4712790.76,5619000.01,1
J O THOMAS ASSOCIATES,137231.29,364150.93,23
J P GRAVEL CONSTRUCTION,552702.84,582689.48,13
J STERLING INDUSTRIES,48816000.00,48840242.00,1
J W LINDSAY ENTERPRISES,2381246.23,3076591.14,10
JACOB BROS CONSTRUCTION,3319050.00,5073812.18,1
JANKEL TACTICAL SYSTEMS,315858.47,987490.71,34
JASCO APPLIED SCIENCES CANADA,290609.80,285741.06,71
JASPER CONCRETE,347192.54,372246.37,16
JASTRAM ENGINEERING,395142.59,614523.61,12
JAVELIN TECHNOLOGIES,28633.05,29972.99,52
JCB,187321.52,190633.24,9
JEAN DAOUST CONSTRUCTION,3490570.00,4922316.50,1
JEMTEC,3166930.51,4070588.33,3
JEOL,189409.78,191991.17,21
JERRY BERGEN MEDICAL,1147359.90,1585482.50,2
JHT DEFENSE,32804.39,32804.39,8
JIM PATTISON INDUSTRIES,83221.88,85806.00,195
JJM CONSTRUCTION,5546336.25,5164664.66,4
JOAN HOLMES ASSOC,81824.41,90528.63,47
JOHN HOWARD SOCIETY,479317.22,1302379.63,138
JOHN WILEY SONS,283307.60,317902.47,32
JOHNSON CONTROLS CANADA,290351.47,937787.53,47
JOHNSON S CONSTRUCTION,4624145.77,4744050.37,7
JOKINEN LAW PROFESSIONAL,769137.63,4918879.49,1
JONELJIM CONCRETE CONSTRUCTION,2498140.08,3303898.90,28
JONES LANG LASALLE,989789.10,1075873.99,26
JOSEPH ELIE,221862.06,224017.06,133
JOSEPH RIBKOFF,45122052.60,49048335.01,1
JP2G CONSULTANTS,57148.86,66864.96,24
JSK NAVAL SUPPORT,15776.55,15776.55,6
JUMEC CONSTRUCTION,513545.46,693692.05,14
JUMPING ELEPHANTS,85936.30,88824.18,58
JUNO RISK SOLUTIONS,38270.61,39703.96,77
K C E CONSTRUCTION,1592885.63,2417759.97,5
K L CONSTRUCTION ONTARIO,1628725.50,1775933.69,2
K RITE CONSTRUCTION,2864451.62,3407240.96,2
KANIYASIHK CULTURE CAMPS,1396204.22,1396848.69,9
KANTER MARINE,1076724.50,1864061.94,10
KASIAN ARCHITECTURE INTERIOR DESIGN,235234.10,370598.90,32
KATHRYN E BARNARD,1443111.20,1443111.20,2
KAYWAY INDUSTRIES,86022.83,86600.19,107
KEHOE MARINE CONSTRUCTION,402321.18,465093.67,10
KENN BOREK AIR,224356.92,424030.11,78
KETZA PACIFIC CONSTRUCTION,1079977.61,1115966.19,9
KEYDATA ASSOCIATES,584703.18,863772.77,15
KEYSIGHT TECHNOLOGIES CANADA,184198.07,188176.02,68
KEYSTONE ENVIRONMENTAL,434807.68,514308.65,43
KEYSTONE SUPPLIES INTERNATIONAL,265060.39,250963.28,64
KF AEROSPACE,110412.57,132044.30,36
KFN ENTERPRISES PARTNERSHIP,5024409.51,6426204.49,1
KGS GROUP CONSULTING ENGINEERS,354983.07,975452.33,5
KIA CANADA,122187.69,121160.79,61
KILEY PAVING,622027.10,638709.86,5
KINETIC CONSTRUCTION,4888851.64,5864543.54,5
KINETIC MACHINE WORKS,2260109.45,2493748.32,2
KING HOE EXCAVATING,7942215.75,8743285.56,3
KINGHAVEN PEARDONVILLE HOUSE SOCIETY,1231896.70,3877257.09,2
KINGSVIEW CONSTRUCTION,64915.72,70512.39,6
KLEYSEN GROUP,37679.78,53482.28,2
KMS INDUSTRIES,796867.36,994420.61,11
KNOLL NORTH AMERICA,89192.76,84985.40,51
KNOWLEDGE CIRCLE,22758.59,25197.86,229
KONE,109411.76,126073.98,62
KONGSBERG,183755.27,184871.31,113
KONICA MINOLTA BUSINESS SOLUTIONS,55766.84,68562.57,481
KONTZAMANIS GRAUMANN SMITH,240012.34,336700.70,39
KORN FERRY CA,83211.90,96250.86,42
KPMG,411966.42,713745.78,219
KRAKEN ROBOTIC SYSTEMS,613324.20,613324.20,4
KROMAR PRINTING,31540.89,31768.83,77
KUBOTA CANADA,100261.86,100369.45,39
KUDLIK CONSTRUCTION,4658617.37,4949607.22,9
KURT J LESKER CANADA,21695.25,21759.66,118
KWC ARCHITECTS,135955.04,186220.08,40
KYNDRYL CANADA,2965255.19,3034580.93,41
L A HEBERT,3007230.42,3193738.51,4
L AGENCE,3104217.49,12999001.68,4
L BREAU AND SONS,559439.63,640528.17,21
L D WATSON E S MACEWEN ALLAN,451252.32,717815.58,11
L P ROYER,683555.09,1054104.24,5
L W DENNIS CONTRACTING,2584127.70,3275733.11,3
L3HARRIS,386515.48,571234.19,80
LABORATOIRES OMEGA,1895224.81,2113145.31,3
LAKESHORE HELICOPTERS,76450.19,80627.32,50
LANDAUER,975069.35,975069.35,8
LANDAUER INLIGHT,163775.94,187146.01,20
LANDCO CONSTRUCTION,735155.45,788049.83,11
LANDFORM CIVIL INFRASTRUCTURES,3759055.17,4409773.23,2
LANGUAGE MARKETPLACE,40605.34,68411.31,74
LANGUAGE RESEARCH DEVELOPMENT GROUP,112486.00,198972.71,228
LANNICK CONTRACT SOLUTIONS,113866.22,226342.78,38
LANSDOWNE TECHNOLOGIES,57052.83,70657.98,80
LAPORTE,271761.00,351899.60,17
LAPORTE EXPERTS CONSEILS,4283318.89,5500265.32,2
LARCH HALF WAY HOUSE OF SUDBURY,239376.72,1648383.49,5
LARRY PENNER ENTERPRISES,79571.58,70062.38,27
LAURENTIAN TECHNOLOGIES,413362.84,413362.84,35
LAVAL FORTIN,3837000.00,6908278.59,1
LAVAL LAB,601940.34,601940.34,7
LAVERGNE CONSTRUCTION,314634.12,349089.46,13
LE GROUPE DRUMCO CONSTRUCTION,4780522.53,5046990.31,1
LEAN AGILITY,31148.88,31820.96,120
LEAR CONSTRUCTION,9867900.00,9845365.95,1
LEC ENGINEERING CONTRACTING,24245425.05,26704487.43,1
LEDCOR CONSTRUCTION,6769350.00,7442140.48,1
LEEWAY YACHTS,4190937.50,3181550.00,4
LEGER MARKETING,97153.75,109879.15,39
LEMAY,686958.77,841168.24,12
LENGKEEK VESSEL ENGINEERING,126956.67,145188.02,59
LEO PISCES SERVICES GROUP,256437.39,376844.30,32
LEONARDO,3268258.44,21358987.43,6
LES AUTOBUS E MENARD ET FILS,869928.55,1673622.35,3
LES CONSTRUCTIONS BELAND,2664644.64,2860143.77,3
LES CONSTRUCTIONS BINET,2243670.70,2869295.23,5
LES CONSTRUCTIONS DES ILES,743783.77,1233788.24,8
LES COUVERTURES ST LEONARD,3700355.40,3867164.08,1
LES ENQUETES HENRI,32537.70,33914.64,163
LES ENTREPRISES FERVEL,636369.27,1117351.25,8
LES ENTREPRISES MICHAUDVILLE,4993824.15,5967749.10,1
LES ENTREPRISES P E C,1777434.52,2072167.72,24
LES ENTREPRISES PREBBEL,146944.17,524564.65,12
LES ENTREPRISES ROBERT SANFACON,172720.04,719815.08,2
LES ENTREPRISES SAMSON ENTERPRISES,131286.25,163990.48,18
LES EQUIPEMENTS CLAUDE PEDNEAULT,391606.97,474326.94,11
LES HUILES DESROCHES,25347.27,25829.45,125
LES INSTALLATIONS ELECTRIQUES,1242059.06,1382771.68,8
LES TRADUCTEURS REUNIS,147740.66,172540.60,57
LES TRADUCTIONS TESSIER,106402.95,142673.37,104
LES TRAITEURS BYTOWN CATERING,446187.71,1234996.13,5
LESAGE DAVID DR,365632.19,1015612.35,8
LESLIE BENN CONTRACTING,2460819.94,2510547.47,7
LEVAERO AVIATION,38362.87,40164.23,235
LEVERAGE TECHNOLOGY RESOURCES,155801.05,388563.97,17
LEVITT SAFETY,131624.27,161342.00,57
LEXISNEXIS CANADA,75558.65,123180.18,77
LIEBHERR CANADA,29840.79,29840.79,10
LIFE TECHNOLOGIES,110098.35,150812.47,463
LIFELABS,18609911.94,24487335.29,10
LIFESPEAK,248847.50,2022995.11,4
LIKE 10,164006.47,329789.48,19
LINDSAY CONSTRUCTION,160630.21,210100.71,19
LINOVATI,101553.73,238071.73,46
LIONBRIDGE,137347.11,185947.28,495
LLOYD LIBKE LAW ENFORCEMENT SALES,988639.35,1602730.11,6
LLOYD S REGISTER CANADA,36373.95,36504.09,29
LOCKHEED MARTIN,30934.06,39591.07,9
LOGISTIK UNICORP,26439256.21,21371270.78,12
LOISELLE,1157031.75,1185066.69,3
LOTEK WIRELESS,29900.96,39980.27,91
LOUIS W BRAY CONSTRUCTION,4681369.44,5780422.04,10
LOWE MARTIN COMPANY,97874.49,154586.83,74
LRO STAFFING,145519.36,195063.31,27
LS TELCOM,19600294.64,22878314.52,3
LUCIRA HEALTH,3837182.62,2923771.04,4
LUMINA IT,167595.18,259890.88,332
LUMINULTRA TECHNOLOGIES,364112.28,34757362.02,3
LUXTON CONSTRUCTION,507365.69,545094.21,21
LWG ARCHITECTURAL INTERIORS,164696.75,207040.28,20
M 2 GROUP,2051828.01,2487020.62,2
M A INDEPENDENT BUILDING SERVICES,377563.82,1627884.22,3
M D CHARLTON,70319.23,84210.19,235
M D STEELE CONSTRUCTION,38797500.00,40486975.16,1
M R ENGINEERING,197315.36,528336.28,14
M SULLIVAN SON,2040989.66,2694253.18,3
MACDONALD DETTWILER AND ASSOCIATES,8102099.34,10070334.21,208
MACEWEN PETROLEUM,14289.42,20523.15,78
MACK TRUCKS,198690.86,198690.86,1
MACKINNON AND OLDING,25416.31,25416.31,7
MACONNERIE DYNAMIQUE,2260658.33,2749066.88,11
MACONNERIE RAINVILLE ET FRERES,1776201.72,2120461.16,7
MADSEN DIESEL TURBINE,42110.20,47735.72,263
MAGAL S3 CANADA,1560852.23,1672783.77,6
MAGELLAN AEROSPACE,544176.73,685469.00,7
MAGNET FORENSICS,290535.35,361863.68,18
MAISON CHARLEMAGNE,2000155.53,3669564.30,4
MAISON CROSS ROADS DE LA SOCIETE,1151024.72,3142712.09,4
MAISON DECISION HOUSE,1038366.22,1691479.72,4
MAISON JEUN AIDE,1636713.04,3939765.71,3
MAISON JOINS TOI,716190.64,3569321.84,3
MAISON PAINCHAUD,1032368.14,4562602.55,2
MAISON RADISSON,783819.24,3195353.96,2
MAKWA RESOURCING,513344.32,597734.17,82
MALATEST,139781.18,141960.04,58
MALLEN GOWING BERZINS,317475.68,366067.01,13
MAN ENERGY SOLUTIONS CANADA,79629.73,79629.73,1
MANIFEST COMMUNICATIONS,387826.36,958963.20,6
MANITOBA HYDRO,13480.10,22580.10,6
MANPOWER SERVICES CANADA,217287.85,520804.78,16
MANULIFE,330255.19,1009721.42,10
MAPLE REINDERS CONSTRUCTORS,59942237.83,88956246.76,6
MAPLESOFT CONSULTING,541361.68,766858.60,378
MARCO GROUP,15543975.00,16193860.41,2
MARINE CONTRACTORS,1105451.11,1112438.61,12
MARINE RECYCLING,1361957.68,1553123.89,17
MARINENAV,69413.28,77859.72,84
MARITECH CONSTRUCTION,836275.59,873859.10,5
MARITIME FENCE,539908.48,957711.95,8
MARITIME FUELS,28140.53,32268.73,111
MARKIDO,43499.94,66319.84,75
MARRBECK CONSTRUCTION,7287000.00,8616643.69,1
MARTEC,62150.00,62150.00,1
MARTECH ELECTRICAL SYSTEMS,1583634.41,1961687.39,4
MASKIMO CONSTRUCTION,3028815.39,3482176.15,7
MASONTECH,2476755.26,3483223.44,4
MATANE PRODUCTION,1563594.64,3535734.47,1
MATCON ENVIRONMENTAL,904186.25,1038249.41,20
MATCON EXCAVATION SHORING,104607.89,111933.61,41
MATRIX AVIATION SOLUTIONS,377223.28,380558.51,11
MAVERIN,3144181.54,3406760.22,23
MAVERIN BUSINESS SERVICES,389304.40,310920.40,2
MAXIM 2000,5595900.00,7614723.20,5
MAXIMUS CANADA,4268195.32,4268195.32,1
MAXSYS STAFFING AND CONSULTING,101013.72,149165.82,194
MCAFEE INTERNATIONAL,5992902.00,8063805.79,3
MCCARTHY TETRAULT,856744.15,867458.44,7
MCCOLMAN SONS DEMOLITION,535223.08,490391.96,2
MCDONALD BROS CONSTRUCTION,841285.00,1118585.28,2
MCELHANNEY ASSOCIATES,386259.38,422053.25,152
MCGILL UNIVERSITY,95418.92,120923.20,90
MCGREGOR GEOSCIENCE,1188202.38,2475068.21,3
MCKESSON CANADA,60282.67,60374.23,3544
MCKINSEY AND COMPANY,2131439.99,3155649.22,13
MCKNIGHT ENTERPRISES,1092709.32,1182785.19,11
MCMASTER UNIVERSITY,60712.11,61842.01,59
MCNALLY CONSTRUCTION,4479518.90,4614830.78,14
MCW CONSULTANTS,94305.94,106774.49,22
MCW CUSTOM ENERGY SOLUTIONS,1938753.07,2957451.92,18
MDOS CONSULTING,310919.14,475577.43,60
MEAL KIT SUPPLY CANADA,13439.04,13439.04,1
MED ENG HOLDINGS,55086.22,56550.97,27
MEDALLION MILK,18427.10,18447.72,232
MEDAVIE,56401734.33,135976224.23,3
MEDI SELECT,201884.44,208173.43,16
MEDIA Q,56637.88,60304.40,110
MEDTRONIC CANADA,631836.09,2693614.72,7
MEEWASINOTA CRF,1844995.81,4346177.46,3
MEGA POWER INSTALLATIONS,43619.21,44529.50,22
MEGA TECH,62260.78,63286.29,289
MEGALEXIS COMMUNICATIONS,147464.40,248321.08,99
MELTWATER,38557.59,46287.90,137
MERCER CANADA,142172.43,166036.74,42
MERCK FROSST,71720.98,237303.89,75
MERCURY MARINE,43621.33,42965.54,108
MERIDIAN ENGINEERING,42435.57,52739.00,73
MERIDIAN MEDICAL TECHNOLOGIES,4619603.83,11887562.34,5
MESSA COMPUTING,166384.09,332094.47,39
METALCRAFT MARINE,2352066.32,2351675.17,3
METOCEAN TELEMATICS,631099.09,1372891.57,34
METRO LOGISTICS,89342513.75,146074204.55,1
METRO PAVING AND ROAD BUILDING,2980222.62,3251462.62,12
METRO SUPPLY CHAIN,2247337.50,11507328.88,2
MGIS,683776.11,1157120.98,68
MICHAEL WAGER CONSULTING,583465.12,739537.52,40
MICHANIE CONSTRUCTION,230872.30,327104.98,37
MICHEL BASTARACHE SOCIETE PROFESSIONNELLE,6327699.53,6885497.06,1
MICHELIN,23002.75,23039.50,6
MICRONOSTYX,3425919.86,3468137.90,6
MICROSOFT CANADA,1594378.56,2151859.51,986
MID CANADA MOD CENTER,34860.25,38993.61,124
MID VALLEY CONSTRUCTION,365764.51,407607.73,5
MIKE KELLY SONS,5498472.00,5384532.67,2
MILESTONE ENVIRONMENTAL,4507552.15,4911611.54,20
MILLBROOK TACTICAL,40349.69,43877.04,61
MILLENNIUM LIMOUSINE SERVICE,1250144.90,1355095.66,2
MILLER WASTE SYSTEMS,26294.55,32300.89,24
MILLIPORE CANADA,71548.43,75658.05,42
MILTEX SOLUTIONS CANADA,83576.34,90794.99,11
MINDWIRE SYSTEMS,192449.92,311374.38,611
MINISTRY OF FINANCE,573530.13,583621.22,37
MIREMS,125495.33,217787.76,17
MISHKUMI TECHNOLOGIES,160660.01,146587.54,140
MITSUBISHI MOTOR SALES,63832.09,63842.13,190
MKDS TRAINING,27395.12,27523.19,4
MNP,143761.46,206681.41,240
MOBILE RESOURCE GROUP,122439.99,142782.76,52
MODERN CONSTRUCTION,994249.03,1021433.18,5
MODIS CANADA,289432.25,457257.50,567
MOMENTUM SOLUTIONS,866672.50,1546275.72,4
MONERIS,289500325.50,312133825.50,2
MOORE CANADA,453114.54,607415.09,69
MORIYAMA TESHIMA ARCHITECTS,5311736.38,10772659.64,3
MORNEAU SHEPELL,504137.09,864334.91,31
MORPHO CANADA,100141.87,180581.93,67
MORRISON HERSHFIELD,81369.83,118541.35,98
MOSS DEVELOPMENT,1806393.43,2222296.74,5
MOTOROLA SOLUTIONS CANADA,457657.33,483346.36,750
MOUNTAIN ROCK STABILIZATION,429964.49,528464.83,8
MQM QUALITY MANUFACTURING,4690850.01,4664058.46,1
MRS MANAGEMENT AND,4200000.00,10362831.86,1
MTC LAW,1837731.29,10051798.65,1
MTE LOGISTIX EDMONTON,869167.96,1255197.45,4
MTM 2 CONTRACTING,1401698.62,926729.07,6
MTS ALLSTREAM,253370.53,535049.10,222
MUFACTOR,256160830.00,256160830.00,1
MULDER MEATS,10678.50,10678.50,1
MULTISHRED,31469.37,37809.68,28
MUNICIPAL READY MIX,598544.21,708511.24,14
MURRAYS MILLWOOD MANOR,1530171.30,3068822.19,2
MURRAYS WINDERMERE GARDENS,1192460.73,3037827.32,4
MUSTANG HELICOPTERS,151523.02,214728.52,41
MUSTANG SURVIVAL,321842.89,370186.67,69
MWCO,92581.33,138839.50,1
MYTICAS CONSULTING,14913.18,14913.18,1
N P A,3603259.94,4188435.44,2
N12 CONSULTING,198626.04,454297.55,17
NADINE INTERNATIONAL,517348.58,578384.69,36
NAHANNI CONSTRUCTION,14952197.66,20975534.44,4
NANOMETRICS,426893.26,444095.62,21
NAPPAQ DESIGN CONSTRUCTION,2562860.06,2861650.41,2
NATCO PHARMA CANADA,651310.50,727156.40,3
NATIONAL ARTS CENTRE,203798.15,413778.24,17
NATIONAL STRUCTURES,2035637.34,2155427.80,3
NATIONS TRANSLATION GROUP,75344.57,93986.69,416
NATIVE CLAN ORGANIZATION,1569719.13,3752839.52,3
NATTIQ,107164.26,142980.37,97
NAUT MAWT TRIBAL COUNCIL,1086374.13,1222197.91,10
NAV CANADA,576683.66,1032772.21,24
NAVAMAR,375264.70,421529.48,15
NAVPOINT CONSULTING GROUP,391549.52,743619.14,24
NAVTECH,41668331.64,41677177.55,13
NDL CONSTRUCTION,4669875.00,7833916.32,2
NELSON ENVIRONMENTAL REMEDIATION,1221168.80,1185621.36,6
NEOPOST CANADA,114775.08,152533.85,26
NEPTEC DESIGN GROUP,1476167.10,1687807.90,12
NEPTUNE SECURITY SERVICES,3464063.40,3483563.10,16
NEUROSCOPE,1213532.67,2310357.67,3
NEW ENGLAND BIOLABS,401233.63,354004.90,12
NEWDOCK ST JOHN S DOCKYARD,1710230.28,2613165.42,40
NEWFOUND RECRUITING,206267.82,304342.37,94
NEWFOUNDLAND HELICOPTERS,39952.79,45191.44,68
NFOE,793069.85,1358333.80,9
NICHE TECHNOLOGY,2470456.19,3811271.73,2
NIELSEN,129163.07,182635.82,61
NIKON CANADA,24374.21,24280.06,79
NIMBLE INFORMATION STRATEGIES,225132.55,285048.29,62
NISHA TECHONOLOGIES,127732.89,160864.96,1498
NISSAN CANADA,110508.91,110244.58,156
NITAM SOLUTIONS,75126.76,77560.41,215
NITRO CONSTRUCTION,1716269.52,1795935.52,5
NKE INSTRUMENTATION,204161.67,214785.77,28
NMC DYNAPLAS,2504984.00,2504984.00,1
NOKIA CANADA,23661.38,23661.38,1
NOLINOR AVIATION,91753.40,91753.40,44
NORDMEC CONSTRUCTION,6755636.11,7921579.50,2
NORR,998958.83,1636350.12,57
NORTAC DEFENCE,2953954.85,8602935.20,3
NORTAK SOFTWARE,285649.43,384954.44,22
NORTH AMERICA CONSTRUCTION,23594167.23,29453441.65,1
NORTH ATLANTIC PETROLEUM,79383.96,79564.42,158
NORTH CARIBOO AIR,71491.45,63383.57,92
NORTH COUNTRY MAINTENANCE,18374340.64,19881451.94,2
NORTHEAST TREE TRIMMING,5611780.17,6021607.59,2
NORTHERN CONSTRUCTION,411501.25,445891.88,22
NORTHERN CONTRACTING,9220447.00,8634311.83,1
NORTHERN MICRO,227000.81,281442.39,2069
NORTHFIELD METAL PRODUCTS,98828.23,98873.53,113
NORTHROP GRUMMAN,33525.18,33911.80,3
NORTHWEST FUELS,31806.58,31806.58,54
NORTHWEST HYDRAULIC CONSULTANTS,129420.11,135167.99,21
NORTHWEST MARINE TECHNOLOGY,657250.71,630411.05,18
NORTHWESTEL,767581.25,1856598.88,25
NORTRAX CANADA,169498.00,177852.55,30
NOTRA,5117778.78,8350256.54,5
NOVA CONSTRUCTION,4618270.86,3909394.78,2
NOVA NETWORKS,28782.70,28377.29,157
NOVA SCOTIA POWER,61126.73,99498.13,36
NOVIPRO,86911.32,93751.16,26
NOYE AND NOYE,811578.89,822475.56,7
NP AEROSPACE CANADA,167761.95,170192.28,2
NRNS,356298.60,807422.07,14
NUA OFFICE,77416.40,75311.80,112
NUCTECH COMPANY,1891344.94,2015404.08,4
NUIX NORTH AMERICA,222080.99,308837.33,41
NUMBER TEN ARCHITECTURAL GROUP,108230.12,153026.52,77
NUNA EAST,25018418.37,44717915.63,2
NUNAVUT ARCTIC SERVICES,12984762.77,12890496.89,1
OCEAN NAVIGATION,173776.81,207340.53,11
OCEAN PACIFIC MARINE SUPPLY,2711413.47,2727947.99,9
OCLC CANADA,1505837.21,2312823.65,3
OEI KRUEGER,36324.90,36580.22,491
OGILVY MONTREAL,384466.40,624944.11,9
OKANAGAN AGGREGATES,3796558.01,4383816.39,25
OKANAGAN HALFWAY HOUSE SOCIETY CRF,1059645.04,2434882.49,5
OLIN,396072.52,695862.68,14
OMNITECH ELECTRONICS,811148.63,811148.63,1
ONICA TECHNOLOGIES CANADA,1356000.00,2231750.00,1
ONIX NETWORKING CANADA,928845.22,2872550.61,3
ONLINE CONSTRUCTORS,346555.77,374939.15,31
ONTARIO DENTAL ASSOCIATION,27578.14,33754.30,228
ONX ENTERPRISE SOLUTIONS,419504.15,422132.73,270
OPEN GEOSPATIAL CONSORTIUM,162194.19,215205.12,17
OPEN STORAGE SOLUTIONS,123928.60,124830.30,33
OPENFRAME TECHNOLOGIES,226562.69,292179.76,27
OPENTEXT,397438.48,667421.10,301
OPROMA,101643.81,192535.02,38
OPSIS,212938.75,273270.70,61
OPTIV CANADA FEDERAL,407387.91,414637.33,89
ORACLE CANADA,631441.45,1116515.82,462
ORANGUTECH,177855.02,266050.70,175
ORBIS RISK CONSULTING,89477.84,96995.31,100
OSKAR CONSTRUCTION,317799.38,393458.29,24
OTIS ELEVATOR,306636.12,332366.75,77
OTTAWA BUSINESS INTERIORS,43344.74,43650.78,145
OTTAWA CONVENTION CENTRE,204898.78,207606.07,17
OTTAWA GREENBELT CONSTRUCTION,1023429.10,1102450.95,5
OTTAWA MARRIOTT HOTELS INNVEST HOTELS GP,52051.33,52747.79,130
OUTLAW EAGLE MANUFACTURING,274545.76,320797.43,23
OVID TECHNOLOGIES,112756.97,180719.23,20
OXFORD ECONOMICS USA,220474.49,323739.63,17
OXFORD NANOPORE TECHNOLOGIES,69763.38,60578.53,75
OXFORD UNIVERSITY PRESS,98877.50,98290.56,25
P B ENTREPRISES,877497.83,988610.56,7
P C MCNEILL CONTRACTING,316400.00,316400.00,1
P K WELDING FABRICATORS,4298121.11,4919265.76,2
PACIFIC GEOMATICS,131222.90,131222.90,10
PACIFIC INDUSTRIAL MARINE,289811.11,322207.85,45
PACIFIC SAFETY PRODUCTS,192436.38,282594.02,93
PACWILL ENVIRONMENTAL,114903.37,285456.89,24
PAGEAU MOREL ASSOCIES,122330.40,166623.62,49
PAL AEROSPACE,3320327.39,3574463.25,49
PALADIN GROUP,161937.77,243917.15,358
PALFINGER MARINE,204709.33,229829.83,74
PAN AMERICAN DEVELOPMENT FOUNDATION,1842410.77,2242410.27,2
PANASONIC,129683.99,128741.18,223
PARKER JOHNSTON INDUSTRIES,40859.68,257668.27,1
PARKLAND,42513.18,46123.25,199
PARKLAND INDUSTRIES,21162.16,22187.67,272
PARKLAND REFINING,68026.05,67993.92,318
PARSONS CANADA,3439377.07,7713024.25,56
PATLON AIRCRAFT INDUSTRIES,26781.64,58460.14,8
PATTISON SIGN GROUP,77779.84,79681.94,134
PAVEX,20771967.58,20041344.12,1
PCL CONSTRUCTORS,24175243.65,70087696.63,76
PEERLESS GARMENTS,184647.15,245618.45,15
PENN CONSTRUCTION CANADA,20020786.80,22226857.59,4
PENNECON,425942.75,438298.73,92
PEPCO,40516.22,44380.34,79
PEPIN FORTIN CONSTRUCTION,5963753.25,6320111.25,1
PERCEPTICS,2911964.00,7717559.02,4
PERSISTENT SYSTEMS,82754.17,82754.17,4
PETER J KINDREE ARCHITECT,327992.10,400864.72,15
PETER KIEWIT SONS,64990444.17,83324562.90,3
PETERS CONSTRUCTION,5203982.65,6230495.76,17
PETRO AIR SERVICES,24719.62,24719.62,1
PETROVALUE PRODUCTS,47716.06,47606.38,72
PFIZER CANADA,721872.93,545120.07,3
PHASELOCK SYSTEMS INTERNATIONAL,30997.14,31044.60,250
PHILIPPINE AIRLINES,2646220.00,2646220.00,1
PHOENIX DRUG ALCOHOL RECOVERY,1586829.50,2754249.44,5
PHOENIX STRATEGIC PERSPECTIVES,95800.41,96307.74,47
PIDHERNEY S,2262580.37,2475511.86,4
PILITAK ENTERPRISES,1183203.08,1323493.13,3
PIONEER CONSTRUCTION,6416310.07,6953121.07,1
PIPE QUEST PROJECTS,2523675.00,2951499.82,2
PITNEY BOWES,50598.53,58412.90,189
PK WELDING FABRICATORS,661754.38,661754.38,8
PLANET LABS,60062.13,60062.13,75
PLEIAD CANADA,103684.07,127567.67,102
PMB ELECTRICAL SERVICES,263959.03,357398.12,30
PMG TECHNOLOGIES,1064314.55,1242170.00,129
PODOLINSKY EQUIPMENT,109603.18,110598.01,94
POINT HOPE MARITIME,1534049.05,2060451.49,9
POLARIS INDUSTRIES,50817.38,50731.26,250
POMERLEAU,17951359.99,36613106.72,21
PORT OF SPAIN HOLDINGS,334439.44,333168.44,17
PORTAGE PERSONNEL,80467.98,126030.80,72
POSTMEDIA NETWORK,196922.53,400959.12,33
POWER AUCTIONS,1423915.50,1819604.84,4
PR3 MEDIAS,1733188.07,2763778.21,5
PRA,76809.44,90789.84,105
PRAGMATIC CONFERENCING,1216221.38,3738097.27,3
PRECISION ADM,18283200.00,18283200.00,1
PRECISIONIT,298625.79,539133.42,80
PRICEWATERHOUSE COOPERS,400265.66,704473.86,740
PRIMED MEDICAL PRODUCTS,22445800.05,22445800.05,3
PRIMEX PROJECT MANAGEMENT,25570.63,25661.03,3
PRINCE GEORGE ACTIVATOR,1809405.67,2466130.57,6
PRINTERS PLUS,49428.23,50679.86,318
PRISM ENGINEERING,191644.27,193007.87,33
PRO MEDICAL INDUSTRIES,2538161.63,2538161.63,1
PROCOM CONSULTANTS,215300.47,392808.85,176
PROLINE ADVANTAGE,373182500.00,373182500.00,1
PROLOGIC SYSTEMS,65310.00,85386.23,78
PROMAXIS,143590.10,193023.98,62
PRONEX EXCAVATION,8705243.04,9844732.33,2
PROOF EXPERIENCES,330661.07,1276498.01,14
PROQUEST,52657.07,55762.59,81
PROSCI CANADA,54525.16,56392.55,279
PROTAK CONSULTING GROUP,195910.60,487182.64,152
PROVENCHER ROY ASSOCIES,384235.75,615207.12,19
PURELOGIC,293198.71,293024.56,178
PURESPIRIT SOLUTIONS,205880.44,246772.28,319
PUROLATOR,20348.36,23013.90,211
PV SERVICES,54405.07,54405.07,59
PW TRENCHLESS CONSTRUCTION,1235120.25,1235120.25,2
PYLON ELECTRONICS,47394.17,102678.22,5
QATAR AIRWAYS,1025410.25,1025410.25,6
QIAGEN,57825.11,89459.88,87
QINETIQ,151151.95,1072681.52,2
QM ENVIRONMENTAL,1921754.38,2309689.48,35
QMR,60982.19,74100.47,853
QUADBRIDGE,293852.02,294024.48,22
QUANTUM MANAGEMENT SERVICES,628451.16,1051285.17,142
QUARTZ NATURE,7615296.00,7872016.32,1
QUEEN S UNIVERSITY,71796.88,103332.82,63
QUINAN CONSTRUCTION,2765647.64,3033284.66,11
QUINTET CONSULTING,46505.29,53738.75,171
QUOREX CONSTRUCTION SERVICES,3102487.09,3689600.51,9
QUORUM,3499851.51,5745622.35,3
QUORUS CONSULTING GROUP,103932.78,109526.22,44
R C M MODULAIRE,622165.36,3775457.90,2
R D CONSTRUCTION,553899.84,615732.29,6
R E GILMORE INVESTMENTS,573800.03,604900.25,58
R GUILBEAULT CONSTRUCTION,4290032.53,4503653.05,1
R J MACISAAC CONSTRUCTION,1582789.62,1642616.66,3
R LAMBA FORENSIC PSYCH SERVICE,1500000.00,2750000.00,2
R R INTERNATIONAL TRANSLATION,121643.81,147796.89,207
R W TOMLINSON,1774448.31,1876748.20,8
R2I,4703729.33,4703729.33,9
RACEROCKS 3D,18194.62,41052.90,1
RACING FORENSICS,4761494.28,6133236.42,2
RADIATION SOLUTIONS,144211.17,317467.16,31
RADWARE,1422323.31,1422323.31,2
RAFA LABORATORIES,185320.00,185320.00,1
RAINHOUSE MANUFACTURING CANADA,12267.68,11683.51,1
RAMPART INTERNATIONAL,61282.42,65148.76,192
RANDSTAD,277414.88,380956.11,684
RAPISCAN SYSTEMS,658578.03,797770.57,12
RATIO ARCHITECTURE INTERIOR DESIGN,151306.03,301464.37,20
RAYMOND CHABOT GRANT THORNTON,130569.18,167022.95,370
RAYTHEON,229488.38,226857.80,6
REACTOR ENGINEERING GROUP,48307500.00,48307500.00,1
REDACTED,10033698.88,10507982.84,7
REDI FORM CONSTRUCTION,400688.24,402247.00,12
REDMANGO MEDIA,106219.15,106247.47,46
REDWOOD PERFORMANCE GROUP,163134.53,163313.23,19
REFORMAR,1945450.65,1152991.29,8
REGENT CONSTRUCTION,1047324.73,1427353.45,9
REHAB,443603.51,1633289.44,4
REPARATIONS NAVALES ET INDUSTRIELLES OCEAN,142447.19,185030.69,144
REPUBLIC ARCHITECTURE,147310.83,187410.98,74
RESIDENCE CARPEDIEM,1059993.49,3027871.29,5
RESIDENCE LAFLEUR,623495.62,1520832.66,3
RESOLVE MARINE,2640354.78,2640354.78,1
RESOLVE SALVAGE FIRE AMERICAS,6510000.00,6510000.00,1
REVISION MILITARY,123197.62,123197.62,2
RGB MEDIA,108291.31,108291.31,61
RHEA,57894.04,64906.83,78
RHEINMETALL,536308.50,1850420.75,4
RICOH,48160.30,101782.79,1187
RIGGS ENGINEERING,188604.43,297476.93,30
RIKJAK CONSTRUCTION,607193.10,823668.93,1
RISK SCIENCES INTERNATIONAL,70171.69,99712.43,107
RJG CONSTRUCTION,1862560.19,1967344.89,46
RMS SOFTWARE,33845.40,58116.18,41
ROBERT ALLAN,214959.88,228972.23,16
ROBERTSON GEOCONSULTANTS,708698.04,892895.77,6
ROBERTSON MARTIN ARCHITECTS,341587.53,603862.62,24
ROBIN ELECTRIC,485730.00,744672.28,3
ROCHE DIAGNOSTICS,783972.95,2062805.19,62
ROCKWELL COLLINS CANADA,30994.96,30994.98,8
ROGERS,1724247.05,7151485.96,88
ROHDE SCHWARZ CANADA,115577.05,124480.48,33
ROLLING TIDES CONSTRUCTION,68084.52,83283.64,2
ROLLS ROYCE CANADA,30554.52,30554.52,9
RONA,32804.33,33095.05,124
RONALD J POIRIER PROFESSIONAL,877923.79,5645785.32,1
RONDAR,463861.74,596394.92,28
ROSBOROUGH BOATS,311599.32,332638.67,25
ROSCOE CONSTRUCTION,2229977.26,2584229.03,6
ROSS AND ANGLIN,3845747.32,3912123.00,4
ROUDEL MEDICAL AND SURGICAL,55217732.50,31128675.00,2
ROXBORO EXCAVATION,3671145.08,3980424.04,3
RPL ARCHITECTS,768335.00,821703.02,4
RTG PROTECH,49131.85,55173.35,72
RUSH TRUCK CENTRES OF CANADA,977257.28,1089128.64,3
RUSSEL METALS,43656.24,39407.81,175
RUSSELL CHERNOFF RAND THOMPSON,239066.82,459762.03,27
RYCOM,316488.60,671582.97,14
S P GLOBAL MARKET INTELLIGENCE,57012.82,70501.41,170
S W WEEKS CONSTRUCTION,7995964.66,9536869.10,1
SAAB,137560.51,140813.13,3
SABA SOFTWARE,642693.16,2528916.32,4
SALESFORCE CANADA,308985.90,356699.25,89
SALISH SEA INDUSTRIAL SERVICES,199601.88,219215.38,16
SALVATION ARMY,1139387.20,2577899.18,59
SAMSON ASSOCIES,73327.67,99377.88,647
SANDOZ CANADA,454247.78,401370.64,11
SANEXEN SERVICES ENVIRONMENTAUX,188267.97,228011.96,32
SANI SABLE LB,1743392.29,3011722.10,14
SANI SPORT,49684.94,74892.23,33
SAP,620015.83,1026874.96,202
SARTORIUS STEDIM NORTH AMERICA,79806.82,94337.61,33
SAS AIR,204254.29,200274.15,15
SAS INSTITUTE,360569.92,392209.20,205
SASKTEL,594588.65,2903531.27,20
SCA SHIPPING CONSULTANTS ASSOCIATED,98205.33,110724.52,4
SCANSA CONSTRUCTION,7920369.93,9919199.51,6
SCHOELER HEATON ARCHITECTS,286508.45,327604.24,31
SDL INTERNATIONAL CANADA,323551.04,385844.82,38
SEACOAST MARINE ELECTRONICS,160684.00,164904.75,35
SEAFIRST CONSTRUCTION,281781.92,306026.69,4
SEAGATE CONSTRUCTION,536382.82,680569.89,13
SEALITE USA,51014.73,51014.73,50
SEASONS CULINARY SERVICES,1303915.40,1763965.52,3
SEASPAN VICTORIA SHIPYARDS,517498.56,511986.90,5
SEAWATCH,3568756.41,4533082.95,7
SEAWAVES DEVELOPMENT SERVICES,3210318.70,3358044.13,2
SEAWAY CONSTRUCTION MANAGEMENT IN,941852.45,1816029.17,3
SECURE ENERGY ONSITE SERVICES,1379340.81,1691942.66,3
SECUREKEY TECHNOLOGIES,4111728.60,6246901.51,8
SECURIGUARD SERVICES,14212873.22,22685867.58,1
SED SYSTEMS,4600000.01,17381920.52,1
SEEGENE CANADA,1448125.66,7504047.40,3
SEGUIN MORRIS,167753.20,182732.29,23
SELEX,41619867.75,41619867.75,2
SEMANTIC CONSULTING,241690.86,957553.93,7
SENSUS COMMUNICATION SOLUTIONS,62580.96,70393.04,68
SEPW ARCHITECTURE,188643.62,273296.58,30
SEQIRUS CANADA,11061163.20,19355684.14,2
SERCO,220734.75,396229.75,7
SERVICE STAR BUILDING CLEANING,478060.73,1010579.07,13
SERVICES D AIDE EN PREVENTION DE LA CRIMINALITE,765469.92,2757107.54,4
SETANTA CONTRACTING,206289.10,264941.45,4
SEYEM,8906299.50,8911167.15,1
SGS AXYS ANALYTICAL SERVICES,69583.11,87363.87,93
SHARP ELECTRONICS,30725.65,32838.87,461
SHAW CABLE,723876.21,1983739.24,4
SHELL CANADA PRODUCTS,451161.08,380504.71,16
SHELTER NOVA SCOTIA,751183.83,3508698.33,3
SHI CANADA,47902.95,49989.19,178
SHM CANADA CONSULTING,60000.87,72746.57,92
SHOULDICE MECHANICAL,65329.49,68487.42,68
SHRMA ARCHITECTS IN JOINT VENTURE,3004167.71,4103664.11,2
SI SYSTEMS,276444.20,460378.22,1082
SIEMENS,117089.84,131448.18,364
SIERRA SYSTEMS GROUP,235266.03,447297.86,101
SIFEC NORTH,265916.22,407439.09,13
SIGMA SAFETY,80065.36,108366.72,30
SIGN LANGUAGE INTERPRETING,35693.89,90209.58,85
SIGNATURE SUR LE SAINT LAURENT,4534252124.69,5031364910.17,1
SILLIKER,347293.63,354419.52,76
SIMEX DEFENCE,50319.15,53450.34,55
SIMONSON CONSTRUCTION,467085.22,488533.37,8
SIMPLEX GRINNELL,128365.84,198153.44,134
SIMPSON BUILDING CONTRACTORS,353150.62,377361.79,4
SKILLSOFT CANADA,59189.82,261796.21,27
SKRETTING,27718.63,27633.50,123
SKY CANOE,5475887.34,5578607.79,1
SLR CONSULTING CANADA,402863.63,555631.08,134
SMITHS DETECTION,258779.21,425255.55,155
SMITHS MEDICAL CANADA,5773417.99,5773417.99,1
SNAP ON TOOLS,29861.73,30033.08,42
SNC LAVALIN,187039.54,264172.93,490
SOCIETE EMMANUEL GREGOIRE,903305.46,2440582.88,10
SOFTCHOICE,61760.52,68119.67,931
SOFTSIM TECHNOLOGIES,190950.88,275268.86,45
SOFTWARE ENGINEERING OF AMERICA,1030720.52,1241388.18,4
SOLACE,337213.04,731911.67,5
SOLANA NETWORKS,155163.09,479183.92,5
SOLOTECH,160514.73,213575.62,152
SOLUDOC,477652.35,794638.21,33
SOLUTIONS MOERAE,234625.92,521728.70,42
SOMOS,1023779.72,2391280.88,12
SOUTHMEDIC,3164000.00,3164000.00,1
SOUTHWEST RESEARCH INSTITUTE,34284.70,39333.00,12
SOVO TECHNOLOGIES,262313.21,2139242.87,3
SPARTAN BIOSCIENCE,78268050.00,149048550.00,1
SPEARHEAD MANAGEMENT CANADA,141404.71,158428.16,22
SPECIALTY BUILDING SERVICES,71521.98,289384.66,17
SPERRA CONSTRUCTION,701126.30,807959.09,8
SPRINGER VERLAG,1099090.65,1094970.56,14
SPRINGHILL CONSTRUCTION,10651300.00,12338610.36,1
SQUAMISH INDIAN BAND,11548052.25,18327403.81,3
SRA STAFFING SOLUTIONS,164786.04,215410.55,32
SSCL,162038.19,200916.32,4
ST AIRBORNE SYSTEMS,549670.68,770332.22,13
ST DENIS THOMPSON,3957152.85,5369718.23,7
ST GELAIS MONTMINY ASSOCIES,1077830.36,1389080.04,22
ST ISIDORE ASPHALTE,2819144.50,3860836.65,1
ST JOHN AMBULANCE,175196.54,876068.52,15
ST JOSEPH PRINT GROUP,47018.34,66109.39,121
ST LEONARD S COMMUNITY SERVICES,727606.08,3312798.48,6
ST LEONARD S SOCIETY HAMILTON,751119.90,1966308.05,10
ST LEONARDS HOUSE WINDSOR,354916.75,1233416.30,7
ST LEONARDS PLACE PEEL,1740151.81,3410505.20,7
ST LEONARDS SOCIETY OF NORTH VANCOUVER,356719.74,1277336.82,5
ST LEONARDS SOCIETY OF PETERBOROUGH EDMISON HOUSE,993910.54,3530758.58,2
ST OPS TACTICAL TRAINING CANADA,75552.43,71311.15,19
ST PATRICKS HOUSE SOCIETY,786000.00,3123220.97,2
STANFIELDS,27911000.00,28046600.00,1
STANLEY CONSTRUCTION,1329300.00,1594492.28,1
STANTEC,102690.77,153804.54,1640
STAPLES ADVANTAGE CANADA,50932.91,85136.97,40
STEDFAST,30471.15,30607.11,63
STEPPED CARE SOLUTIONS,18769300.00,175392769.20,1
STERIS CANADA,75495.18,80793.13,101
STERLING FUELS,79300.29,79588.11,245
STERLING SWIFT,5456648.00,5456648.00,1
STIFF SENTENCES,187143.90,302220.76,29
STONEHENGE THERAPEUTIC COMMUNITY,1408413.81,2630947.84,2
STONEWORKS TECHNOLOGIES,495627.16,498495.47,399
STRATOS,68360.71,80698.47,189
STRONG BROS GENERAL CONTRACTING,48477.00,48477.00,1
STRYKER CANADA,2056398.88,2056398.88,21
SUBARU CANADA,83097.28,81327.75,164
SUMMIT CANADA DISTRIBUTORS,61478.15,67295.07,102
SUN LIFE ASSURANCE COMPANY,14218079.04,40417191.02,14
SUNCOR ENERGY,25609.34,27176.41,460
SUPER CHANNEL INTERNATIONAL,87677.29,96418.57,48
SUPERIOR CONTRACTING,454413.45,490659.11,8
SUPERMAX HEALTHCARE CANADA,85479505.40,86822505.40,2
SUPREMEX,151618.86,158194.01,126
SURE FORM CONTRACTING,6540417.44,6869332.30,1
SUSE SOFTWARE SOLUTIONS CANADA,385121.74,912985.19,9
SUSTAINABLE TRAILS 2011,640139.92,770506.03,6
SUTHERLAND EXCAVATING,59082.14,63241.65,291
SWITCH HEALTH,37673292.32,208109697.70,7
SYFT TECHNOLOGIES,980379.81,1926172.05,3
SYLVIE ROY,59633.44,93925.31,31
SYM COMMUNICATIONS,131904.49,205825.36,41
SYMCOR,24657165.00,30295865.00,1
SYNERGIE MEDICALE BRG,1977500.00,4027320.00,1
SYNERSOLUTIONS TECHNOLOGIES,623258.17,679979.65,10
SYNTAGME,196732.03,362763.03,12
SYSCO,23762.18,24367.81,120
SYSTEMATIX SOLUTIONS,1327284.45,1986201.51,146
SYSTEMES URBAINS,728558.42,876337.34,3
SYSTEMS FOR RESEARCH,685345.31,685181.84,11
SYSTEMSCOPE,147974.56,267787.71,149
T E S THE EMPLOYMENT SOLUTION,232281.64,832422.50,4
T3P CONSTRUCTION,553646.46,1650752.89,2
TAG HR,79875.64,95902.91,180
TALIGENT CONSULTING,704082.03,900345.70,82
TANGLE RIDGE CUSTOM CRUSHING,2394152.17,2476199.17,9
TANKATEK,191586.15,198198.63,56
TAURUS CONTRACTORS,260299.15,285391.51,21
TAYLOR FRANCIS,71841.30,78496.08,36
TAYLOR HAZELL ARCHITECTS,232784.22,660961.86,10
TCI TRANSLATORS CONFERENCE,209399.40,301506.41,16
TDI INTERNATIONAL,1466124.26,1989762.09,6
TECAN,74250.16,107221.64,25
TECHNE SEATING COMPONENT,50859.42,59972.11,88
TECHNOMICS,471652.68,726633.68,7
TECHNOREM,171835.90,344851.12,30
TECSIS,243265.12,429751.45,16
TEEL TECHNOLOGIES CANADA,133546.06,149636.28,60
TEKNION,97958.76,97026.15,1457
TEKSYSTEMS CANADA,928446.18,1215731.51,425
TELECOM COMPUTER SERVICES,171444.58,184791.35,450
TELEDYNE,63576.06,65997.71,71
TELESAT,1222209.82,5062359.94,50
TELUS CANADA,726611.91,1531423.83,701
TENAQUIP,72346.01,57664.25,67
TERAMACH TECHNOLOGIES,535509.30,556896.91,772
TERLIN CONSTRUCTION,944225.49,1213362.42,6
TERRA SENSE ANALYTICS,905128.12,905128.12,3
TERUS CONSTRUCTION,1777460.94,1777460.94,2
TERVITA,830934.20,934374.94,35
TES CONTRACT SERVICES,806818.37,1287231.05,115
TESTFORCE SYSTEMS,60024.08,61020.39,254
TETRA TECH,199014.08,267482.62,208
TFORCE FINAL MILE,272771.72,303268.58,9
THALES,231834.16,253592.79,62
THE AIM GROUP,510766.30,614896.86,493
THE CALGARY AIRPORT AUTHORITY,367062.51,3963473.80,2
THE CANADA LIFE ASSURANCE COMPANY,64342981.06,64344862.71,8
THE GOVERNING COUNCIL OF,423354.79,1198693.91,4
THE HALIFAX COMPUTER CONSULTING GROUP,558256.66,763795.90,22
THE HALIFAX GROUP,226138.43,549823.23,21
THE IT BROKER,152012.03,210506.06,37
THE KTL GROUP,154642.72,215953.44,34
THE MASHA KRUPP TRANSLATION GROUP,89542.90,155047.73,197
THE MATHWORKS,32390.17,36136.47,169
THE RIGHT DOOR CONSULTING,94856.02,129132.68,263
THE ROYAL ARCHITECTURAL INSTITUTE,911025.00,1902775.00,2
THE STEVENS COMPANY,3952692.47,3919998.27,28
THE UNIVERSITY OF WESTERN ONTARIO,129015.76,123387.18,14
THE VCAN GROUP,149100.18,341790.58,29
THERMO FISHER SCIENTIFIC,48842.79,51399.95,1468
THG THE HISTORY GROUP,65425.11,77258.28,104
THINKON,128602.94,1032150.08,7
THINKPOINT,107422.02,173014.44,17
THOMAS SCHMIDT,181298.71,249626.26,28
THOMPSON BOILER WORKS,53136.67,57295.50,74
THOMSON REUTERS,97749.89,166969.08,149
THORNHILL MEDICAL,208928620.77,200451118.94,1
THRIVE HEALTH,1412500.00,5070875.00,2
THYSSENKRUPP ELEVATOR,159743.11,180827.50,92
TIREE,487229.30,680389.29,183
TISSEUR,8615838.34,9988283.80,9
TITAN BOATS,286109.77,367959.83,28
TITANIUM CONSTRUCTION,3564438.91,4051621.91,8
TITUS,426516.08,435472.68,10
TLD CANADA,178331.19,178331.19,2
TOFCON CONSTRUCTION,20227294.37,20258685.52,2
TOM JONES,3378048.85,3198732.61,1
TOROMONT,47022.75,56701.70,465
TORONTO BAIL PROGRAM,5119730.10,6476296.10,2
TORONTO METROPOLITAN UNIVERSITY,34462.14,35780.48,30
TORONTO PORT AUTHORITY,595030.15,3248847.75,1
TORONTO STAMP,27120000.00,27177969.00,1
TOSHIBA CANADA,440884.85,867659.40,82
TOTEM OFFISOURCE,89433.86,84737.31,372
TOURE CLEANING SERVICES,132843.47,201353.61,32
TOYOTA,101519.26,100948.20,532
TPG TECHNOLOGY CONSULTANTS,1104043.01,1007177.10,437
TRACK24 CANADA,2248926.56,7292233.18,2
TRADUCTIONS PIERRE CLOUTIER,1278007.51,1278007.51,4
TRADUCTIONS SCRIPTIS,459885.89,600921.03,13
TRAINOR MECHANICAL CONTRACTORS,1238664.59,1387837.04,13
TRANE CANADA,65808.88,111218.94,36
TRANSCONTINENTAL PRINTING,16418388.80,16418388.80,1
TRANSPOLAR TECHNOLOGY,362710.35,480101.21,80
TRANSTEC,9348228.00,9348228.00,3
TRANSWEST AIR,1165847.79,1318276.84,29
TRAUGOTT BUILDING CONTRACTORS,3899170.95,4267917.62,2
TRAYTOWN BUILDERS,569161.84,654276.86,12
TRI STAR INDUSTRIES,142358.53,3296595.18,1
TRI WAVE CONSTRUCTION,475386.35,488366.28,4
TRIDENT CONSTRUCTION,5350156.90,5596943.75,3
TRIGON ASSOCIATES,5056802.00,5056802.00,1
TRIPLEWELL CANADA,6441000.00,10577093.80,1
TRM TECHNOLOGIES,178026.65,301484.23,155
TROY LIFE FIRE SAFETY,70497.15,85032.04,62
TRUDELL HEALTHCARE SOLUTIONS,18108878.92,18381302.09,1
TRUMPF,206352.39,206460.65,12
TSI,93451.49,92889.70,34
TSUU T INA CONTRACTING GP,10000000.00,14859000.00,1
TULMAR SAFETY SYSTEMS,20681.33,20681.33,6
TUNDRA TECHNICAL SOLUTIONS,201957.45,284059.14,41
TURN KEY CONSTRUCTION,2310774.73,2310774.73,1
TURNER TOWNSEND,1482625.98,2428071.62,13
TURTLE ISLAND STAFFING,48361.07,59033.35,174
TYCO INTEGRATED FIRE SECURITY,96379.23,122077.39,146
TYR TACTICAL,25886.05,25886.05,2
U BUILD CONSTRUCTION,679306.16,698700.16,4
UBIQUS CANADA,237798.73,270432.82,109
ULTIMATE CONSTRUCTION,397156.61,501567.62,4
ULTRA ELECTRONICS,621611.99,750329.42,6
UNCHARTED SOFTWARE,214681.48,231204.47,11
UNIFORM WORKS,259010.82,250708.40,13
UNISOFT INTERNATIONAL,7391606.53,8369691.04,2
UNISOURCE,132263.18,133646.07,23
UNISYNC GROUP,1570670.06,1570670.06,4
UNISYS CANADA,30024049.42,41423422.84,4
UNITED CHURCH HALFWAY HOMES,952321.82,3066535.02,3
UNITED RENTALS,155177.62,160802.24,29
UNIVERSAL HELICOPTERS,101242.09,276939.31,36
UNIVERSAL PROTECTION SERVICE,3284764.42,2533799.19,4
UNIVERSAL SHEET METAL,272877.02,308299.86,8
UNIVERSITE DE MONTREAL,104350.88,152934.91,36
UNIVERSITE DE SHERBROOKE,42991.30,77786.36,31
UNIVERSITE LAVAL,64424.60,69005.65,113
UNIVERSITE SAINTE ANNE,22660.11,26763.80,232
UNIVERSITY OF ALASKA FAIRBANKS,307304.17,396034.95,6
UNIVERSITY OF ALBERTA,58311.87,68975.05,173
UNIVERSITY OF BRITISH COLUMBIA,41352.56,43595.58,111
UNIVERSITY OF CALGARY,168045.81,209070.48,67
UNIVERSITY OF GUELPH,119816.69,141445.85,122
UNIVERSITY OF MANITOBA,47796.27,48688.57,61
UNIVERSITY OF NEW BRUNSWICK,69839.89,86636.78,71
UNIVERSITY OF OTTAWA,50946.90,85128.18,252
UNIVERSITY OF REGINA,313160.29,385782.20,35
UNIVERSITY OF SASKATCHEWAN,96986.15,160302.76,78
UNIVERSITY OF TORONTO,63622.03,77528.25,124
UNIVERSITY OF WATERLOO,122644.03,185795.55,116
UNIVERSITY OF WESTERN ONTARIO,91039.11,110810.73,57
UQSUQ,547641.40,529269.01,3
URBAN VALLEY TRANSPORT,7280000.00,16580000.00,1
URTHECAST,634471.50,717715.62,3
UTILITIES KINGSTON,11841.37,11841.37,1
VAISALA CANADA,147932.24,230107.52,48
VALARD CONSTRUCTION,633987.50,633987.50,3
VALCOM CONSULTING,157513.13,285368.55,17
VANCOUVER AIRPORT AUTHORITY,2575132.95,14506528.76,1
VANCOUVER CONVENTION CENTRE,699418.33,699418.33,4
VANCOUVER DRYDOCK COMPANY,6178723.05,6763443.47,6
VANCOUVER FRASER PORT AUTHORITY,1472029.23,1536390.00,4
VANCOUVER PILE DRIVING,1161056.87,1427992.42,11
VANCOUVER SHIPYARDS,66847314.94,93991606.27,17
VANRX PHARMASYSTEMS,3369879.15,3512457.62,5
VARD MARINE,153489.11,158144.04,23
VCI CONTROLS,224019.20,228994.94,21
VECTOR AEROSPACE,211381.33,249418.03,68
VERITAAQ TECHNOLOGY HOUSE,280995.13,459706.87,1208
VERITAS TECHNOLOGIES,1617564.14,2996463.29,9
VERREAULT NAVIGATION,2889797.22,3857378.46,10
VERSACOM,82395.45,158346.72,76
VERSATIL BPI,497733.30,498979.84,25
VETEMENTS COOKSHIRE,1367968.58,2654898.76,2
VFA CANADA,122791.52,623608.88,13
VFS GLOBAL,9056500.45,31014088.73,11
VIA TRAVAIL,280470.49,810847.95,15
VIDCRUITER,43015.41,52222.61,85
VIRTUAL POSSIBILITIES DIVISION,172977959.20,172977959.20,1
VISA SERVICES,3299484.00,16198632.00,1
VISIONTEC,193143.40,265911.95,17
VMWARE,585120.37,827387.18,120
VOYAGEUR AVIATION,422458.38,424521.86,14
VOYAGEUR TRANSPORTATION,820394.80,4862999.70,2
VVI CONSTRUCTION,2618086.07,2938868.54,7
VWR INTERNATIONAL,24635.03,24970.40,627
W S MORGAN CONSTRUCTION,950494.43,1084185.88,6
WAINWRIGHT MARINE SERVICES,434612.52,400255.37,14
WAJAX,60533.35,63734.15,413
WAMPUM RECORDS,142486.75,181690.37,55
WARTSILA,146449.23,214438.71,408
WASAUKSING FIRST NATION,1062166.10,1275728.52,3
WASTE CONNECTIONS OF CANADA,79490.24,125952.70,27
WASTE MANAGEMENT OF CANADA,72256.59,116098.14,23
WATCH SYSTEMS,1805454.00,3041730.89,1
WATCHGUARD VIDEO,151383.83,152133.94,39
WATERS,81565.90,113469.90,304
WATERSHED INFORMATION TECHNOLOGY,342174.99,588946.67,8
WATERWORKS CONSTRUCTION,2264350.00,2612427.17,1
WAZANA CLOTHING,97818043.20,99491989.67,1
WCG INTERNATIONAL CONSULTANTS,250744619.79,287584904.73,3
WEATHERHAVEN CANADA,17570.39,17570.39,4
WEBSTER ELECTRIC,114432.03,120848.21,43
WEIR CANADA,35202.74,35202.74,8
WESCO DISTRIBUTION CANADA,27103.85,28675.68,102
WEST COAST TUG BARGE,573224.97,519244.16,12
WEST WIND AVIATION,862626.15,867426.15,7
WESTBURY NATIONAL SHOW SYSTEMS,54907.33,57068.84,57
WESTCO CONSTRUCTION,1076440.51,1305039.69,5
WESTCOAST GENESIS SOCIETY,949970.88,2612052.55,7
WESTCOMB OUTERWEAR,11665668.00,11757606.62,1
WESTERN CANADA MARINE RESPONSE,46782.82,464968.07,9
WESTERN MECHANICAL ELECTRICAL,577885.34,670326.03,3
WESTERN PETROLEUM,65986.33,67367.32,63
WESTJET,4021288.02,4007168.35,2
WESTOWER COMMUNICATIONS,67854.07,74094.54,111
WHITE BEAR INDUSTRIES,12350320.96,12669388.35,8
WHITECHURCH CONSTRUCTION,216061.84,230206.05,11
WHOOSHH INNOVATIONS,3197432.50,3472121.27,2
WILCO CONTRACTORS SOUTHWEST,2679189.85,2823178.81,11
WILD STONE ENGINEERING,3326172.61,3499525.27,4
WILDLIFE COMPUTERS,62635.68,62374.99,88
WILDSTONE CONSTRUCTION,4604143.44,4961884.52,10
WILLIAM J BARKER CLINICAL,513995.56,1439033.22,4
WILLS TRANSFER,169414.70,181959.18,50
WINMAR,206885.16,2886718.91,19
WINNIPEG AIRPORT AUTHORITY,313822.19,1991006.44,2
WINTERSTEIGER,103002.53,103410.88,77
WM M 1993,1426982.10,1523260.47,6
WOLTERS KLUWER,47592.03,106866.46,111
WOOD,136795.05,166273.25,166
WOOD CANADA,68824.56,85858.54,360
WOOD ENVIRONMENT INFRASTRUCTURE,36067.74,46399.13,41
WOOD MACKENZIE,243054.39,244859.36,13
WOODWARD S OIL,374065.29,374213.72,54
WOOLLY MAMMOTH OUTERWEAR,29899800.00,49588411.50,2
WORKDYNAMICS TECHNOLOGIES,88647.65,111988.12,131
WORKPLACE HEALTH AND COST SOLUTIONS,519977.88,975001.38,16
WORLD FUEL SERVICES,158566.01,150908.98,5
WORLD UNIVERSITY CONSORTIUM,14836394.00,14836394.00,1
WORLD UNIVERSITY SERVICE OF CANADA,5422979.82,5480298.31,8
WORLDREACH SOFTWARE,919234.62,1297388.69,11
WORLEY PARSONS,495065.81,542357.21,16
WPP GROUP CANADA COMMUNICATIONS,362922.46,401469.12,78
WRIGHT CONSTRUCTION WESTERN,29382150.01,32438561.46,1
WSP,271811.16,600702.75,1052
WTB LANGUAGE GROUP,49399.11,52023.82,77
WYSSEN AVALANCHE CONTROL,825011.99,872931.06,8
XANALYS CANADA,1087020.64,1090598.97,6
XEROX,75803.28,90744.68,1397
XPERA RISK MITIGATION INVESTIGATION,3851686.86,9666034.85,2
XPERT SOLUTIONS TECHNOLOGIQUES,167077.13,475948.12,9
XPERTEK CONSTRUCTION,151590.50,156906.30,33
XTRACT TECHNOLOGIES,211401.01,211401.01,2
YAMAHA MOTORS CANADA,37401.41,37404.03,264
YELLOWHEAD HELICOPTERS,81202.79,81003.43,57
YOURTE CA,86395.59,89130.04,58
ZAYO CANADA,2809564.15,2213405.28,85
ZENITH PAVING,320584.33,347531.58,7
ZERNAM ENTERPRISE,117141.50,195185.95,42
ZODIAC HURRICANE TECHNOLOGIES,605764.31,991740.78,16
ZOLL MEDICAL CANADA,72783.92,99746.83,11
ZUTPHEN CONTRACTOR,1820102.30,1915501.63,25
ZYCOM,273340.97,273340.97,71
