d_vendor_name,mean_amendment_increase_percentage,n
1025178 RANDSTAD INTERIM,1.4819,3
10647802 CANADA,2.0495,6
11983890 CANADA CENTRE,2.575,1
1320376 ONTARIO,0.1022,2
1X1 ARCHITECTURE,0.2603,18
2220742 ONTARIO,0.1065,10
2KEYS,0.5389,4
3469051 CANADA,1.0353,12
3D DATACOMM,-0.6192,4
3M CANADA COMPANY,NA,1
4 OFFICE AUTOMATION,0.3545,30
4083261 CANADA,0.4605,3
49 SOLUTIONS,1.1064,4
4PLAN CONSULTING,1.1481,5
529040 ONTARIO AND 880382,0.3878,12
727619 ALBERTA O A ROUGHRIDER,0.079,1
7305516 CANADA,0.0779,5
736902 ONTARIO,0.0363,5
73719 NEWFOUNDLAND LABRADOR,1.0647,4
851791 NWT,-0.0021,1
9006 9311 QUEBEC,0.4448,4
9053 9776 QUEBEC,3.7786,4
9090 5092 QUEBEC,0.1045,3
9099 3593 QUEBEC INTER PROJE,0.0946,2
9168516 CANADA,0.1645,1
9275 0181 QUEBEC,0.0698,2
A HUNDRED ANSWERS,1.0405,8
AB SCIEX,1.9898,9
ABB,0.4225,12
ABBOTT,NA,9
ACADIAN DREDGING,-0.1168,9
ACART COMMUNICATIONS,1.6489,2
ACCENTURE,3.1124,31
ACCESS 2 NETWORKS,0.7072,3
ACKLANDS GRAINGER,-0.2128,10
ACME FUTURE SECURITY CONTROLS,0.2855,13
ACOSYS CONSULTING SERVICES,1.4302,30
ACT,1.539,3
ACTION PERSONNEL OF OTTAWA HULL,1.6929,18
ADAPT PHARMA CANADA,0.9162,2
ADGA GROUP,Inf,28
ADOBE,0.3853,8
ADPEARL,9.64,1
ADRM TECHNOLOGY CONSULTING,1.2125,109
ADVANCED BUSINESS INTERIORS,0.2249,45
ADVANCED CHIPPEWA TECHNOLOGIES,0.9388,32
ADVANCED PARAMEDIC,2.5158,2
AECOM,NA,85
AEG FUELS,-0.1894,1
AERO FEU,-0.8766,2
AERO SUPPLIES,0.0397,22
AEROPORTS DE MONTREAL,1.4356,1
AEROPRO,0.3622,1
AFC INDUSTRIES,0.5177,2
AFN ENGINEERING,0.4875,49
AGILENT,0.8401,37
AIM HEALTH GROUP,0.5169,4
AINSWORTH,0.8365,15
AIR INUIT,1.0125,1
AIR LIQUIDE CANADA,0.3728,42
AIR TINDI,1.0797,7
AIRBUS,0.565,21
ALBERTA SEVENTH STEP SOCIETY,3.9255,1
ALCAIDE WEBSTER ARCHITECTS,NA,10
ALINEA INTERNATIONAL,-0.1462,1
ALLEN HASTINGS,0.0089,3
ALLIANCE ENERGY,0.1373,3
ALLIANCE ENGINEERING CONSTRUCTION,0.2573,2
ALLIED PAVING,-0.0654,1
ALLIED SHIPBUILDERS,0.5036,11
ALPINE AEROTECH,0,4
ALPINE HELICOPTERS,0.0773,10
ALS CANADA,0.2572,18
ALTIS HUMAN RESOURCES,Inf,198
ALVA CONSTRUCTION,0.0467,3
AMAZON,10.4386,22
AMD MEDICOM,NA,2
AMDOCS,1.02,1
AMEC FOSTER WHEELER AMERICAS,0.2543,15
AMERESCO CANADA,82.7506,7
AMERICAN BUREAU OF SHIPPING,-0.2623,11
AMEX BANK OF CANADA,0,1
ANCHOR QEA,0.275,1
ANIXTER CANADA,0,2
ANSYS CANADA,0.5755,6
AON REED STENHOUSE,3.4205,15
APOTEX,-14.0964,1
APPAREL TRIMMINGS,1.0234,9
APPLIED ELECTONICS,2.3034,20
APPTION,4.289,5
APRON FUEL SERVICES,0.5474,4
APS AVIATION,0.5681,1
AQUA GUARD SPILL RESPONSE,0.8241,2
ARCADIS CANADA,NA,73
ARCHITECTURE 49,0.42,30
ARCHITECTURE EVOQ,0.341,10
ARCP ATLANTIC ROAD CONSTRUCTION,0.1739,2
ARCTIC CANADA CONSTRUCTION,0.1592,3
ARI FINANCIAL SERVICES,22.2232,85
ARIS GLOBAL,2.7766,3
ARTEMP PERSONNEL SERVICES,NA,46
ARTEX SPORTSWEAR,0.7665,6
ASBEX,0.2914,18
ASC GERMANY,0.1109,2
ASOKAN BUSINESS INTERIORS,0.0424,13
ASSOCIATED ENGINEERING,0.8117,23
ATCO,Inf,76
ATLANTIC BUSINESS INTERIORS,0.1696,6
ATLANTIC TOWING,0.2949,1
ATLANTICA MECHANICAL CONTRACTORS,0.2998,6
ATS SERVICES,0.15310000000000001,6
ATTACHMATE,1.1092,6
ATWILL MORIN,0.2678,6
AV TECH,0.8716,11
AVI SPL CANADA,0.1136,28
AVJET HOLDING,0.2652,5
AVMAX AVIATION SERVICES,0.8702,4
AVONDALE CONSTRUCTION,0.2478,9
AXYS TECHNOLOGIES,2.7002,9
AZIMUTH CONSULTING GROUP,3.2841,2
B L ASSOCIATES,0.9834,1
B R ENTERPRISES,0.0737,8
B T L CONSTRUCTION,2.3555,1
BAJA CONSTRUCTION CANADA,0.0847,4
BALODIS,-0.3329,2
BANCTEC CANADA,0.4432,2
BANFIELD SEGUIN,35.0159,8
BARGREEN ELLINGSON,0.0544,9
BARR ENGINEERING AND ENVIRONMENTAL,0.3978,7
BARRIE MACKAY CONTRACTING,0.1624,1
BAXTER,2.6745,1
BAY CONSTRUCTION MANAGEMENT,0.068,4
BAYSHORE HEALTHCARE,NA,27
BC HYDRO,-0.007,13
BDO CANADA,0.9418,86
BEAUDOIN CANADA,0.3324,1
BEAVER AIR CHARTER CONSULTANTS,-0.1835,16
BECKMAN COULTER CANADA,0.4414,7
BELL AND HOWELL CANADA,0.7409,5
BELL CANADA,1779.1411,167
BELL TEXTRON,0.0079,14
BERGEVIN ELECTRICAL CONTRACTING,0.1842,1
BERVIN CONSTRUCTION,0.1753,3
BGLA,1.5147,6
BIGHORN CONSTRUCTION,0.1154,4
BIGHORN HELICOPTERS,0.5425,9
BIO NUCLEAR DIAGNOSTICS,NA,3
BIOMERIEUX CANADA,NA,10
BIRD CONSTRUCTION COMPANY,0.0889,2
BISSON FORTIN ARCHITECTURE,1.0811,8
BLACK MCDONALD,1.2712,32
BLACKBERRY,998896.27,3
BLUEDOT,0.6741,3
BLUEWAVE ENERGY,1.8335,8
BLUMETRIC ENVIRONMENTAL,0.8116,30
BMC SOFTWARE CANADA,1.1216,13
BMT FLEET TECHNOLOGY,0.1594,1
BOEHM HOTEL,1.588,1
BOLESS,0.1599,4
BOLLORE LOGISTICS,0.254,5
BOMBARDIER,0.0672,7
BOMIMED,0.0846,1
BOUTHILLETTE PARIZEAU,Inf,16
BOYD MOVING STORAGE,0.3207,6
BP M GOVERNMENT IM IT CONSULTING,1.7881,6
BRAGG COMMUNICATIONS,0.0011,1
BRANDT TRACTOR,0.4954,1
BRAWN CONSTRUCTION,0.4017,6
BRETON MICHEL MD,2.7191,4
BRIDGES OF CANADA,1.2419,5
BRIQUETAL,0.3895,3
BRITTON ELECTRIQUE,0.0817,1
BROADNET TELECOM,-0.3384,7
BROADWATER INDUSTRIES,-0.149,3
BRONSWERK MARINE,0.1253,1
BRONTE CONSTRUCTION PORT DALHOUSIE REHABILITATION TRUST ACCOUNT,4.1721,1
BROOK CONSTRUCTION,-0.2025,4
BROOKFIELD ASSET MANAGEMENT,0.9,1
BROOKFIELD GLOBAL INTEGRATED SOLUTIONS,0.4956,13
BRS INNOVATIONS,2.579,4
BRUKER,0.8813,5
BUDGELL S EQUIPMENT RENTALS,-0.0038,2
BULLDOG CONTRACTING,0.7003,2
BUREAU VERITAS CANADA,0.4941,52
BUTTCON EAST,1.2662,2
C CORE,0.9521,2
CA,0.3556,2
CACHE COMPUTER CONSULTING,2.0851,88
CAE,-0.3623,2
CALIAN,NA,190
CALKO GROUP,0.2801,2
CALTRIO COMPANY,2.372,5
CAMPBELL DRUG STORES,0,1
CAMPBELL SCIENTIFIC CANADA,1.8014,10
CAN AM PLATFORMS CONSTRUCTION,0.7495,2
CANADA POST,1.7632,26
CANADENSYS AEROSPACE,0.1073,3
CANADIAN BANK NOTE COMPANY,0.902,3
CANADIAN CORPS OF COMMISSIONAIRES,2.1363,1110
CANADIAN DEVELOPMENT CONSULTANTS,1.177,10
CANADIAN FISHING COMPANY,0.3304,1
CANADIAN HELICOPTERS,0.4824,23
CANADIAN LEASEBACK,0.5976,9
CANADIAN MARITIME ENGINEERING,1.5206,46
CANADIAN NORTH,0.2193,3
CANADIAN PAEDIATRIC SOCIETY,0.0392,1
CANADIAN RED CROSS,5.0968,6
CANADIAN STANDARDS ASSOCIATION,-0.1632,5
CANADYNE TECHNOLOGIES,4.3775,2
CANMEC INDUSTRIEL,-0.0043,1
CANON,0.4587,60
CANTEX OKANAGAN CONSTRUCTION,0.0281,2
CARAHSOFT TECHNOLOGY,1.0428,20
CARLETON ELECTRIC,0.1045,3
CARLETON UNIVERSITY,0.7564,10
CARMICHAEL ENGINEERING,0.344,4
CARO ANALYTICAL SERVICES,0.4861,6
CARSWELL,0.51,2
CATHOLIC SOCIAL SERVICES,4.5317,2
CBCI TELECOM,0.3244,32
CBCL,0.8006,33
CCM CONSTRUCTION,0.0554,1
CCR CONSTRUCTION,0.2493,2
CDCI RESEARCH,1.3796,18
CDW CANADA,9.3067,51
CEDROM SNI,0.9913,3
CEGERCO,0.0545,1
CELEB CONSTRUCTION,0.2097,3
CELLEBRITE,0.5044,2
CERIDIAN,0.9978,1
CGI,1.2133,79
CH2M HILL CANADA,0.9395,3
CHANDOS CONSTRUCTION,-0.0778,5
CHANNEL MANAGEMENT INTERNATIONAL,1.05,2
CHANTIER DAVIE CANADA,2.0146,4
CHARRON HUMAN RESOURCES,11.5241,14
CHARTER TELECOM,1.1749,2
CHEVRON,-0.4725,1
CHU SAINTE JUSTINE,0.8767,5
CHUBB EDWARDS,Inf,15
CIMA,1.3859,42
CIRCLE OF EAGLES LODGE SOCIETY,2.1657,1
CISION CANADA,1.3574,9
CISTEL TECHNOLOGY,1.8718,70
CITRIX,1.1161,4
CLARIANT CANADA,0,3
CLEANMATTERS JANITORIAL SERVICES,1.4114,4
CLEARWATER STRUCTURES,0.1178,2
CLICK NETWORKS,0.9435,12
CLOSEREACH,6.5646,24
CNW GROUP,0.8492,16
COADY CONSTRUCTION EXCAVATING,0.0919,6
COASTAL RESTORATION MASONRY,0.0556,2
COFOMO,NA,196
COLLIERS PROJECT LEADERS,0.9863,55
COLT CANADA,0.1476,4
COLUMBIA FUELS,0.2796,3
COMBAT NETWORKS,0.8842,38
COMMPOWER,-0.2556,1
COMMVAULT SYSTEMS,0.9684,2
COMPAGNIE AMPLEXOR CANADA,0.5462,12
COMPUCOM CANADA,0.1347,24
COMPUTER ASSOCIATES CANADA,0.0107,2
COMPUWARE OF CANADA,1.3594,2
CON PRO INDUSTRIES CANADA,0.247,9
CONCEPT CONTROLS,0,1
CONEXSYS,0.0851,4
CONFECTION AVENTURE,0.0269,1
CONNECTIVE SUPPORT SOCIETY,3.2188,1
CONNEX TELECOMMUNICATIONS,0.4308,2
CONOSCENTI TECHNOLOGIES,1.2759,3
CONSTRUCTION BLANCHARD ET,0.0951,1
CONSTRUCTION BUGERE,0.1045,7
CONSTRUCTION COTE FILS,0.1722,1
CONSTRUCTION CYBCO,0.1092,3
CONSTRUCTION DEMATHIEU BARD,0.2281,4
CONSTRUCTION DERIC,9.9307,8
CONSTRUCTION J R SAVARD,0.1225,2
CONSTRUCTION JESSIKO,0.1046,3
CONSTRUCTION LFG,0.2756,10
CONSTRUCTION SIMDEV,0.1267,2
CONSTRUCTION SOCAM,0.1999,1
CONSTRUCTIONS BSL,0.2131,5
CONTRACT COMMUNITY,0.9261,11
CONVERGINT TECHNOLOGIES,Inf,8
COPCAN CIVIL,0.3344,3
CORADIX TECHNOLOGY CONSULTING,1.9311,188
CORBEL MANAGEMENT,1.9316,3
COSSETTE COMMUNICATIONS,13.0522,110
COUGAR ENGINEERING CONSTRUCTION,0.0395,2
COWI NORTH AMERICA,0.4818,3
CPCS TRANSCOM,0.1718,5
CRANDALL ENGINEERING,2.333,10
CRC CURE LABELLE,1.4022,1
CRUICKSHANK CONSTRUCTION,0.3035,1
CSDC SYSTEMS,1.0424,9
CULLEN DIESEL POWER,0.3136,4
CUMMINS CANADA,Inf,15
CWP CONSTRUCTORS,0.156,5
CYMI CANADA,0.1695,1
CYTELLIGENCE,4.3302,1
D DOYLE INSTALLATIONS,1.3467,16
D F S,0.7321,15
D MARK BIOSCIENCES,1.3801,1
D4IS SOLUTIONS,1.3188,5
DAIMLER,0,1
DALHOUSIE UNIVERSITY,0.5212,8
DALIAN ENTERPRISES,14.2372,49
DASCO EQUIPMENT,0.2829,13
DATA COMMUNICATIONS MANAGEMENT,NA,8
DAVID S LAFLAMME CONSTRUCTION,0.0698,2
DAWSON CONSTRUCTION,0.156,4
DBC MARINE SAFETY SYSTEMS,2.0054,2
DCL CONSTRUCTION SERVICES,0.0901,6
DE ANGELIS CONSTRUCTION,1.0308,1
DECISIVE GROUP,1.0504,1
DECISIVE TECHNOLOGIES,0.4197,5
DEFRAN,0.2813,7
DELCO AUTOMATION,0.435,8
DELL COMPUTER,0.2802,26
DELOITTE AND TOUCHE,Inf,179
DESIRE2LEARN,292.5696,1
DEVLIN CONSTRUCTION,0.383,1
DEW ENGINEERING,Inf,6
DEXTER CONSTRUCTION,0.1412,21
DEXTERRA,1.1943,2
DF BARNES SERVICES,0.6171,9
DHL EXPRESS CANADA,3.4278,8
DIAMOND AND SCHMITT ARCHITECTS,0.1783,1
DILIGENS,1.9859,1
DILLON CONSULTING,1.1196,107
DISMAS SOCIETY,1.117,1
DLS TECHNOLOGY,0.7781,9
DNR CONSULTING GROUP,0,3
DOMUS BUILDING CLEANING,2.8321,2
DONNA CONA,NA,96
DRAEGER,2.0001,1
DRAGAGE IM,0.4128,4
DRAGAGE OCEAN DSM,-0.0216,7
DRS TECHNOLOGIES CANADA,0.2303,1
DSS MARINE,0.4005,4
DST CONSULTING ENGINEERS,0.9873,27
DYMECH ENGINEERING,0.6146,1
DYNABOOK CANADA,0.8048,6
DYNACARE,3.4028,26
DYNAMIC CONSTRUCTION,-0.0136,3
DYNAMIC FACILITY SERVICES,1.2068,3
DYNAMIC PERSONNEL CONSULTANTS,1.5114,47
E CONSTRUCTION,0.0355,2
E D BRUNET ET ASSOCIES CANADA,0.8803,1
EAGLE PROFESSIONAL RESOURCES,0.9508,17
EAST ELGIN CONCRETE FORMING,0.2079,5
EASTPOINT ENGINEERING,0.5801,11
EBC,0.0486,1
EBERHARD VON HUENE ASSOCIATES,0.1677,3
EBSCO CANADA,0.9462,17
ECLIPSYS SOLUTIONS,11.9236,34
ECO TECHNOLOGIES,-0.1657,6
ECOLE DE LANGUES ABCE,0.6446,60
ECOLE DE LANGUES LA CITE,1.5591,29
EDWARD COLLINS CONTRACTING,0.1611,3
EIFFAGE INNOVATIVE CANADA,0.1039,3
EKOS RESEARCH ASSOCIATES,0.5295,6
ELIZABETH FRY SOCIETY,2.7708,1
ELLISDON,52.2112,8
ELSEVIER,1.132,17
EMCON SERVICES,0.5587,2
EMERGENT BIOSOLUTIONS,77.3576,1
EMIL ANDERSON CONSTRUCTION,0.0716,3
EMMANUEL CONSTRUCTION SERVICES,0.1698,5
EMPOWERED NETWORKS,1.7112,7
ENGLOBE,NA,77
ENTREPRISE CLAVEAU,0.101,1
ENTRUST,0.1192,5
ENVIRONICS RESEARCH GROUP,9e-4,9
ENVIROSAFE JANITORIAL,2.8462,2
EPERFORMANCE,0.9172,6
ERNST YOUNG,1.437,73
ESBE SCIENTIFIC INDUSTRIES,0.2199,6
ESRI,0.7981,19
ETHIOPIAN AIRLINES GROUP,0,1
EUROVIA QUEBEC CONSTRUCTION,0.2639,2
EVALUATION PERSONNEL SELECTION,1.0113,22
EVEREST CONSTRUCTION MANAGEMENT,0.1702,3
EVRIPOS JANITORIAL SERVICES,1.0544,3
EXACT LEGAL TRANSLATIONS,1.6564,3
EXCAVATION LOISELLE,0.0861,1
EXCAVATION RENE ST PIERRE ENG,0.1054,1
EXCEL HUMAN RESOURCES,3984.085,454
EXP SERVICES,NA,25
FACCA,0.1682,1
FACTIVA,1.7207,8
FAIRBANKS MORSE ENGINE,963.9475,36
FARMER CONSTRUCTION,0.0384,1
FAST FORWARD FRENCH,0.6571,74
FAST TRACK STAFFING,0.6858,20
FCA CANADA,1.1258,34
FEAST INTERACTIVE,NA,7
FEDERAL EXPRESS CANADA,Inf,11
FELIX TECHNOLOGY,0.3155,10
FERENCE COMPANY CONSULTING,Inf,8
FIDELITY ENGINEERING CONSTRUCTION,0.3073,2
FINNING INTERNATIONAL,0.7425,7
FIRST AIR,2.3354,1
FIRST PEOPLES INFRA,0.0186,2
FISH FOOD AND ALLIED WORKERS,4.2344,3
FISHER PAYKEL HEALTHCARE,0.5763,2
FLEETWAY,0.3951,2
FLEX KNIT,-0.0338,2
FLIGHT FUELS,0,2
FLIGHTSAFETY CANADA,2.9825,1
FLOYD S CONSTRUCTION,0.1492,8
FLUID ENERGY GROUP,0.0575,1
FLYNN CANADA,0.1386,1
FMC PROFESSIONALS,NA,13
FONDATION CARREFOUR NOUVEAU MONDE,-0.1742,1
FORD MOTOR COMPANY,0.2623,181
FORREST GREEN CONSULTING,4.2827,2
FORRESTER RESEARCH,0.3875,9
FOURNIER CONSTRUCTION INDUSTRIELLE,1.1792,1
FRANCIS CANADA TRUCK CENTRE,-0.0575,2
FRASER RIVER PILE DREDGE GP O,0.1016,1
FRECON CONSTRUCTION,0.1488,1
FREEBALANCE,0.7575,10
FREQUENTIS CANADA,1.4157,4
FRESENIUS KABI CANADA,0.7637,2
FSC,0.2372,1
FUGRO GEOSURVEYS,0.0971,5
FUJITSU,1.858,16
FUNDY CONTRACTORS,0.0314,1
FVB ENERGY,0.3405,35
G4S SECURITY SERVICES,2.9977,6
GAMBLE TECHNOLOGIES,0.8314,3
GARDA SECURITY GROUP,2.1924,16
GARTNER,0.1562,62
GAT INTL LOCALIZATION SERVICES,0,1
GATESTONE,0.8376,3
GATEWAY MECHANICAL SERVICES,0.1808,9
GAUDETTE S TRANSIT MIX,0.0634,6
GC STRATEGIES,2.0471,29
GDI SERVICES,1.2106,16
GEMMA PROPERTY SERVICES,2.2067,4
GEMTEC,1.4879,26
GENERAL ELECTRIC CANADA,0.1602,4
GENERAL MOTORS,0.5198,78
GENESIS INTEGRATION,-0.0715,17
GENOME QUEBEC,1.0282,12
GEORGE COUREY,0.065,2
GESTION AJ,0.1982,7
GETINGE CANADA,2.8603,5
GFL ENVIRONMENTAL,4.8348,10
GHD,0.2577,20
GILMORE REPRODUCTIONS,0.8494,8
GLASSHOUSE SYSTEMS,1.1651,1
GLAXOSMITHKLINE,1.4325,4
GLOBAL KNOWLEDGE,-0.0909,10
GLOBAL LIFE SCIENCES SOLUTIONS,-0.0884,7
GLOBAL TOTAL OFFICE,0.0644,2
GLOBAL UPHOLSTERY,0.0826,9
GO DEEP INTERNATIONAL,0.0462,6
GOLDER ASSOCIATES,NA,84
GOSS GILROY,Inf,14
GRAHAM CONSTRUCTION,0.1826,3
GRAND TOY,0.369,10
GRANITE MANAGEMENT,-0.013,6
GRAW RADIOSONDES,0.071,1
GRAYBRIDGE INTERNATIONAL CONSULTING,1.1047,140
GRC ARCHITECTS,0.4763,6
GREAT SLAVE HELICOPTERS,0.2621,17
GREATER TORONTO AIRPORT AUTHORITY,3.3809,3
GREENDALE RESOURCES,0.1514,5
GREENFIELD CONSTRUCTION,0.03,9
GREG VAN WYK PROFESSIONAL,0.1391,2
GRIFFIN ENGINEERED SYSTEMS,0.0583,2
GROUPE ENERGIE BDL,-0.4175,1
GROUPE ONSCOPE,0.7395,1
GROUPE ROBERT,0.0284,1
GW REALTY,0.1192,5
H J R ASPHALT,0.0174,1
HAMEL CONSTRUCTION,0.069,4
HARBOURSIDE ENGINEERING CONSULTANTS,1.0273,16
HARNOIS ENERGIES,-0.1031,11
HATCH,-0.3688,1
HAWBOLDT INDUSTRIES,0.084,7
HAWORTH,0.1356,11
HAZELWOOD CONSTRUCTION SERVICES,0.2291,1
HEAVY METAL MARINE,NA,10
HEDDLE MARINE SERVICES,0.4963,29
HELITRADES,0.4763,7
HEMMERA ENVIROCHEM,NA,4
HERCULES SLR,9.1315,2
HERITAGE RESTORATION,0.265,2
HERRING CONSERVATION AND RESEARCH SOCIETY,0.9689,2
HEWLETT PACKARD,1.7562,6
HIGHLANDS FUEL DELIVERY,0.2995,6
HIKE METAL PRODUCTS,0.1272,1
HIPPERSON CONSTRUCTION,0.0129,1
HITACHI DATA SYSTEMS,1.4478,8
HOLLAND COLLEGE,4.0941,1
HONEYWELL,0.6877,31
HORIZANT,3.4013,7
HOSKIN SCIENTIFIC,0.2897,11
HOULE ELECTRIC,0.0368,9
HOUSE OF HOPE,3.7394,3
HUBSPOKE,1.5143,2
HYPERTEC,1.375,35
I4C INFORMATION TECHNOLOGY,1.5686,17
IBI GROUP ARCHITECTS CANADA,0.4763,1
IBISKA TELECOM,1.4952,79
IBM CANADA,2.9365,111
ICEBERG NETWORKS,1.2177,7
ICU MEDICAL CANADA,0,1
IDS SYSTEMS CONSULTANTS,2.0775,2
IFATHOM,0.8978,9
IHS GLOBAL,0.3733,3
IIC TECHNOLOGIES,0.1679,15
ILLUMINA CANADA,0.7421,23
IMP GROUP,0.8257,5
IMPERIAL CLEANERS,2.8858,3
IMPERIAL OIL,2.3379,65
IMTECH MARINE CANADA,0.2388,3
INDIVIOR UK,7.153,2
INDUSTRA CONSTRUCTION,NA,21
INDUSTRIES OCEAN,0.8507,6
INFO TECH RESEARCH GROUP,1.0155,3
INFOSYS,0.6618,1
INKSMITH,0,1
INMARSAT SOLUTIONS,1.5753,3
INNOVASEA MARINE SYSTEMS CANADA,-0.3444,10
INSA,1.0281,19
INSTALLATIONS DELIVERIES PLUS OTTAW,0.0983,1
INSTITUT NATIONAL D OPTIQUE,0.2626,2
INSTRUX MEDIA,1.0176,2
INTEGRA NETWORKS,2.2156,4
INTEGRATED DISTRIBUTION SYSTEMS,1.6446,3
INTER MEDICO,NA,5
INTER OUTAOUAIS,0.0613,1
INTERACTIVE AUDIO VISUAL,-0.0884,12
INTERCON MARINE,1.9105,11
INTERGRAPH CANADA,2.0604,1
INTERNATIONAL REPORTING,0.1873,13
INTERNATIONAL SAFETY RESEARCH,-0.4632,3
INTEROUTE CONSTRUCTION,-0.0863,3
INTERWORKS CONTRACTING,0.5075,2
INUKSHUK CONSTRUCTION,0.2128,1
INVENTA SALES AND PROMOTIONS,1.76,1
IPSOS,0.2694,6
IPSS,130009.8282,24
IRON MOUNTAIN,1.1528,109
IRVING OIL,0.2203,26
IRVING SHIPBUILDING,0.6,3
ISOPLEX,0,1
IT NET CONSULTANTS,1.2491,29
ITEX,0.6046,16
IWC EXCAVATION,0.2068,3
J 1 CONTRACTING,0.0021,1
J D G CONSTRUCTION MANAGEMENT,0.0603,1
J E ENTERPRISES,0.1237,6
J J LEPERA INFRASTRUCTURES,0.0489,1
J J TRAILERS MANUFACTURERS AND SALES,0.1204,1
J L RICHARDS ASSOCIATES,Inf,22
J M J HOLDINGS,0.0477,2
J N A LEBLANC ELECTRIQUE,0.1923,1
J O THOMAS ASSOCIATES,2.7864,6
J P GRAVEL CONSTRUCTION,0.1366,5
J STERLING INDUSTRIES,5e-4,1
J W LINDSAY ENTERPRISES,0.1676,1
JANKEL TACTICAL SYSTEMS,3.9723,3
JASCO APPLIED SCIENCES CANADA,0.6414,11
JASTRAM ENGINEERING,1.1862,2
JEMTEC,0.13,1
JIM PATTISON INDUSTRIES,2.2835,17
JJM CONSTRUCTION,0.4181,2
JOHN HOWARD SOCIETY,2.1057,45
JOHN WILEY SONS,0.4317,5
JOHNSON CONTROLS CANADA,6.5779,7
JOHNSON S CONSTRUCTION,0.2134,6
JONELJIM CONCRETE CONSTRUCTION,9.756,8
JONES LANG LASALLE,0.7477,11
JOSEPH ELIE,0.0078,6
JOSEPH RIBKOFF,0.087,1
JP2G CONSULTANTS,NA,6
JUMEC CONSTRUCTION,0.483,3
K C E CONSTRUCTION,0.5172,1
KANTER MARINE,0.3194,6
KASIAN ARCHITECTURE INTERIOR DESIGN,0.733,12
KAYWAY INDUSTRIES,0.2071,4
KENN BOREK AIR,0.0954,14
KETZA PACIFIC CONSTRUCTION,0.2559,7
KEYDATA ASSOCIATES,0.2508,4
KEYSIGHT TECHNOLOGIES CANADA,0.9055,2
KEYSTONE ENVIRONMENTAL,0.5805,8
KEYSTONE SUPPLIES INTERNATIONAL,0.0162,9
KF AEROSPACE,0.3595,10
KFN ENTERPRISES PARTNERSHIP,0.279,1
KIA CANADA,-0.0083,8
KINETIC CONSTRUCTION,0.1973,3
KING HOE EXCAVATING,0.1973,2
KINGHAVEN PEARDONVILLE HOUSE SOCIETY,2.1448,2
KMS INDUSTRIES,0.4805,4
KONE,2.0182,7
KONGSBERG,0.1797,12
KONICA MINOLTA BUSINESS SOLUTIONS,0.4577,42
KONTZAMANIS GRAUMANN SMITH,0.1812,19
KPMG,1.882,45
KUBOTA CANADA,0.0031,4
KUDLIK CONSTRUCTION,-0.0033,4
KWC ARCHITECTS,NA,8
KYNDRYL CANADA,0.7071,4
L A HEBERT,0.0501,3
L BREAU AND SONS,0.1432,4
L D WATSON E S MACEWEN ALLAN,2.2734,5
L P ROYER,0.5631,2
L W DENNIS CONTRACTING,0.3445,1
L3HARRIS,2.2769,7
LABORATOIRES OMEGA,0.9735,1
LANDCO CONSTRUCTION,0.125,4
LANDFORM CIVIL INFRASTRUCTURES,0.1655,2
LANGUAGE RESEARCH DEVELOPMENT GROUP,1.8495,47
LANNICK CONTRACT SOLUTIONS,1.6499,20
LANSDOWNE TECHNOLOGIES,Inf,6
LAPORTE EXPERTS CONSEILS,0.6753,2
LARCH HALF WAY HOUSE OF SUDBURY,0.6092,1
LARRY PENNER ENTERPRISES,-0.1144,3
LAVAL FORTIN,0.8004,1
LE GROUPE DRUMCO CONSTRUCTION,0.0557,1
LEAR CONSTRUCTION,-0.0023,1
LEC ENGINEERING CONTRACTING,0.1014,1
LEDCOR CONSTRUCTION,0.0994,1
LEMAY,0.9396,4
LENGKEEK VESSEL ENGINEERING,0.6137,7
LEO PISCES SERVICES GROUP,1.8121,10
LEONARDO,3.3756,1
LES CONSTRUCTIONS BELAND,0.1687,1
LES CONSTRUCTIONS BINET,0.1342,3
LES CONSTRUCTIONS DES ILES,0.333,3
LES ENTREPRISES FERVEL,0.7974,3
LES ENTREPRISES MICHAUDVILLE,0.195,1
LES ENTREPRISES P E C,0.2561,11
LES EQUIPEMENTS CLAUDE PEDNEAULT,0.4705,3
LES HUILES DESROCHES,0.18,6
LES INSTALLATIONS ELECTRIQUES,0.1192,1
LES TRADUCTEURS REUNIS,0.7363,4
LES TRADUCTIONS TESSIER,1.9376,13
LES TRAITEURS BYTOWN CATERING,1.8742,1
LESAGE DAVID DR,2.5596,3
LESLIE BENN CONTRACTING,0.0286,4
LEVAERO AVIATION,14.5765,9
LEVITT SAFETY,0.9465,8
LEXISNEXIS CANADA,1.6623000000000001,8
LIFE TECHNOLOGIES,4.1495,20
LIFELABS,1.3117,3
LIFESPEAK,3,2
LIKE 10,3.6236,5
LIONBRIDGE,Inf,111
LLOYD LIBKE LAW ENFORCEMENT SALES,0.5876,3
LLOYD S REGISTER CANADA,-0.213,6
LOCKHEED MARTIN,1.021,1
LOGISTIK UNICORP,0.1235,2
LOUIS W BRAY CONSTRUCTION,0.1955,4
LOWE MARTIN COMPANY,NA,9
LRO STAFFING,0.9283,8
LS TELCOM,0.1011,1
LUMINA IT,1.4122,118
LUMINULTRA TECHNOLOGIES,74.1308,2
LUXTON CONSTRUCTION,0.1268,9
M D CHARLTON,1.8409,8
M D STEELE CONSTRUCTION,0.0321,1
M R ENGINEERING,0.6172,3
M SULLIVAN SON,0.2919,2
MACDONALD DETTWILER AND ASSOCIATES,0.9329,24
MACEWEN PETROLEUM,3.0522,11
MACONNERIE DYNAMIQUE,0.305,5
MACONNERIE RAINVILLE ET FRERES,0.1065,5
MADSEN DIESEL TURBINE,0.872,18
MAGAL S3 CANADA,0.2304,4
MAGELLAN AEROSPACE,3.7801,1
MAISON CHARLEMAGNE,1.9266,1
MAISON CROSS ROADS DE LA SOCIETE,1.8178,2
MAISON DECISION HOUSE,0.4505,1
MAISON JEUN AIDE,2.3033,1
MAISON PAINCHAUD,2.2607,1
MAKWA RESOURCING,0.9547,29
MANIFEST COMMUNICATIONS,1.3448,2
MANPOWER SERVICES CANADA,0.8417,3
MAPLE REINDERS CONSTRUCTORS,0.0964,1
MAPLESOFT CONSULTING,0.9805,168
MARINE CONTRACTORS,-0.1315,7
MARINE RECYCLING,0.2526,7
MARINENAV,1.845,21
MARITIME FENCE,0.4866,2
MARITIME FUELS,0.364,10
MARTECH ELECTRICAL SYSTEMS,0.2085,2
MASKIMO CONSTRUCTION,0.0743,1
MASONTECH,0.6932,2
MATCON ENVIRONMENTAL,NA,5
MAVERIN,4.7904,8
MAXIM 2000,0.1646,3
MAXSYS STAFFING AND CONSULTING,1.2712,48
MAXXAM ANALYTICS,Inf,6
MCCOLMAN SONS DEMOLITION,-0.0877,1
MCELHANNEY ASSOCIATES,0.4397,26
MCGREGOR GEOSCIENCE,2.0034,2
MCKESSON CANADA,0.13,21
MCKINSEY AND COMPANY,2.0538,4
MCKNIGHT ENTERPRISES,0.1392,2
MCNALLY CONSTRUCTION,-0.0832,5
MCW CUSTOM ENERGY SOLUTIONS,Inf,4
MDOS CONSULTING,NA,18
MED ENG HOLDINGS,0.5,2
MEDAVIE,2.5042,1
MEDIA Q,0.5573,27
MEDTRONIC CANADA,3.3391,1
MEEWASINOTA CRF,1.0393,2
MEGA TECH,0.1927,6
MEGALEXIS COMMUNICATIONS,1.3318,34
MEGGITT,0.151,1
MERCK FROSST,0,1
MERCURY MARINE,-0.1758,6
MESSA COMPUTING,2.2236,13
METOCEAN TELEMATICS,2.2603,12
METRO LOGISTICS,0.635,1
METRO PAVING AND ROAD BUILDING,0.1438,6
MGIS,2.0115,22
MICHAEL WAGER CONSULTING,0.6955,18
MICHANIE CONSTRUCTION,0.2356,7
MICRO FOCUS CANADA,5.2588,6
MICRONOSTYX,1.892,2
MICROSOFT CANADA,5.0779,121
MID CANADA MOD CENTER,0.4434,18
MID VALLEY CONSTRUCTION,0.2287,2
MIKE KELLY SONS,-0.0201,2
MILESTONE ENVIRONMENTAL,0.2008,9
MILLBROOK TACTICAL,0.6516,3
MINDWIRE SYSTEMS,1.5646,312
MINISTRY OF FINANCE,0.1581,2
MISHKUMI TECHNOLOGIES,0.2538,10
MITSUBISHI MOTOR SALES,-0.0513,38
MNP,1.8674,16
MOBILE RESOURCE GROUP,3.0492,2
MODERN CONSTRUCTION,0.055,2
MODIS CANADA,2.1241,277
MOERAE SOLUTIONS,62900.2862,9
MOMENTUM SOLUTIONS,0.8154,3
MONERIS,0,1
MOORE CANADA,10.6004,14
MORIYAMA TESHIMA ARCHITECTS,0.6408,2
MORNEAU SHEPELL,0.4219,7
MORPHO CANADA,0.1302,3
MORRISON HERSHFIELD,NA,20
MOSS DEVELOPMENT,0.2486,3
MOTOROLA SOLUTIONS CANADA,0.4519,34
MTM 2 CONTRACTING,-0.0185,3
MTS ALLSTREAM,3.328,87
MUFACTOR,0,1
MUNICIPAL READY MIX,0.1013,6
MURRAYS WINDERMERE GARDENS,2.4967,1
MUSTANG HELICOPTERS,0.8292,7
MUSTANG SURVIVAL,0.0809,7
MWCO,0.4996,1
N12 CONSULTING,2.9199,5
"NADINE INTERNATIONAL",14.5394,14
"NAHANNI CONSTRUCTION",0.2746,1
"NAPPAQ DESIGN CONSTRUCTION",0.1177,1
"NATIONAL ARTS CENTRE",1.149,1
"NATIONAL STRUCTURES",0.0508,2
"NATIONS TRANSLATION GROUP",1.4238,86
"NATIVE CLAN ORGANIZATION",0.9351,2
"NATTIQ",Inf,19
"NAUT MAWT TRIBAL COUNCIL",0.1667,1
"NAV CANADA",1.1114,3
"NAVAMAR",0.2605,3
"NAVPOINT CONSULTING GROUP",3.3859,8
"NAVTECH",0,1
NDL CONSTRUCTION,0.501,2
NELSON ENVIRONMENTAL REMEDIATION,-0.0976,4
NEPTEC DESIGN GROUP,1.0772,3
NEPTUNE SECURITY SERVICES,3.1537,2
NEWDOCK ST JOHN S DOCKYARD,0.3415,30
NEWFOUND RECRUITING,1.7321,43
NFOE,1.8226,5
NIMBLE INFORMATION STRATEGIES,1.4293,10
NISHA TECHONOLOGIES,2.0272,57
NISSAN CANADA,-0.0072,13
NITAM SOLUTIONS,0.1131,9
NITRO CONSTRUCTION,0.0205,3
NORDMEC CONSTRUCTION,0.1009,1
NORR,1.7741,15
NORTAC DEFENCE,1.7154,3
NORTH ATLANTIC PETROLEUM,-0.2854,3
NORTH CARIBOO AIR,-0.0467,24
NORTHEAST TREE TRIMMING,0.0499,1
NORTHERN CONSTRUCTION,0.9756,4
NORTHERN CONTRACTING,-0.0636,1
NORTHFIELD METAL PRODUCTS,0,2
NORTHWEST MARINE TECHNOLOGY,-0.234,1
NORTHWESTEL,0.0773,7
NORTRAX CANADA,0.0631,5
NOTRA,0.5771,2
NOVA NETWORKS,0.1352,5
NOVA SCOTIA POWER,0.1952,3
NRNS,0.7923,9
NUA OFFICE,0.1282,11
NUCTECH COMPANY,0.4499,2
NUIX NORTH AMERICA,0.7797,4
NUMBER TEN ARCHITECTURAL GROUP,2.3364,14
NUNA EAST,-0.0055,1
OEI KRUEGER,0.1757,9
OGILVY MONTREAL,0.834,4
OKANAGAN AGGREGATES,0.1726,14
OKANAGAN HALFWAY HOUSE SOCIETY CRF,2.6875,2
OLIN,11.9704,6
ONIX NETWORKING CANADA,0.7922,1
ONLINE CONSTRUCTORS,0.2149,12
ONTARIO DENTAL ASSOCIATION,0.1747,64
ONX ENTERPRISE SOLUTIONS,1.4774,7
OPENFRAME TECHNOLOGIES,0.3656,8
OPENTEXT,0.5702,34
OPROMA,1.5454,9
OPSIS,NA,4
OPTIV CANADA FEDERAL,0.4986,5
ORACLE CANADA,1.9841,24
ORANGUTECH,1.6519,38
OSKAR CONSTRUCTION,0.4815,7
OTIS ELEVATOR,0.6265,10
OTTAWA GREENBELT CONSTRUCTION,0.0328,2
OXFORD ECONOMICS USA,0.36,2
P B ENTREPRISES,0.2298,1
P K WELDING FABRICATORS,0.1591,1
PACIFIC INDUSTRIAL MARINE,NA,20
PACIFIC SAFETY PRODUCTS,0.5427,11
PACWILL ENVIRONMENTAL,2.1351,2
PAL AEROSPACE,2.8409,12
PALADIN GROUP,1.1191,28
PALFINGER MARINE,-0.0685,8
PANALPINA,-0.0055,12
PANASONIC,-0.1409,9
PARKLAND INDUSTRIES,0.8948,9
PARKLAND REFINING,-0.1717,8
PARSONS CANADA,4.7662,16
PATTISON SIGN GROUP,0.2362,13
PAVEX,0.0135,1
PCL CONSTRUCTORS,116.8216,34
PEERLESS GARMENTS,2.8257,2
PENN CONSTRUCTION CANADA,0.1107,3
PENNECON,0.2783,14
PEPCO,0.754,9
PEPIN FORTIN EPOO CONSTRUCTION,0.0598,1
PERCEPTICS,0.4408,2
PETER J KINDREE ARCHITECT,0.4142,7
PETER KIEWIT SONS,2.971,1
PETERS CONSTRUCTION,0.3447,4
PETROVALUE PRODUCTS,0,7
PHASELOCK SYSTEMS INTERNATIONAL,0.25,1
PHOENIX DRUG ALCOHOL RECOVERY,0.9561,2
PIDHERNEY S,0.1192,2
PIONEER CONSTRUCTION,0.0837,1
PITNEY BOWES,NA,16
PLEIAD CANADA,0.5314,16
PMB ELECTRICAL SERVICES,0.2905,23
PMG TECHNOLOGIES,14548.2572,33
PODOLINSKY EQUIPMENT,0.1574,4
POINT HOPE MARITIME,0.3077,5
POLARIS INDUSTRIES,-0.0957,14
POMERLEAU,21.4385,9
PORT OF SPAIN HOLDINGS,-0.0227,7
PORTAGE PERSONNEL,0.8745,33
POSTMEDIA NETWORK,1.5507,4
PR3 MEDIAS,1.5692,2
PRA,Inf,14
PRAGMATIC CONFERENCING,2.0982,1
PRECISIONIT,1.2953,30
PRICEWATERHOUSE COOPERS,NA,281
PRINTERS PLUS,NA,17
PROCOM CONSULTANTS,1.7162,88
PROLINE ADVANTAGE,0,1
PROLOGIC SYSTEMS,1.2725,28
PROMAXIS,1.531,19
PRONEX EXCAVATION,0.0941,2
PROOF EXPERIENCES,NA,5
PROQUEST,0.2623,5
PROSCI CANADA,0.6793,10
PROTAK CONSULTING GROUP,1.0751,45
PROVENCHER ROY ASSOCIES,0.2375,6
PURELOGIC,0,1
PURESPIRIT SOLUTIONS,0.6703,11
PYLON ELECTRONICS,1,1
QATAR AIRWAYS,0,5
QIAGEN,1.4674,3
QM ENVIRONMENTAL,0.2182,11
QMR,0.6194,144
QUANTUM MANAGEMENT SERVICES,0.7186,32
QUARTZ NATURE,0.0337,1
QUEEN S UNIVERSITY,1.2025,5
QUINAN CONSTRUCTION,0.4384,4
QUINTET CONSULTING,0.5709,42
QUOREX CONSTRUCTION SERVICES,0.2723,6
QUORUM,0.3322,1
R C M MODULAIRE,4.8713,1
R E GILMORE INVESTMENTS,0.9723,11
R J MACISAAC CONSTRUCTION,0.0926,1
R R INTERNATIONAL TRANSLATION,2.1737,33
R W TOMLINSON,0.1455,4
RACEROCKS 3D,1.2563,1
RADIATION SOLUTIONS,0.3642,2
RAMPART INTERNATIONAL,Inf,6
RANDSTAD,NA,323
RAPISCAN SYSTEMS,-0.0372,1
RATIO ARCHITECTURE INTERIOR DESIGN,5.286,10
RAYMOND CHABOT GRANT THORNTON,NA,78
RAYTHEON,-0.1151,1
REDACTED,0.1176,2
REFORMAR,1.6312,2
REGENT CONSTRUCTION,1.766,3
REPARATIONS NAVALES ET INDUSTRIELLES OCEAN,0.3717,44
REPUBLIC ARCHITECTURE,NA,25
RESIDENCE CARPEDIEM,3.0357,2
RGB MEDIA,0,9
RHEA,0.5892,11
RHEINMETALL,0.0329,2
RIGGS ENGINEERING,NA,6
RISK SCIENCES INTERNATIONAL,NA,17
RJG CONSTRUCTION,0.0499,21
ROBERTSON GEOCONSULTANTS,1.0315,2
ROBERTSON MARTIN ARCHITECTS,0.873,5
ROCHE DIAGNOSTICS,NA,9
ROCKWELL COLLINS CANADA,0,1
ROGERS,26.7609,12
ROHDE SCHWARZ CANADA,1.9456,2
ROLLING TIDES CONSTRUCTION,0.3016,1
RONDAR,-0.0074,2
ROSBOROUGH BOATS,0.4934,9
ROSCOE CONSTRUCTION,0.2184,4
ROSS AND ANGLIN,0.1371,2
ROUDEL MEDICAL AND SURGICAL,-0.4109,2
ROXBORO EXCAVATION,1.628,2
RUSSEL METALS,0.0215,5
RUSSELL CHERNOFF RAND THOMPSON,5.8562,7
RYCOM BUILT ENVIRONMEN,0.938,6
S P GLOBAL MARKET INTELLIGENCE,1.9661,8
S W WEEKS CONSTRUCTION,0.1927,1
SAAB,0.0466,1
SALESFORCE CANADA,1.1131,7
SALVATION ARMY,2.1981,12
SAMSON AND ASSOCIATES,2.6357,2
SANEXEN SERVICES ENVIRONMENTAUX,NA,7
SANI SABLE LB,0.2223,8
SAP,1.2725,23
SAS INSTITUTE,2.8873,9
SASKTEL,0.1572,3
SC2 0 STEPPED CARE SOLUTIONS,7.1907,1
SCA SHIPPING CONSULTANTS ASSOCIATED,1.9394,1
SCALAR DECISIONS,1.5627,2
SCANSA CONSTRUCTION,0.2295,3
SCHOELER HEATON ARCHITECTS,0.8148,8
SDL INTERNATIONAL CANADA,1.1534,3
SEACOAST MARINE ELECTRONICS,0.6517,7
SEAGATE CONSTRUCTION,0.2356,12
SEAWATCH,0.4917,3
SEAWAVES DEVELOPMENT SERVICES,0.0413,2
SECURE ENERGY ONSITE SERVICES,0.257,1
SECUREKEY TECHNOLOGIES,0.2318,1
SECURIGUARD SERVICES,0.5961,1
SEPW ARCHITECTURE,1.2647,8
SEQIRUS CANADA,0.3005,2
SERCO,-1,1
SERVICE STAR BUILDING CLEANING,3.1828,7
SETANTA CONTRACTING,0.2979,1
SEYEM,5e-4,1
SGS AXYS ANALYTICAL SERVICES,1.9045,3
SHARP ELECTRONICS,0.1393,65
SHAW CABLE,0.9437,2
SHELL CANADA PRODUCTS,-0.1533,6
SHELTER NOVA SCOTIA,1.0864,1
SHI CANADA,0.4181,5
SHM CANADA CONSULTING,NA,17
SI SYSTEMS,NA,590
SIEMENS,0.5525,33
SIERRA SYSTEMS GROUP,NA,12
SILLIKER,-0.0436,6
SIMEX DEFENCE,1.6913,3
SIMPLEX GRINNELL,1.8379,22
SKY CANOE,0.0188,1
SLR CONSULTING CANADA,6.8508,51
SMITHS DETECTION,-0.045,22
SNC LAVALIN,NA,121
SOCIETE ELIZABETH FRY DU QUEBEC,2.5301,2
SOCIETE EMMANUEL GREGOIRE,2.1321,4
SOFTCHOICE,0.7206,48
SOFTSIM TECHNOLOGIES,0.946,22
SOLOTECH,0.3271,20
SOLUDOC,1.6336,9
SOMOS,1.8615,2
SOUTHWEST RESEARCH INSTITUTE,-0.1935,2
SPARTAN BIOSCIENCE,0.9043,1
SPERRA CONSTRUCTION,0.1711,5
SPRINGER VERLAG,-0.22,1
SRA STAFFING SOLUTIONS,1.9585,11
ST AIRBORNE SYSTEMS,0.1363,3
ST DENIS THOMPSON,0.227,3
ST GELAIS MONTMINY ASSOCIES,1.1154,7
ST JOHN AMBULANCE,2.9281,2
ST JOSEPH PRINT GROUP,NA,11
ST LEONARD S COMMUNITY SERVICES,1.0421,1
ST LEONARD S SOCIETY HAMILTON,1.6785,4
ST LEONARDS HOUSE WINDSOR,1.8669,2
ST LEONARDS PLACE PEEL,1.1278,3
STANFIELDS,0.0049,1
STANLEY CONSTRUCTION,0.1995,1
STANTEC,NA,309
STERIS CANADA,0.8342,14
STERLING FUELS,0.0311,8
STIFF SENTENCES,0.75,1
STONEWORKS TECHNOLOGIES,0.4288,8
STRATOS,1.2316,28
SUBARU CANADA,-0.1122,8
SUMMIT CANADA DISTRIBUTORS,0.6372,6
SUNCOR ENERGY,0.7538,17
SUPER CHANNEL INTERNATIONAL,0.8588,5
SUPERMAX HEALTHCARE CANADA,0.0175,1
SUPREMEX,0.1887,12
SUSE SOFTWARE SOLUTIONS CANADA,1.7549,1
SUTHERLAND EXCAVATING,NA,30
SWITCH HEALTH HOLDINGS,NA,4
SYM COMMUNICATIONS,0.4071,8
SYMCOR,0.2287,1
SYNERSOLUTIONS TECHNOLOGIES,2,1
SYSTEMATIX SOLUTIONS,2.8524,73
SYSTEMSCOPE,10062.9999,36
TAG HR,1517817.2307,21
TALIGENT CONSULTING,1.2227,20
TANGLE RIDGE CUSTOM CRUSHING,0.15,1
TANKATEK,0.1512,6
TAURUS CONTRACTORS,0.1244,9
TDI INTERNATIONAL,0.4184,4
TECHNE SEATING COMPONENT,0.8099,3
TECHNOREM,0.9967,15
TECSIS,1.4442,3
TEKNION,Inf,76
TEKSYSTEMS CANADA,NA,190
TELECOM COMPUTER SERVICES,0.2016,11
TELEDYNE,0.2152,8
TELESAT,4.3604,13
TELUS CANADA,2.0631,44
TENAQUIP,-0.3305,3
TERAMACH TECHNOLOGIES,1.1751,45
TERLIN CONSTRUCTION,0.2169,2
TERVITA,-0.1064,12
TES CONTRACT SERVICES,1.0951,65
TESTFORCE SYSTEMS,0.0389,6
TETRA TECH,NA,56
THALES,1.4574,5
THE AIM GROUP,14879.0284,157
THE CALGARY AIRPORT AUTHORITY,10.5281,1
THE CANADA LIFE ASSURANCE COMPANY,0.3465,1
THE FIA GROUP 4083261 CANADA,0.2627,4
THE HALIFAX COMPUTER CONSULTING GROUP,3.2833,8
THE HALIFAX GROUP,1.3341,7
THE IT BROKER,2.6598,2
THE KTL GROUP,1.0222,17
THE MASHA KRUPP TRANSLATION GROUP,1.1098,32
THE MATHWORKS,1.0335,9
THE RIGHT DOOR CONSULTING,0.8839,67
THE STEVENS COMPANY,-0.4386,1
THE VCAN GROUP,1.8155,10
THERMO FISHER SCIENTIFIC,0.5021,36
THG THE HISTORY GROUP,NA,17
THINK ON,6.9813,3
THOMAS SCHMIDT,0.9053,12
THOMSON REUTERS,1.1676,10
THRIVE HEALTH,1.7125,2
THYSSENKRUPP ELEVATOR,0.9526,8
TIREE,1.118,76
TISSEUR,1.4617,8
TITAN BOATS,0.4031,7
TITANIUM CONSTRUCTION,0.032,5
TOFCON CONSTRUCTION,0.112,2
TOROMONT,0.3212,65
TORONTO STAMP,0.0021,1
TOSHIBA CANADA,6.231,9
TOTEM OFFISOURCE,0.1281,21
TOURE CLEANING SERVICES,3.3776,12
TOYOTA,-0.0142,40
TPG TECHNOLOGY CONSULTANTS,NA,264
TRACK24 CANADA,0.8405,1
TRADUCTIONS PIERRE CLOUTIER,0,1
TRADUCTIONS SCRIPTIS,1.6527,3
TRAINOR MECHANICAL CONTRACTORS,0.2058,6
TRANSPOLAR TECHNOLOGY,1.0362,9
TRANSWEST AIR,1.2657,5
TRAUGOTT BUILDING CONTRACTORS,0.1747,1
TRAYTOWN BUILDERS,0.3068,5
TRIDENT CONSTRUCTION,0.0273,2
TRIPLEWELL CANADA,0.6422,1
TRM TECHNOLOGIES,15920.0875,49
TROY LIFE FIRE SAFETY,0.7672,6
TSUU T INA CONTRACTING GP,0.4859,1
TT VISA SERVICES,2.2114,1
TUNDRA TECHNICAL SOLUTIONS,0.891,22
TURNER TOWNSEND,2.0008,6
TURTLE ISLAND STAFFING,0.8888,50
TYCO INTEGRATED FIRE SECURITY,0.3895,16
UBIQUS CANADA,0.61,25
ULTIMATE CONSTRUCTION,0.3251,2
ULTRA ELECTRONICS,1.1324,2
UNISOURCE,0.4348,1
UNITED CHURCH HALFWAY HOMES,3.167,1
UNITED RENTALS OF CANADA,0.8671,2
UNIVERSAL HELICOPTERS,-0.004,8
UNIVERSITE LAVAL,41.6236,10
UNIVERSITY OF ALBERTA,1.2737,23
UNIVERSITY OF BRITISH COLUMBIA,0.5264,3
UNIVERSITY OF CALGARY,0.4514,4
UNIVERSITY OF GUELPH,639.5871,17
UNIVERSITY OF NEW BRUNSWICK,0.9024,7
UNIVERSITY OF OTTAWA,0.5638,17
UNIVERSITY OF REGINA,0.526,2
UNIVERSITY OF SASKATCHEWAN,1.1878,10
UNIVERSITY OF TORONTO,0.4595,10
UNIVERSITY OF WATERLOO,0.7076,10
UNIVERSITY OF WESTERN ONTARIO,0.8362,5
UQSUQ,0.0847,1
URBAN VALLEY TRANSPORT,1.2775,1
VAISALA CANADA,0.9653,5
VALCOM CONSULTING,0.5209,5
VANCOUVER AIRPORT AUTHORITY,5.2935,1
VANCOUVER DRYDOCK COMPANY,0.0841,2
VANCOUVER PILE DRIVING,0.7898,6
VANCOUVER SHIPYARDS,0.3705,5
VANRX PHARMASYSTEMS,0.4504,2
VCI CONTROLS,0.0214,3
VECTOR AEROSPACE,2.0295,8
VERITAAQ TECHNOLOGY HOUSE,NA,729
VERITAS CANADA,0.5849,2
VERITAS TECHNOLOGIES,2.8615,1
VERREAULT NAVIGATION,0.3151,10
VFA CANADA,2.3113,1
VFS GLOBAL,4.945,9
VIA TRAVAIL,2.2363,6
VIRTUAL POSSIBILITIES DIVISION,0,1
VISIONTEC,0.2341,2
VMWARE,0.5434,4
VOYAGEUR TRANSPORTATION,5.2074,1
VVI CONSTRUCTION,0.3669,4
VWR INTERNATIONAL,0.1532,12
W S MORGAN CONSTRUCTION,0.2134,4
WAINWRIGHT MARINE SERVICES,-0.115,1
WAJAX,0.1665,54
WAMPUM RECORDS,NA,15
WARTSILA,0.536,58
WASTE CONNECTIONS OF CANADA,0.9709,7
WASTE MANAGEMENT OF CANADA,1.4234,3
WATCHGUARD VIDEO,0.0698,1
WATERS,0.9771,20
WAZANA CLOTHING,0.0171,1
WCG INTERNATIONAL CONSULTANTS,1.934,1
WEBSTER ELECTRIC,NA,10
WESCO DISTRIBUTION CANADA,6.4095,5
WEST COAST TUG BARGE,-0.1701,7
WEST WIND AVIATION,0.8,1
WESTBURY NATIONAL SHOW SYSTEMS,0.0474,9
WESTCO CONSTRUCTION,0.4592,1
WESTCOAST GENESIS SOCIETY,1.6691,3
WESTCOMB OUTERWEAR,0.0079,1
WESTOWER COMMUNICATIONS,0.2247,15
WHITE BEAR INDUSTRIES,0.0161,1
WHOOSHH INNOVATIONS,0.0885,1
WILCO CONTRACTORS SOUTHWEST,0.0674,7
WILDLIFE COMPUTERS,-0.5146,6
WILDSTONE CONSTRUCTION,0.1135,6
WILLIAM J BARKER CLINICAL,1.4578,2
WILLS TRANSFER,0.8726,20
WINMAR CANADA INTERNATIONAL,25.55,1
WINTERSTEIGER,1.8768,2
WM M 1993,0.0655,5
WOLTERS KLUWER,2.6559,8
WOOD CANADA,0.4654,51
WOODWARD S OIL,-0.0938,2
WOOLLY MAMMOTH OUTERWEAR,1.8275,2
WORKDYNAMICS TECHNOLOGIES,1.3304,22
WORKPLACE HEALTH AND COST SOLUTIONS,1.4236,3
WORLD FUEL SERVICES,-0.0826,2
WORLDREACH SOFTWARE,1.0925,5
WPP GROUP CANADA COMMUNICATIONS,0.2104,12
WSP,NA,251
WYSSEN AVALANCHE CONTROL,0.1448,2
XEROX,0.4928,138
XPERA RISK MITIGATION INVESTIGATION,0.3523,1
YAMAHA MOTORS CANADA,0.4304,18
ZAYO CANADA,0.1655,13
ZENITH PAVING,0.0919,1
ZERNAM ENTERPRISE,1.4458,11
ZODIAC HURRICANE TECHNOLOGIES,1.3021,5
ZUTPHEN CONTRACTOR,0.0644,8
ZYCOM,0,2
