d_vendor_name,total
BROOKFIELD GLOBAL INTEGRATED SOLUTIONS,5305565725.68
PCL CONSTRUCTORS,1845656925.46
IBM CANADA,1492282053.03
BELL CANADA,1459123603.55
VANCOUVER SHIPYARDS,929520685.15
CHANTIER DAVIE CANADA,862162755.5
CANADIAN CORPS OF COMMISSIONAIRES,850050499.24
D H PARTNERSHIP,782447250.33
MACDONALD DETTWILER AND ASSOCIATES,722433096.2
MICROSOFT CANADA,708558807.01
SIGNATURE SUR LE SAINT LAURENT,578395163.57
"NAVTECH",541680794.25
WSP,405023198.95
TELUS CANADA,388363555.53
PROLINE ADVANTAGE,373182500
MAPLE REINDERS CONSTRUCTORS,369502696.18
POMERLEAU,349726580.58
ELLISDON,330206078.2
DELOITTE AND TOUCHE,314403061.32
CANADIAN BANK NOTE COMPANY,308564248.98
CAE,307454381.02
HEWLETT PACKARD,292886459.9
VERITAAQ TECHNOLOGY HOUSE,289157279.65
ORACLE CANADA,280766387.03
PRICEWATERHOUSE COOPERS,277798066.5
SI SYSTEMS,277428846.94
MOTOROLA SOLUTIONS CANADA,268744404.36
MUFACTOR,256160830
COSSETTE COMMUNICATIONS,253914979.73
FTI PROFESSIONAL GRADE,237300000
TPG TECHNOLOGY CONSULTANTS,225278764.71
NISHA TECHONOLOGIES,215791111.25
FORD MOTOR COMPANY,213332802.28
PARSONS CANADA,212388544.39
THORNHILL MEDICAL,200451118.94
ROGERS,180768765
VFS GLOBAL,178758771.34
TEKSYSTEMS CANADA,174338047.53
VIRTUAL POSSIBILITIES DIVISION,172977959.2
CANADIAN EMERGENCY VENTILATORS,169500000
MAPLESOFT CONSULTING,168282749.95
MCKESSON CANADA,167170901.32
SUN LIFE ASSURANCE COMPANY,166050923.12
CGI,165735595.26
CAMPBELL DRUG STORES,165206000
PAL AEROSPACE,162953427.38
EXCEL HUMAN RESOURCES,161094900.8
COFOMO,158318316.1
TERAMACH TECHNOLOGIES,157014587.54
GARTNER,149420325.63
SPARTAN BIOSCIENCE,149048550
MODIS CANADA,148898941.13
ACCENTURE,147175205.67
HOLMAN FENWICK WILLAN,144098850
DONNA CONA,143339266.74
CALIAN,142934161.9
GENERAL MOTORS,142848222.15
STANTEC,140139133.04
PMG TECHNOLOGIES,137803092.6
SYSTEMATIX SOLUTIONS,133562846.19
COLLIERS PROJECT LEADERS,129403586.91
EXPRESS SCRIPTS CANADA,127094684.76
IBISKA TELECOM,123736205.61
MONERIS,115212325.5
NEWDOCK ST JOHN S DOCKYARD,114989975.77
COMPUTER ASSOCIATES CANADA,114302521.48
ISOPLEX,113565000
MINDWIRE SYSTEMS,113222692.05
2KEYS,111836936.06
WCG INTERNATIONAL CONSULTANTS,110888474.27
THE STEVENS COMPANY,109121046.1
IRVING OIL,108360590.01
RANDSTAD,107529913.56
MEDAVIE,107296498.57
PETER KIEWIT SONS,106851380.45
ZAYO CANADA,106056015.2
CDW CANADA,103800357.99
LUMINULTRA TECHNOLOGIES,102986210.97
INSA,102197746.06
ADGA GROUP,101155803.78
LOGISTIK UNICORP,101152160.73
TEKNION,100679929.65
CISTEL TECHNOLOGY,95535759.88
OKANAGAN AGGREGATES,94995216.26
JOHN HOWARD SOCIETY,92145734.11
INMARSAT SOLUTIONS,91988981.88
GOLDER ASSOCIATES,88011335.06
CACHE COMPUTER CONSULTING,87024959.9
SAP,86588946.83
SALVATION ARMY,86258352.44
TELESAT,85245158.07
MILESTONE ENVIRONMENTAL,84871243.56
AECOM,83948079.43
COMPUTERSHARE INVESTOR SERVICES,83667675.93
TIREE,82387573.31
HIKE METAL PRODUCTS,81123379.1
ADVANCED CHIPPEWA TECHNOLOGIES,80886559.51
SNC LAVALIN,80876236.5
WARTSILA,80716064.93
VMWARE,80110810.95
ITEX,79796749.09
DECISIVE TECHNOLOGIES,78914341.12
QUANTUM MANAGEMENT SERVICES,77410216.09
IRVING SHIPBUILDING,75996620.29
CORADIX TECHNOLOGY CONSULTING,75353294.6
FLUID ENERGY GROUP,74641995.15
HONEYWELL,74510969.63
INFOSYS,73291002.31
THE AIM GROUP,72766923.8
ATLANTIC TOWING,72143770.46
TOSHIBA CANADA,70181121.85
TISSEUR,69317959.97
SUPERMAX HEALTHCARE CANADA,69305076.93
"NAHANNI CONSTRUCTION",68949706.96
ABB,67301640.8
IRON MOUNTAIN,67110659.27
11983890 CANADA CENTRE,65812562.19
LEONARDO GERMANY FKA SELEX ES GMBH,65378648.48
SC2 0 STEPPED CARE SOLUTIONS,64597190.3
SWITCH HEALTH HOLDINGS,64518477.76
OPENTEXT,63912194.3
GLAXOSMITHKLINE,63469244.42
CLICK NETWORKS,63342125.25
REDACTED,63047897.02
WAZANA CLOTHING,62951295.28
TES CONTRACT SERVICES,61869937.57
LEONARDO,61842399.86
ENGLOBE,61807562.45
ONX ENTERPRISE SOLUTIONS,61673203.94
STONEWORKS TECHNOLOGIES,61612251.07
HYPERTEC,61355098.5
ALTIS HUMAN RESOURCES,60905627.25
ECLIPSYS SOLUTIONS,60185063.25
XEROX,59896301.15
DEXTER CONSTRUCTION,59293081.29
COMPUCOM CANADA,57690774.83
BELL TEXTRON,57620831.39
DELL COMPUTER,57316203.34
ADRM TECHNOLOGY CONSULTING,56724577.92
KPMG,56697404.28
INKSMITH,56529832
LIONBRIDGE,56247434.32
GREEN TIMBERS PARTNERSHIP,55484344.42
SQUAMISH INDIAN BAND,54982211.42
HEDDLE MARINE SERVICES,54744462.06
ATCO,54712073.64
GRAYBRIDGE INTERNATIONAL CONSULTING,54104701.77
ESBE SCIENTIFIC INDUSTRIES,54104023.69
ERNST YOUNG,53825285.48
AMERESCO CANADA,53813115.62
FRASER RIVER PILE DREDGE GP O,53478072.07
WHITE BEAR INDUSTRIES,53334848.7
UNISYS CANADA,53256442.87
SAS INSTITUTE,53160556.7
WINMAR CANADA INTERNATIONAL,53100000
BLACK MCDONALD,52659992.01
COWATERSOGEMA,52630759.47
BMC SOFTWARE CANADA,52615319.68
BIO NUCLEAR DIAGNOSTICS,52262887.48
FCA CANADA,51769444.41
G4S SECURITY SERVICES,51590143.39
TELECOM COMPUTER SERVICES,50970088.27
CONSTRUCTION LFG,50952448.1
PETERS CONSTRUCTION,50756224.95
MCELHANNEY ASSOCIATES,50725016.7
ELLISDON CIVIL CHANT LTD,49915289.49
APPLIED ELECTONICS,49683801.48
LIFE TECHNOLOGIES,49548867.78
RJG CONSTRUCTION,49163160.18
SELEX,49151466.36
ROUDEL MEDICAL AND SURGICAL,48540881.83
PRIMED MEDICAL PRODUCTS,47675313.68
ADVANCED BUSINESS INTERIORS,47061894.95
BOLESS,46809547.99
IPSS,46226905.97
MCNALLY CONSTRUCTION,46005741.64
TALIGENT CONSULTING,45897921.38
THERMO FISHER SCIENTIFIC,45434330.84
FUJITSU,45299714.61
PROCOM CONSULTANTS,44962980.27
HAMEL CONSTRUCTION,43912400.4
DRAGAGE OCEAN DSM,43807667.9
LOUIS W BRAY CONSTRUCTION,43607625.14
HITACHI DATA SYSTEMS,43522826.14
CONSTRUCTION DEMATHIEU BARD,43495092.78
STRYKER CANADA,42805043.05
SLR CONSULTING CANADA,42632847.07
PARKLAND REFINING,42004880.74
CORBEL MANAGEMENT,41662450.72
VERREAULT NAVIGATION,41190114.77
CARAHSOFT TECHNOLOGY,40889262.52
JONELJIM CONCRETE CONSTRUCTION,40837928.08
EIFFAGE INNOVATIVE CANADA,40771811.94
PALADIN GROUP,40055291.49
GEORGE COUREY,39743880.27
ROCHE DIAGNOSTICS,39376806.72
SOFTCHOICE,38647568.35
GRAHAM CONSTRUCTION,37335759.91
BRIDGES OF CANADA,37300048.82
GC STRATEGIES,37031845.27
MICRO FOCUS CANADA,36926053.81
SANI SABLE LB,36644926.03
GREENFIELD CONSTRUCTION,36598963.96
PROTAK CONSULTING GROUP,36526987.52
SCANSA CONSTRUCTION,36363294.03
CANADIAN RED CROSS,35981275.71
LES ENTREPRISES P E C,35919911.96
QMR,35903481.72
EMS TECHNOLOGIES,35613408.66
JOSEPH ELIE,35612738.79
ESRI,35601990.43
LUMINA IT,35551151.97
KUDLIK CONSTRUCTION,35050316.37
DYNABOOK CANADA,34517795.45
MTS ALLSTREAM,34517538.91
TETRA TECH,34448036.29
METRO PAVING AND ROAD BUILDING,34433149.13
DATA COMMUNICATIONS MANAGEMENT,34332596.28
METRO LOGISTICS,34201215.65
COMBAT NETWORKS,33800130.41
BDO CANADA,33766789.64
WOOLLY MAMMOTH OUTERWEAR,33625034.35
PENN CONSTRUCTION CANADA,33368719.08
ALLIED SHIPBUILDERS,33314743.54
TERVITA,33233409.4
CANADIAN MARITIME ENGINEERING,33129477.01
MAXIM 2000,33099306.28
ARCHITECTURE EVOQ,33019634.33
CBCI TELECOM,32875735.79
SMITHS DETECTION,32433594.59
NUNA EAST,32324560.56
MGIS,32320526.75
BIRD CONSTRUCTION COMPANY,32257140.84
NORR,31891701.16
JANKEL TACTICAL SYSTEMS,31854089.61
RAYMOND CHABOT GRANT THORNTON,31768049.61
BIOMERIEUX CANADA,31607058.26
GARDA CANADA SECURITY,31131937.09
ATWILL MORIN,30948432.16
AGRITEAM CANADA,30893739
CANADIAN BUREAU FOR INTERNATIONAL EDUCATION,30277808.49
ADOBE,30171722.35
JOHNSON S CONSTRUCTION,29912561.65
SOLOTECH,29246629.77
BRONTE CONSTRUCTION PORT DALHOUSIE REHABILITATION TRUST ACCOUNT,29222553.39
ARCHITECTURE 49,29175676.52
BARGREEN ELLINGSON,29025676.67
DILLON CONSULTING,28583350.12
AGILENT,28469685.71
CHANTIER NAVAL FORILLON,28009975.67
J STERLING INDUSTRIES,27792616.91
J 1 CONTRACTING,27712610.73
BUTTCON EAST,27284027.74
J W LINDSAY ENTERPRISES,27262098.99
TOYOTA CANADA,27259059.29
TORONTO STAMP,27177969
CONSTRUCTION CYBCO,26829367.92
PURESPIRIT SOLUTIONS,26764887.58
WILCO CONTRACTORS SOUTHWEST,26704703.24
LEC ENGINEERING CONTRACTING,26704487.43
QUINAN CONSTRUCTION,26525613.14
SIEMENS,26423592.07
JOSEPH RIBKOFF,26324893.09
THE MASHA KRUPP TRANSLATION GROUP,26234046.91
DALIAN ENTERPRISES,25995988.62
CIMA,25897868.84
BUREAU VERITAS CANADA,25854409.32
IT NET CONSULTANTS,25790155.95
VECTOR AEROSPACE,25572201.03
GARLOCK OF CANADA OPERATING AS FAIRBANKS MORSE ENGINE,25494954.33
WORLD UNIVERSITY SERVICE OF CANADA,25483250.56
TRANSPOLAR TECHNOLOGY,25252878.69
FELIX TECHNOLOGY,25249654.52
CON PRO INDUSTRIES CANADA,24949501.51
TOTEM OFFISOURCE,24832616.69
TRANSWEST AIR,24823594.03
WOODWARD S OIL,24719573.48
WAJAX,24693655.04
FRANNAN INTERNATIONAL,24605794.84
851791 NWT,24586186.91
DAWSON CONSTRUCTION,24571475.86
METOCEAN TELEMATICS,24516024.12
ARCADIS CANADA,24465251.95
QM JJM CONTRACTING J V,24445299.88
LS TELCOM,24236938.22
INDUSTRA CONSTRUCTION,24220082.77
TRM TECHNOLOGIES,23810903.77
MCKINSEY AND COMPANY,23548600.92
KINETIC CONSTRUCTION,23513626.79
CITRIX,23403194.75
HAZELWOOD CONSTRUCTION SERVICES,23193946.65
SYSTEMSCOPE,23047836.29
CYMI CANADA,23012723.22
AIRBUS,22959482.37
BAYSHORE HEALTHCARE,22929023.24
QUOREX CONSTRUCTION SERVICES,22797130.18
AVI SPL CANADA,22762234.45
"NAV CANADA",22587129.04
MAXXAM ANALYTICS,22548825.47
WOOD CANADA,22501696.03
L3HARRIS,22243477.87
ZUTPHEN CONTRACTOR,22136612
WRIGHT CONSTRUCTION WESTERN,22043134.09
LANGUAGE RESEARCH DEVELOPMENT GROUP,21914363.57
FVB ENERGY,21794975.39
INTEROUTE CONSTRUCTION,21758360.32
SIERRA SYSTEMS GROUP,21637137.07
SOMOS,21588192.33
ST DENIS THOMPSON,21574184.31
UBIQUS CANADA,21455675.35
AVONDALE CONSTRUCTION,21373970.66
PANASONIC,21285969.5
GARDA SECURITY GROUP,21272261.12
DIAMOND AND SCHMITT ARCHITECTS,21186497.74
2220742 ONTARIO,21138438.63
MOORE CANADA,21102832.9
MISHKUMI TECHNOLOGIES,21087048.64
REPARATIONS NAVALES ET INDUSTRIELLES OCEAN,21044151.19
GREY ROCK SERVICES,20960106.86
PENNECON,20917427.04
SASKTEL,20774962.66
D F S,20759727.91
R E GILMORE INVESTMENTS,20622890.67
BEAVER AIR CHARTER CONSULTANTS,20542454.28
BLACKBERRY,20085166.16
WATERS,20075220.13
ENTRUST,19874789.09
KENN BOREK AIR,19780412.5
COWI NORTH AMERICA,19767187.86
NEPTEC DESIGN GROUP,19738339.1
EMIL ANDERSON CONSTRUCTION EAC IN,19722916.84
PACIFIC SAFETY PRODUCTS,19503005.01
NEWFOUND RECRUITING,19417382.91
AMEC FOSTER WHEELER AMERICAS,19376346.99
ILLUMINA CANADA,19302861.43
DNR CONSULTING GROUP,19116780.82
BARRIE MACKAY CONTRACTING,19096043.53
MEDTRONIC CANADA,18847687.87
SECUREKEY TECHNOLOGIES,18780588.53
FEDERAL EXPRESS CANADA,18756018.24
GENESIS INTEGRATION,18570568.33
MATCON ENVIRONMENTAL,18552123.41
COADY CONSTRUCTION EXCAVATING,18522036.38
SPRINGER VERLAG,18509355.05
IIC TECHNOLOGIES,18507933.61
NORTH AMERICA CONSTRUCTION,18500205.61
TOROMONT,18470820.21
NORTHWESTEL,18393825.73
NORTAC DEFENCE,18354620.34
SEQIRUS CANADA,18115652.64
CONEXSYS,18062330.71
ORANGUTECH,18021101.02
GDI SERVICES,17943124.18
"NATIONS TRANSLATION GROUP",17929386.89
PERCEPTICS,17754828.78
EMCON SERVICES,17739505.65
STERLING FUELS,17715455.61
STANFIELDS,17639063.76
WILDSTONE CONSTRUCTION,17630030.95
COMMVAULT SYSTEMS,17594233.2
TRAINOR MECHANICAL CONTRACTORS,17522281.07
CALKO GROUP,17514455.97
INTEGRA NETWORKS,17494310.81
TITANIUM CONSTRUCTION,17238361.35
CANON,17200087.69
ENTREPRISE DE CONSTRUCTION T E Q,17176663.79
EAGLE PROFESSIONAL RESOURCES,17138194.62
ANCHOR QEA,17064323.88
DE ANGELIS CONSTRUCTION,17062961.15
IMPERIAL OIL,16902334.45
EBSCO CANADA,16849913.49
ALVA CONSTRUCTION,16824156.04
FLOYD S CONSTRUCTION,16818286.94
HEMMERA ENVIROCHEM,16583078
MAXSYS STAFFING AND CONSULTING,16460591.19
CONSTRUCTION DERIC,16420015.16
TRANSCONTINENTAL PRINTING,16418388.8
AV TECH,16372665.78
E D BRUNET ET ASSOCIES CANADA,16340718.23
SOLUDOC,16322348.05
BERVIN CONSTRUCTION,16186097.81
NISSAN CANADA,16154956.08
BRIQUETAL,16072181.14
CANADIAN LEASEBACK,16060337.86
THE RIGHT DOOR CONSULTING,16051683.61
MACONNERIE DYNAMIQUE,16005859.12
HOSKIN SCIENTIFIC,15962724.55
ARDENT GLOBAL,15924435.88
PRECISIONIT,15917423.09
VVI CONSTRUCTION,15870160.02
PRONEX EXCAVATION,15653114.44
TURNER TOWNSEND,15553182.74
MINISTRY OF FINANCE,15537434.71
EXCAVATION RENE ST PIERRE ENG,15408013.94
ELSEVIER,15393916.34
VANCOUVER DRYDOCK COMPANY,15375975.72
PALFINGER MARINE,15368883.22
DCL CONSTRUCTION SERVICES,15366373.65
FIRST PEOPLES INFRA,15363059.81
OEI KRUEGER,15232727.4
GREAT SLAVE HELICOPTERS,15228085.7
ADP CANADA COMPAGNIE ADP CANADA,15199085.84
LES TRADUCTIONS TESSIER,15163006.98
CWP CONSTRUCTORS,15152580.79
SIMPLEX GRINNELL,15149240.24
CANADIAN VETERANS VR SERVICE,15132933.66
M D CHARLTON,15053505.72
EMPOWERED NETWORKS,15031373.62
TSUU T INA CONTRACTING GP,14859000
OPTIV CANADA FEDERAL,14648891.75
9006 9311 QUEBEC,14499226.03
MDOS CONSULTING,14449304.41
IBI GROUP ARCHITECTS CANADA,14422243.59
ASBEX,14400554.16
AMAZON,14390979.18
EBC,14334770.31
THOMSON REUTERS,14311135.14
KONGSBERG,14288719.61
ROSCOE CONSTRUCTION,14263780.05
SECURIGUARD SERVICES,14212873.22
ALLIED PAVING,14131530.63
MNP,14130607.89
SILLIKER JR LABORATORIES,14069570.77
CANAM PONTS CANADA,14003627.12
B R ENTERPRISES,13984378.42
SOCIETE EMMANUEL GREGOIRE,13964725.93
SUTHERLAND EXCAVATING,13901562.09
CANADA POST,13805129.87
MASKIMO CONSTRUCTION,13799622.85
9090 5092 QUEBEC,13713766.32
MORIYAMA TESHIMA ARCHITECTS,13701119.74
ASOKAN BUSINESS INTERIORS,13692107.26
SED SYSTEMS,13675275.11
R R INTERNATIONAL TRANSLATION,13368405.14
MERCK FROSST,13346179.23
BAXTER,13328626.39
CCR CONSTRUCTION,13292253
MUSTANG SURVIVAL,13279050.43
ST LEONARDS PLACE PEEL,13194646.97
KING HOE EXCAVATING,13119738.62
CONSTRUCTION BUGERE,13116231.26
SUPREMEX,13091625.61
DELCO AUTOMATION,13031928.78
CRANDALL ENGINEERING,13022890.07
GLOBAL UPHOLSTERY,12985866.91
PURELOGIC,12925373.14
GROUPE ENERGIE BDL,12908832.01
MASONTECH,12893751.02
BANCTEC CANADA,12864310.54
MARINE CONTRACTORS,12849979.34
KANTER MARINE,12816060.28
BROADNET TELECOM,12729984.69
MEGA TECH,12679394.22
ARUP CANADA,12654205.53
"NAVPOINT CONSULTING GROUP",12637894.17
JEMTEC,12593181.04
PRINTERS PLUS,12579018.34
CELEB CONSTRUCTION,12548471.14
GLASSHOUSE SYSTEMS,12511492.96
KANIYASIHK CULTURE CAMPS,12489977.65
DSS MARINE,12488544.93
GESTION AJ,12481570.56
PRECISION ADM,12474475
CONSTRUCTION J R SAVARD,12427658.49
AMEX BANK OF CANADA,12399418.45
NORTH ATLANTIC PETROLEUM,12389575.81
MCKNIGHT ENTERPRISES,12363892.52
JIM PATTISON INDUSTRIES,12362865.54
LESLIE BENN CONTRACTING,12344298.01
MADSEN DIESEL TURBINE,12196724.91
GRIFFIN ENGINEERED SYSTEMS,12154532.44
LES CONSTRUCTIONS BINET,12137485.83
PACIFIC INDUSTRIAL MARINE,12132905.56
"NADINE INTERNATIONAL",12106492.05
CHANDOS CONSTRUCTION,12106210.39
K C E CONSTRUCTION,12014480.28
A HUNDRED ANSWERS,12010173.19
POINT HOPE MARITIME,11973198.17
PROOF EXPERIENCES,11969476.5
CAN AM PLATFORMS CONSTRUCTION,11967978.89
529040 ONTARIO AND 880382,11852932.46
MORNEAU SHEPELL,11800619.37
7305516 CANADA,11767509.85
I4C INFORMATION TECHNOLOGY,11752285.05
UNIVERSITY OF WATERLOO,11750745.6
"NAUT MAWT TRIBAL COUNCIL",11713804.05
HEAVY METAL MARINE,11635960.21
GROUPE ONSCOPE,11630989.91
CRUICKSHANK CONSTRUCTION,11620539.13
PAVEX,11578043.88
ARI FINANCIAL SERVICES,11527668
ROXBORO EXCAVATION,11505549.94
GATESTONE,11505518.07
ARTEMP PERSONNEL SERVICES,11496304.31
SUNCOR ENERGY,11493382.84
EMMANUEL CONSTRUCTION SERVICES,11463814.41
WORLD UNIVERSITY CONSORTIUM,11444546.8
E CONSTRUCTION,11382882.16
DRAEGER CANADA,11364671.63
DF BARNES SERVICES,11359531.49
BRETON MICHEL MD,11329795.48
JOHNSON CONTROLS CANADA,11319430.65
CYTELLIGENCE,11300000
ST LEONARD S COMMUNITY SERVICES,11221756.81
INDIVIOR UK,11220652.96
PRAGMATIC CONFERENCING,11214291.81
EUROVIA QUEBEC CONSTRUCTION,11209322.65
AON REED STENHOUSE,11140092.05
EVEREST CONSTRUCTION MANAGEMENT,11110757.11
ST LEONARD S SOCIETY HAMILTON,11029553.87
VERITAS TECHNOLOGIES,11002879.94
WILD STONE ENGINEERING,10951014.73
SUBARU CANADA,10934198.36
KEYSTONE SUPPLIES INTERNATIONAL,10916327.71
KMS INDUSTRIES,10907260.87
ZODIAC HURRICANE TECHNOLOGIES,10872704.54
KEYSTONE ENVIRONMENTAL,10872291.69
LES INSTALLATIONS ELECTRIQUES,10845786.82
ACCESS 2 NETWORKS,10788003.87
MIKE KELLY SONS,10769065.34
BOMBARDIER,10759066.27
GATEWAY MECHANICAL SERVICES,10750571.29
HOULE ELECTRIC,10707486.17
REACTOR ENGINEERING GROUP,10689319.15
DST CONSULTING ENGINEERS,10662904.5
ST GELAIS MONTMINY ASSOCIES,10660534.02
NORTH COUNTRY MAINTENANCE,10633946.1
MICHAEL WAGER CONSULTING,10630363.73
MITSUBISHI MOTOR SALES,10613701.2
JASCO APPLIED SCIENCES CANADA,10609503.63
AMD MEDICOM,10535762.77
WORKDYNAMICS TECHNOLOGIES,10527195.59
NITAM SOLUTIONS,10501545.92
COMPUWARE OF CANADA,10498792.94
SHARP ELECTRONICS,10457832.43
ISLAND WEST COAST DEVELOPMENTS,10436091.75
AIR INUIT,10426885.04
HAWORTH,10425581.41
TESTFORCE SYSTEMS,10369700.67
UNIVERSITY OF GUELPH,10344458.64
ALS CANADA,10339025.93
IFATHOM,10270352.92
CONSORTIUM TRANSTEC ET SERVICE,10231495.78
KYNDRYL CANADA,10228388.4
PRECISIONERP,10217334.15
IMTECH MARINE CANADA,10216896.24
CARSWELL,10201295.79
GETINGE CANADA,10175243.98
GO DEEP INTERNATIONAL,10172891.68
PROSCI CANADA,10166734.62
FUNDY CONTRACTORS,10163452.74
HARBOURSIDE ENGINEERING CONSULTANTS,10150813.33
VANCOUVER PILE DRIVING,10135605.95
GROUPE ROBERT,10125055.29
NDL CONSTRUCTION,10089810.87
CANADIAN PAEDIATRIC SOCIETY,10077254.5
BANFIELD SEGUIN,10039622.5
MAGAL S3 CANADA,10036702.64
ADVANCED PARAMEDIC,10000269.33
VWR INTERNATIONAL,9987632.1
MICRONOSTYX,9967245.1
BELL AND HOWELL CANADA,9962575.3
THE FIA GROUP 4083261 CANADA,9924619.73
WESTCOAST GENESIS SOCIETY,9922573.4
INNOVASEA MARINE SYSTEMS CANADA,9911898.95
DYNACARE,9897716.7
LEAR CONSTRUCTION,9845365.95
AFN ENGINEERING,9812395.6
COLT CANADA,9797487.96
UNIVERSITY OF OTTAWA,9772415.73
DASCO EQUIPMENT,9744142.74
R W TOMLINSON,9734978.99
L A HEBERT,9658812.04
NORDMEC CONSTRUCTION,9644104.26
CLOSEREACH,9637836.83
CONTRACT COMMUNITY,9627311.54
LLOYD LIBKE LAW ENFORCEMENT SALES,9616380.64
EXCAVATION LOISELLE,9603806.74
AGILEC,9568806.74
S W WEEKS CONSTRUCTION,9536869.1
9053 9776 QUEBEC,9521876.37
GOVERNMENT OF THE NWT,9505207.65
SDL INTERNATIONAL CANADA,9479643.81
ONLINE CONSTRUCTORS,9452035.58
CANADIAN HELICOPTERS,9450505.34
MUNICIPAL READY MIX,9417052.56
JJM CONSTRUCTION,9415270.97
OLIN,9399705.66
10647802 CANADA,9376745.6
STRATOS,9311038.85
CBCL,9263902.84
BEAUDOIN CANADA,9214865.59
NORTHFIELD METAL PRODUCTS,9199523.51
TRIDENT CONSTRUCTION,9196677.12
CARMACKS ENTERPRISES,9192185.33
DAVID S LAFLAMME CONSTRUCTION,9189124.27
3M CANADA COMPANY,9174265.85
KONTZAMANIS GRAUMANN SMITH,9169760.15
D4IS SOLUTIONS,9169516.86
SPRINGHILL CONSTRUCTION,9127447.97
GRAW RADIOSONDES,9124944.05
ACME FUTURE SECURITY CONTROLS,9040146.72
WM M 1993,9008435.37
VANRX PHARMASYSTEMS,9002639.02
GOSS GILROY,8973062.43
CONSTRUCTION SOCAM,8965959.21
BRAGG COMMUNICATIONS,8952159.77
UNIVERSITY OF CALGARY,8941631.33
SEYEM,8911167.15
6834973 CANADA,8887849.26
AIM HEALTH GROUP,8861225.03
NORTHEAST TREE TRIMMING,8847921.12
KONICA MINOLTA BUSINESS SOLUTIONS,8828134.11
PRINCE GEORGE ACTIVATOR,8824727.6
VISA SERVICES,8822120.37
BAVARIAN NORDIC,8810644.79
CULLEN DIESEL POWER,8760221.4
POLARIS INDUSTRIES,8752249.24
MCW CUSTOM ENERGY SOLUTIONS,8748723.07
THALES,8711557.05
MAKWA RESOURCING,8708506.83
ALLEN HASTINGS,8707981.98
NORTHERN CONTRACTING,8634311.83
ALLIANCE ENERGY,8627319.65
NOTRA,8603627.21
PR3 MEDIAS,8600010.36
PMB ELECTRICAL SERVICES,8585554.76
CANTEX OKANAGAN CONSTRUCTION,8578045.33
ECOLE DE LANGUES LA CITE,8557511.4
CONSTRUCTION SIMDEV,8552103.33
UNIVERSITY OF REGINA,8542662.82
COASTAL RESTORATION MASONRY,8540873.8
SEAWATCH,8526235.74
ECO TECHNOLOGIES,8500716.29
CHU SAINTE JUSTINE,8492345.28
GEMTEC,8477589.65
RESIDENCE CARPEDIEM,8465518.3
736902 ONTARIO,8419861.76
UNIVERSAL HELICOPTERS,8375850.79
ASSOCIATED ENGINEERING,8359546.9
INTERWORKS CONTRACTING,8355627.45
THYSSENKRUPP ELEVATOR,8346034.34
CLEANMATTERS JANITORIAL SERVICES,8343313.16
RAMPART INTERNATIONAL,8332127.66
N P A,8309338.05
GRAND TOY,8298260.36
DOMUS BUILDING CLEANING,8294996.24
STIFF SENTENCES,8290891.77
CATHOLIC SOCIAL SERVICES,8257003.91
TRUDELL HEALTHCARE SOLUTIONS,8231263.87
ZYCOM,8223797.11
TRACK24 CANADA,8217373.97
DRAGAGE IM,8170541.63
LES CONSTRUCTIONS DES ILES,8140539.77
"NATTIQ",8135965.93
KASIAN ARCHITECTURE INTERIOR DESIGN,8111670.77
CANADIAN DEVELOPMENT CONSULTANTS,8107341.02
CONFECTION AVENTURE,8102377.25
MACONNERIE RAINVILLE ET FRERES,8088819.51
TRAUGOTT BUILDING CONTRACTORS,8088257.25
M SULLIVAN SON,8082759.54
ECOLE DE LANGUES ABCE,8064591.2
MARINE RECYCLING,8054477.62
WORKPLACE HEALTH AND COST SOLUTIONS,8031042.54
BROOK CONSTRUCTION,8029876.16
ARCP ATLANTIC ROAD CONSTRUCTION,7998846.26
MEGALEXIS COMMUNICATIONS,7995563.56
AVMAX AVIATION SERVICES,7988895.91
INTER MEDICO,7976278.43
9275 0181 QUEBEC,7967163.09
MICHANIE CONSTRUCTION,7920152.63
OSKAR CONSTRUCTION,7873346.12
FACTIVA,7865105.41
JOHN WILEY SONS,7854225.77
CHUBB EDWARDS,7834852.24
LANNICK CONTRACT SOLUTIONS,7829139.19
UNIVERSITY OF ALBERTA,7821247.12
EMERGENT BIOSOLUTIONS,7794009.92
MARITIME FENCE,7790591.07
WORLDREACH SOFTWARE,7790435.64
PROMAXIS,7789671.12
ENTREPRISE CLAVEAU,7789657.34
GAUDETTE S TRANSIT MIX,7788362.96
LE CORPS CANADIEN DES,7736053.43
CUMMINS CANADA,7719232.52
2536 4589 QUEBEC,7703495.4
CANADYNE TECHNOLOGIES,7703051.82
NORTHWEST MARINE TECHNOLOGY,7702291.06
NOVA CONSTRUCTION,7689362.35
ARIBA,7669188.76
TYCO INTEGRATED FIRE SECURITY,7651726.85
CEDROM SNI,7647042.88
BROADWATER INDUSTRIES,7624545.6
FACCA,7614193.31
THE VCAN GROUP,7612063.72
MARTECH ELECTRICAL SYSTEMS,7604025.08
MESSA COMPUTING,7601217.76
GILMORE REPRODUCTIONS,7592121.16
RUSSELL CHERNOFF RAND THOMPSON,7576549.84
JASTRAM ENGINEERING,7567728.13
INFO TECH RESEARCH GROUP,7556736.01
BUDGELL S EQUIPMENT RENTALS,7538964.75
BOYD MOVING STORAGE,7533932.89
FUGRO GEOSURVEYS,7526471.09
BIGHORN CONSTRUCTION,7522081.68
4083261 CANADA,7492130.41
FSC,7486995.32
SEAGATE CONSTRUCTION,7479427.47
GLENCAIRN EDUCATIONAL SERVICES,7454715.24
URBAN VALLEY TRANSPORT,7445927.27
MCGREGOR GEOSCIENCE,7425204.64
MUSTANG HELICOPTERS,7424965.02
B L ASSOCIATES,7413109.6
REGENT CONSTRUCTION,7407265.57
WESTOWER COMMUNICATIONS,7372510.13
MEEWASINOTA CRF,7370125.72
PLEIAD CANADA,7367772.35
SERVICE STAR BUILDING CLEANING,7356945.94
NRNS,7348961.89
ATS SERVICES,7347279.4
BAUER HOCKEY,7345000
COMPAGNIE AMPLEXOR CANADA,7326872.4
BAY CONSTRUCTION MANAGEMENT,7326473.55
FORRESTER RESEARCH,7317488.51
MCAFEE INTERNATIONAL,7312538.44
MAISON CROSS ROADS DE LA SOCIETE,7310639.91
AB SCIEX,7294461.9
EXP SERVICES,7290830.84
G BIRD HOLDINGS,7201100.82
BOMIMED,7200601.96
KAYWAY INDUSTRIES,7198938.54
LEMAY,7181402.76
LES TRADUCTEURS REUNIS,7116604.23
NELSON ENVIRONMENTAL REMEDIATION,7113728.16
YAMAHA MOTORS CANADA,7111661.23
ROBERTSON MARTIN ARCHITECTS,7104544.19
VIA TRAVAIL,7094636.58
AFC INDUSTRIES,7092128.29
NFOE,7082359.6
REPUBLIC ARCHITECTURE,7071299.17
HORSESHOE HILL CONSTRUCTION,7034015.38
NORTHERN CONSTRUCTION,7032417.64
QIAGEN,7009890.5
TRAYTOWN BUILDERS,7009311.21
P B ENTREPRISES,6975208.95
GRC ARCHITECTS,6969157.97
1320376 ONTARIO,6969080.35
WHOOSHH INNOVATIONS,6944242.54
UNIVERSITY OF SASKATCHEWAN,6939862.51
ALPINE HELICOPTERS,6938111.13
LAVAL FORTIN,6908278.59
POSTMEDIA NETWORK,6907765.23
PHOENIX DRUG ALCOHOL RECOVERY,6905599.93
FREEBALANCE,6886944
MURRAYS WINDERMERE GARDENS,6885007.19
TURTLE ISLAND STAFFING,6880083.06
TITAN BOATS,6855764.22
TAG HR,6841798.59
CARLETON ELECTRIC,6824811.6
HITRAC,6813039.35
AINSWORTH,6812790.24
MARRBECK CONSTRUCTION,6807521.53
DYNAMIC PERSONNEL CONSULTANTS,6802687.1
CIRCLE OF EAGLES LODGE SOCIETY,6797436.47
THE KTL GROUP,6795319.6
ACT,6782516.89
DEXTERRA,6777633.2
OKANAGAN HALFWAY HOUSE SOCIETY CRF,6775084.6
LOWE MARTIN COMPANY,6773991.31
SUMMIT CANADA DISTRIBUTORS,6766021.7
R J MACISAAC CONSTRUCTION,6744849.98
ATTACHMATE,6739914.84
MAISON JEUN AIDE,6739505.71
SEAWAVES DEVELOPMENT SERVICES,6716088.27
GW REALTY,6715458.51
GRANITE MANAGEMENT,6714661.34
NEUROSCOPE,6712971.44
TRIPLEWELL CANADA,6693622.09
CPCS TRANSCOM,6690713.5
ARCTIC CANADA CONSTRUCTION,6672856.13
CLEARWATER STRUCTURES,6665841.36
PANALPINA,6663198.49
MOERAE SOLUTIONS,6645564.06
WESTCOMB OUTERWEAR,6623720.17
MAISON CHARLEMAGNE,6609811.3
TUNDRA TECHNICAL SOLUTIONS,6602732.98
HOUSE OF HOPE,6594733.62
ROSS AND ANGLIN,6580058.39
DLS TECHNOLOGY,6564376.59
RACING FORENSICS,6547613.39
VAISALA CANADA,6535533.62
KETZA PACIFIC CONSTRUCTION,6529903.74
EXACT LEGAL TRANSLATIONS,6501836.94
MORPHO CANADA,6479978.62
GEMMA PROPERTY SERVICES,6465982.76
"NATIVE CLAN ORGANIZATION",6458867.7
IRONCLAD EARTHWORKS,6457407.42
FISHER PAYKEL HEALTHCARE,6448443.7
IPSOS,6445611.1
ICU MEDICAL CANADA,6439913.22
J J LEPERA INFRASTRUCTURES,6439367.77
NUMBER TEN ARCHITECTURAL GROUP,6429365.5
KFN ENTERPRISES PARTNERSHIP,6426204.49
FREQUENTIS CANADA,6421909.82
CANADIAN NORTH,6419851.51
LUXTON CONSTRUCTION,6416049.13
WAMPUM RECORDS,6415341.66
SYM COMMUNICATIONS,6400977.99
EDWARD COLLINS CONTRACTING,6390861.42
GM DEVELOPPEMENT,6367063.72
CORSORTIUM TRANSTEC,6344130.6
BOLLORE LOGISTICS,6343319.83
INTERCON MARINE,6335829.94
UNISOFT INTERNATIONAL,6334357.67
BRITTON ELECTRIQUE,6328602.05
ROSBOROUGH BOATS,6326200.74
GLOBAL KNOWLEDGE,6321390.92
PEPIN FORTIN EPOO CONSTRUCTION,6320111.25
BLUMETRIC ENVIRONMENTAL,6307534.42
INVENTA SALES AND PROMOTIONS,6306197.77
UNISYNC GROUP,6293017.71
3469051 CANADA,6286718.51
SPERRA CONSTRUCTION,6273844.57
RISK SCIENCES INTERNATIONAL,6266869.01
INSTRUX MEDIA,6262758.21
BRAWN CONSTRUCTION,6228397.73
RIGGS ENGINEERING,6225194.77
ENSEIGNES PATTISON SIGN GROUP,6222395.63
WOLTERS KLUWER,6204938.39
SERVICES D AIDE EN PREVENTION DE LA CRIMINALITE,6197949.28
HIPPERSON CONSTRUCTION,6197901.35
727619 ALBERTA O A ROUGHRIDER,6192473.04
REFORMAR,6184048.9
SCHOELER HEATON ARCHITECTS,6177514.66
ALCAIDE WEBSTER ARCHITECTS,6172205.66
APPTION,6170452.12
QATAR AIRWAYS,6152461.5
LANDCO CONSTRUCTION,6151361.48
THE HALIFAX GROUP,6146690.59
OPSIS,6145716.41
H J R ASPHALT,6143681.25
ACKLANDS GRAINGER,6136534.82
EBERHARD VON HUENE ASSOCIATES,6122771.06
LEO PISCES SERVICES GROUP,6113878.22
AQUA GUARD SPILL RESPONSE,6090260.62
MCCARTHY TETRAULT,6055259.06
MAISON JOINS TOI,6048120.17
NUCTECH COMPANY,6045504.81
APPAREL TRIMMINGS,6016898.83
TORONTO BAIL PROGRAM,6012923.78
LANDFORM CIVIL INFRASTRUCTURES,6012587.76
QUINTET CONSULTING,6010261.69
CONSTRUCTIONS BSL,6006527.18
GLOBAL TOTAL OFFICE,5988861.94
PACWILL ENVIRONMENTAL,5970827.65
P K WELDING FABRICATORS,5960311.67
MTM 2 CONTRACTING,5955932.68
HASKONING UK,5942941.63
OTIS ELEVATOR,5942343.29
CASCADE COLLEGE,5942000
TERLIN CONSTRUCTION,5941704.6
INTERACTIVE AUDIO VISUAL,5940659.49
TECHNOREM,5937589.54
LAURENTIAN TECHNOLOGIES,5936524.98
GINO PELLETIER FOREX MALI DIELY MOUSSA KOUYATE GID,5923660.42
9099 3593 QUEBEC INTER PROJE,5923436.94
SHELTER NOVA SCOTIA,5919390.94
EKOS RESEARCH ASSOCIATES,5902734.9
DEFRAN,5902553.85
SRA STAFFING SOLUTIONS,5893136.9
PITNEY BOWES,5892744.8
J M LEDRESSAY ASSOCIATES,5891237.06
WATCHGUARD VIDEO,5878574.33
PIONEER CONSTRUCTION,5877744.29
PRA,5873846.19
SANEXEN SERVICES ENVIRONMENTAUX,5862029.54
LEXISNEXIS CANADA,5840855.47
CAREWORX,5827557.39
J L RICHARDS ASSOCIATES,5806790.83
CEGERCO,5793471.62
ELSEVIER B V,5785575.41
UNITED CHURCH HALFWAY HOMES,5784893.02
APS AVIATION,5777779.45
INDUSTRIES OCEAN,5773947.33
SMITHS MEDICAL CANADA,5773417.99
TT VISA SERVICES,5770780.84
MICHEL BASTARACHE SOCIETE PROFESSIONNELLE,5766210.78
WILLIAM J BARKER CLINICAL,5756132.86
BERGEVIN ELECTRICAL CONTRACTING,5754990.61
CONSTRUCTION RIC,5750074.35
RATIO ARCHITECTURE INTERIOR DESIGN,5746025.51
GREATER TORONTO AIRPORT AUTHORITY,5743628.52
HERRING CONSERVATION AND RESEARCH SOCIETY,5741016.97
ARIS GLOBAL,5731216.64
RAPISCAN SYSTEMS,5722173.89
JUMEC CONSTRUCTION,5717630.68
LEVAERO AVIATION,5715388.11
UNIVERSITE LAVAL,5712557.27
KEYDATA ASSOCIATES,5709540.35
W S MORGAN CONSTRUCTION,5708503.77
FAST FORWARD FRENCH,5705758.35
PROVENCHER ROY ASSOCIES,5691765.74
L W DENNIS CONTRACTING,5690466.27
NORTRAX CANADA,5687726.7
DR MANDEEP SAINI,5666058.39
R LAMBA FORENSIC PSYCH SERVICE,5666058.39
SHRMA ARCHITECTS IN JOINT VENTURE,5659301.57
CBRE,5651613.69
"NAVAMAR",5650397.68
CONSTRUCTION BLANCHARD ET,5631530.57
CNW GROUP,5626392.54
J N A LEBLANC ELECTRIQUE,5619000.01
CSDC SYSTEMS,5614972.75
PODOLINSKY EQUIPMENT,5613878.89
TECSIS,5607368.68
"NATIONAL STRUCTURES",5603683.8
WEST WIND AVIATION,5589228.98
BUREAU NATHALIE,5584929.69
LEDCOR CONSTRUCTION,5582878.83
EPERFORMANCE,5565277.79
J D G CONSTRUCTION MANAGEMENT,5545961.36
OPENFRAME TECHNOLOGIES,5545885.38
N12 CONSULTING,5519236.41
MORRISON HERSHFIELD,5517343.95
OTTAWA GREENBELT CONSTRUCTION,5512254.73
D DOYLE INSTALLATIONS,5490534.05
PIDHERNEY S,5487459.77
FARMER CONSTRUCTION,5479499.46
CARO ANALYTICAL SERVICES,5455970.3
FOURNIER CONSTRUCTION INDUSTRIELLE,5431237.29
RONDAR,5430376.25
HORIZANT,5425984.29
CAMPBELL SCIENTIFIC CANADA,5402665.91
SABA SOFTWARE,5390828.67
FISH FOOD AND ALLIED WORKERS,5387214.82
DILIGENS,5385431.79
ZERNAM ENTERPRISE,5382575.19
BARR ENGINEERING AND ENVIRONMENTAL,5381021.6
WYSSEN AVALANCHE CONTROL,5362408.42
J O THOMAS ASSOCIATES,5344083.07
BGLA,5339516.75
TANKATEK,5333610.82
BP M GOVERNMENT IM IT CONSULTING,5329875.88
DHL EXPRESS CANADA,5324790.98
ADAPT PHARMA CANADA,5324649
HOOTSUITE MEDIA,5318818.58
LIFESPEAK,5306037.04
THRIVE HEALTH,5305276.04
EMIL ANDERSON CONSTRUCTION,5304955.94
DEVLIN CONSTRUCTION,5297448.66
ONIX NETWORKING CANADA,5296087.94
SHI CANADA,5294185.51
CELLEBRITE,5270272.47
L BREAU AND SONS,5262681.24
BC HYDRO,5256463.67
CTOMS,5233465.94
MAISON PAINCHAUD,5230150.84
HAWBOLDT INDUSTRIES,5227415.85
EAST ELGIN CONCRETE FORMING,5222797.16
MOSS DEVELOPMENT,5220518.12
RADIATION SOLUTIONS,5219257.57
ENVIRONICS RESEARCH GROUP,5207953.99
PHASELOCK SYSTEMS INTERNATIONAL,5206573.53
9168516 CANADA,5199244.73
GHD,5191662.77
AERO SUPPLIES,5189908.87
L D WATSON E S MACEWEN ALLAN,5170565.57
ETHIOPIAN AIRLINES GROUP,5164517.9
INTERNATIONAL REPORTING,5158820.19
ELIZABETH FRY SOCIETY,5148707.62
CISION CANADA,5136640.72
GAT INTL LOCALIZATION SERVICES,5127976.69
TAURUS CONTRACTORS,5126655.15
TRADUCTIONS PIERRE CLOUTIER,5107237.04
C2D SERVICES,5105812.07
"NATIONAL ARTS CENTRE",5091790.89
MODERN CONSTRUCTION,5078703.4
SECURE ENERGY ONSITE SERVICES,5065365.2
FONDATION CARREFOUR NOUVEAU MONDE,5056584.31
LE GROUPE DRUMCO CONSTRUCTION,5046990.31
BELVEDERE PLACE CONTRACTING,5046921.85
"NANOMETRICS",5034793.22
KINGHAVEN PEARDONVILLE HOUSE SOCIETY,5031670.39
CARLETON UNIVERSITY,5024547.93
COMMUNICATIONS POWER,5018596.71
MTC LAW,5012176.73
SOCIETE ELIZABETH FRY DU QUEBEC,5010444.86
NICHE TECHNOLOGY,4996512.7
ALBERTA SEVENTH STEP SOCIETY,4983929.71
J P GRAVEL CONSTRUCTION,4966745.06
KONE,4965351.55
K RITE CONSTRUCTION,4954405.31
WESTCO CONSTRUCTION,4950263.16
DYNAMIC CONSTRUCTION,4940274.72
WINTERSTEIGER,4934437.19
VOYAGEUR TRANSPORTATION,4926792.46
JEAN DAOUST CONSTRUCTION,4922316.5
HERCULES SLR,4913361.75
PORTAGE PERSONNEL,4910575.81
COLE ASSOCIATES ARCHITECTS,4906848.64
YOURTE CA,4896214.57
CANADIAN FISHING COMPANY,4889382.96
ST LEONARDS HOUSE WINDSOR,4880960.66
OTTAWA MARRIOTT HOTELS INNVEST HOTELS GP,4879956.3
QM GP QUANTUM HOLDINGS,4876792.62
PROLOGIC SYSTEMS,4872081.15
SYNERSOLUTIONS TECHNOLOGIES,4866965.51
MANPOWER SERVICES CANADA,4866141.81
4PLAN CONSULTING,4864641.66
FROSTI FISHING,4853310
AEROPRO,4848683.8
WEST COAST TUG BARGE,4844531.98
ACADIAN DREDGING,4823123.36
MOMENTUM SOLUTIONS,4816915.35
REDI FORM CONSTRUCTION,4814574.05
SGS AXYS ANALYTICAL SERVICES,4792986.29
THE ISLAND CONSTRUCTION,4790400.15
INUKSHUK CONSTRUCTION,4789731.62
AMERICAN BUREAU OF SHIPPING,4788115.25
QUORUM,4787572.45
FORREST GREEN CONSULTING,4765533.56
3D DATACOMM,4752631.44
BIGHORN HELICOPTERS,4744669.32
OGILVY MONTREAL,4737735.06
LARCH HALF WAY HOUSE OF SUDBURY,4736892.87
THG THE HISTORY GROUP,4735113.69
ALLIANCE ENGINEERING CONSTRUCTION,4731006.93
GENOME QUEBEC,4729372.73
TANGLE RIDGE CUSTOM CRUSHING,4722951.03
D F BARNES,4722202.8
BAJA CONSTRUCTION CANADA,4721869.51
MANIFEST COMMUNICATIONS,4713974.5
FLEX KNIT,4712062.53
CHARRON HUMAN RESOURCES,4711071.93
JONES LANG LASALLE REAL ESTATE,4707889.89
SALESFORCE CANADA,4707053.76
QUARTZ NATURE,4698041.71
THERMO CRS,4690871.13
RGB MEDIA,4689494.36
ELITE CONSTRUCTION,4687554.82
BALODIS,4681706.7
ETICO,4681217.69
D MARK BIOSCIENCES,4675766.32
3955788 CANADA,4669133.62
ARTEX SPORTSWEAR,4662402.87
KWC ARCHITECTS,4661919.41
SEACOAST MARINE ELECTRONICS,4650604.71
AMDOCS,4646276.59
SYMCOR,4646011.25
DR S ISKANDER,4634191.18
BLUEDOT,4620060.52
CANADIAN COMMERCIAL,4606488
HERITAGE RESTORATION,4597147.72
1X1 ARCHITECTURE,4589899.85
RICARDO ROOFING,4556439.02
NUIX NORTH AMERICA,4550751.71
FARRELL S EXCAVATING,4550568.1
ATLANTIC BUSINESS INTERIORS,4548230.27
KF AEROSPACE,4546185.11
OPROMA,4534869.41
CANADIAN STANDARDS ASSOCIATION,4531132.35
HYUNDAI AUTO CANADA,4521249.12
IWC EXCAVATION,4506132.14
SOFTSIM TECHNOLOGIES,4504218.03
FIRST CANADA,4500327.27
UNIVERSITY OF TORONTO,4475550.89
GABRIELA OLIVEIRA,4469828.95
MID CANADA MOD CENTER,4463161.43
EXTRAVISION VIDEO TECHNOLOGIES,4446503.08
AIR LIQUIDE CANADA,4446245.47
R2I,4444267.19
RUSSEL METALS,4435674.7
CRIBTEC,4431602.25
ST JOHN AMBULANCE,4430531.66
CALTRIO COMPANY,4422092.57
WILDLIFE COMPUTERS,4415975.81
LE GROUPE SYNTAGME,4412791.34
PARKLAND INDUSTRIES,4405198.66
VCM CONSTRUCTION,4398613.11
TDI INTERNATIONAL,4397887.8
TELEDYNE,4395929.02
PETER J KINDREE ARCHITECT,4381454.69
AZIMUTH CONSULTING GROUP,4378511.88
898845 ALBERTA,4376626.05
DEAN CONSTRUCTION COMPANY,4373795.47
NIMBLE INFORMATION STRATEGIES,4373233.02
PICHE BROS CONTRACTING,4369315.35
DXB PROJECT MANAGEMENT,4361894.06
AXT,4354414.5
SEEGENE CANADA,4344376.98
AMPLEXOR CANADA,4341559.32
BOEHM HOTEL,4329721.76
NITRO CONSTRUCTION,4324086.45
THE MATHWORKS,4315129.71
INTELLINX SOFTWARE,4312035.63
FMC PROFESSIONALS,4303927.76
VFA CANADA,4303515.18
CANADENSYS AEROSPACE,4295152.19
HURST CONSTRUCTION MANAGEMENT,4292264.95
CARRE TECHNOLOGIES,4272851.79
IMP GROUP,4272436.5
AIR INDIA,4265666.95
LESAGE DAVID DR,4259996.88
BOUTHILLETTE PARIZEAU,4253606.69
MANULIFE,4231269.87
GROUPE PHANEUF,4213347.33
JUMPING ELEPHANTS,4212632.26
GALENVS SCIENCES,4210857.35
SEPW ARCHITECTURE,4208651.42
CENTRAL CITY ASPHALT,4203934.32
HONEY CONSTRUCTION,4200112.16
WESTERN CANADA MARINE RESPONSE,4198411.85
DORA CONSTRUCTION,4197551.4
SPARX SMART PODS,4191175.17
TOYOTA GIBRALTAR STOCKHOLDINGS,4190631.93
LEVERAGE TECHNOLOGY RESOURCES,4188609.39
R C M MODULAIRE,4188324.88
MOUNTAIN ROCK STABILIZATION,4187289.02
LAVAL LAB,4180108.35
BISSON FORTIN ARCHITECTURE,4172944.98
NORDA STELO CONSTRUCTION,4156693.28
FIRST AIR,4153600.74
FRANCIS CANADA TRUCK CENTRE,4152923.58
ICEBERG NETWORKS,4148103.51
MOHAMMAD HUSSAIN,4146765.17
DEBLY ENTERPRISES,4143426.54
GREG VAN WYK PROFESSIONAL,4137020.37
COVERDALE CENTRE FOR WOMEN,4136135.86
DALHOUSIE UNIVERSITY,4135295.39
NORLON BUILDERS LONDON,4133982.39
ULTRA ELECTRONICS,4131279.75
DR DAVID LESAGE,4129383.83
4 OFFICE AUTOMATION,4129330.58
LANSDOWNE TECHNOLOGIES,4126797.87
MAVERIN,4126012.66
SENSUS COMMUNICATION SOLUTIONS,4123673.47
THE STATE GROUP,4123487.61
MEDIA Q,4121938.73
MOBILE RESOURCE GROUP,4120822.28
PRO TEC FIRE SERVICES OF CANADA,4114834.04
AXYS TECHNOLOGIES,4105427.62
LES ENTREPRISES FERVEL,4101005.29
CO VEN,4099640
CRC CURE LABELLE,4089550.7
SKILLSOFT CANADA,4085656.44
EXTRON ELECTRONICS RGB SYSTEMS,4079256.64
MALLEN GOWING BERZINS,4077770.48
SHM CANADA CONSULTING,4071824.75
SHAW CABLE,4071298.06
TRANSTEC,4071173.63
TECHSOL MARINE,4070346.53
MAISON DECISION HOUSE,4067597.57
XPERT SOLUTIONS TECHNOLOGIQUES,4066627.32
CCM CONSTRUCTION,4062485.09
ALPINE AEROTECH,4056506.34
VIZWORX,4055216.06
ISOMASS SCIENTIFIC,4047955.43
LENGKEEK VESSEL ENGINEERING,4044144.27
BRUKER,4041836.44
MIWAYAWIN HEALTH CARE,4037294.71
J J TRAILERS MANUFACTURERS AND SALES,4029089.46
AIR TINDI,4015977.06
ALLIANCE EVENTS,4004278.81
1019837 ONTARIO,4003126.35
B BRAUN OF CANADA,3993774.25
MERCURY MARINE,3971335.31
YORK UNIVERSITY,3947755.04
HATCH,3930473.4
RHEINMETALL,3922001.21
CONOSCENTI TECHNOLOGIES,3913645.49
THOMAS SCHMIDT,3885504.35
UNIVERSITY OF NEW BRUNSWICK,3876985.28
FAST TRACK STAFFING,3870230.1
IHS GLOBAL,3843111.22
THE IT BROKER,3836647.54
MAGELLAN AEROSPACE,3794491.47
ADIRONDACK INFORMATION MANAGEMENT AMITA ARTEMP PERSONNEL SERVICES INC THE AIM GROUP INC IN JOINT VENTURE,3792945.32
ANSYS CANADA,3782361.53
CONVERGINT TECHNOLOGIES,3745426.61
UNITED RENTALS OF CANADA,3743160.47
ACART COMMUNICATIONS,3627117.08
AVJET HOLDING,3613929.9
VISIONTEC,3613413.69
PEPCO,3601290.07
COPCAN CIVIL,3577055.55
THE HALIFAX COMPUTER CONSULTING GROUP,3551533.97
LEVITT SAFETY,3421069.56
GREENDALE RESOURCES,3390027.12
CHEVRON,3379178.74
S P GLOBAL MARKET INTELLIGENCE,3376109.36
LIKE 10,3353209.1
MEDI SELECT,3320638.6
UNIVERSITY OF BRITISH COLUMBIA,3314875.52
TRI STAR INDUSTRIES,3296595.18
NOVA NETWORKS,3275198.7
PROQUEST,3247291.17
CONSTRUCTION JESSIKO,3180636.02
ST JOSEPH PRINT GROUP,3179060.42
MERIDIAN MEDICAL TECHNOLOGIES,3152743.58
WESTBURY NATIONAL SHOW SYSTEMS,3122147.38
ROHDE SCHWARZ CANADA,3100976.83
KEYSIGHT TECHNOLOGIES CANADA,3097414.66
IDS SYSTEMS CONSULTANTS,3091179.28
L P ROYER,3074338.88
RUSH TRUCK CENTRES OF CANADA,3040538.85
SEGUIN MORRIS,3016744.09
FLIGHTSAFETY CANADA,3005301.78
VALCOM CONSULTING,2978702.79
GENERAL ELECTRIC CANADA,2961806.53
NEPTUNE SECURITY SERVICES,2950610.75
SHELL CANADA PRODUCTS,2918803.07
A SANTIN MASON CONTRACTOR,2917606.35
DBC MARINE SAFETY SYSTEMS,2914985.29
BRANDT TRACTOR,2897801.53
CANSEL SURVEY EQUIPMENT,2833690.97
HUBSPOKE,2820802.06
FIDELITY ENGINEERING CONSTRUCTION,2789785.79
SUPER CHANNEL INTERNATIONAL,2756695.42
UNIVERSITY OF WESTERN ONTARIO,2736818.07
ATLANTICA MECHANICAL CONTRACTORS,2703864.44
KUBOTA CANADA,2680386.77
TOURE CLEANING SERVICES,2665134.56
QUEEN S UNIVERSITY,2622300.53
WATERWORKS CONSTRUCTION,2612427.17
TROY LIFE FIRE SAFETY,2607694.78
WEBSTER ELECTRIC,2593062.34
IMPERIAL CLEANERS,2571373.09
METALCRAFT MARINE,2558875.6
TENAQUIP,2556160.69
73719 NEWFOUNDLAND LABRADOR,2545034.65
GAMBLE TECHNOLOGIES,2448595.35
ANIXTER CANADA,2412609.09
DWP SOLUTIONS,2340867.56
HUMAN LOGISTICS,2317207.13
NOVA SCOTIA POWER,2280276.94
DEW ENGINEERING,2200293.14
VCI CONTROLS,2167870.84
WESCO DISTRIBUTION CANADA,2167264.41
PETROVALUE PRODUCTS,2149666.19
SIMEX DEFENCE,2126809.51
BLUEWAVE ENERGY,2082760.17
CHANNEL MANAGEMENT INTERNATIONAL,2023123.12
CONSTRUCTION COUTURE TANGUAY,2012062.5
ULTIMATE CONSTRUCTION,2006270.46
MILLBROOK TACTICAL,1929397.54
VALARD CONSTRUCTION,1901962.5
SCALAR DECISIONS,1885504.82
INTER OUTAOUAIS,1880004.1
BRONSWERK MARINE,1875661.71
QINETIQ,1864567.25
WASTE CONNECTIONS OF CANADA,1842464.49
GEOSPECTRUM TECHNOLOGIES,1815097.43
PEERLESS GARMENTS,1793689.08
DALCON CONSTRUCTORS,1784814.8
LES HUILES DESROCHES,1753664.96
EVRIPOS JANITORIAL SERVICES,1733849.93
APRON FUEL SERVICES,1717757.74
"NATCO PHARMA CANADA",1713522.02
AMEC CONSTRUCTION,1693783.38
INLAND AUDIO VISUAL,1691611.13
WASTE MANAGEMENT OF CANADA,1686954.13
INTEGRATED DISTRIBUTION SYSTEMS,1621368.57
EQUASION BUSINESS TECHNOLOGIES,1614193.56
HIGHLANDS FUEL DELIVERY,1512310.83
GFL ENVIRONMENTAL,1473477.7
MID VALLEY CONSTRUCTION,1422818.32
INTERGRAPH CANADA,1332777.09
LARRY PENNER ENTERPRISES,1331370.17
INSTITUT NATIONAL D OPTIQUE,1319028.3
RAYTHEON,1302617.19
UQSUQ,1297892.68
MED ENG HOLDINGS,1209291.48
MAXIMUS CANADA,1187846.81
GAP WIRELESS,1184465.19
ZOLL MEDICAL CANADA,1177774.34
FLYNN CANADA,1143124.09
LLOYD S REGISTER CANADA,1132216.98
BROOKFIELD ASSET MANAGEMENT,1102360.59
UNISOURCE,1100798.12
C CORE,1099132.83
SIMPSON BUILDING CONTRACTORS,1098130.34
SETANTA CONTRACTING,1059765.8
DYNAMIC FACILITY SERVICES,1044039.39
SERCO,1026822.34
2553164 ONTARIO,996464.73
EASTPOINT ENGINEERING,971484.27
CARMICHAEL ENGINEERING,893856.79
MEGGITT,892107.82
CONSTRUCTION COTE FILS,888171.03
MACEWEN PETROLEUM,883701
OMNITECH ELECTRONICS,811148.63
GERMAIN CONSTRUCTION,793223
RIKJAK CONSTRUCTION,789079.16
INTERNATIONAL SAFETY RESEARCH,708002.69
BMT FLEET TECHNOLOGY,707098.66
LEEDS TRANSIT,686489.92
CLARIANT CANADA,629866.37
DYMECH ENGINEERING,617282.44
JP2G CONSULTANTS,566783.25
ZENITH PAVING,540349.04
MCCOLMAN SONS DEMOLITION,528252.45
ENVIROSAFE JANITORIAL,484685.27
D TA SYSTEMS,463476.45
INDAL TECHNOLOGIES,452932.95
SOUTHWEST RESEARCH INSTITUTE,433153.55
CLERMARK,420183.75
WORLD FUEL SERVICES,413196.97
MACK TRUCKS,397381.72
KINGSVIEW CONSTRUCTION,373791.53
AMTEK ENGINEERING,344795.9
SCA SHIPPING CONSULTANTS ASSOCIATED,332694.29
PERSISTENT SYSTEMS,331016.7
FLEETWAY,295971.13
PYLON ELECTRONICS,290507.91
ATLANTIC ROOFERS,285300.11
LOCKHEED MARTIN,276791.11
PATLON AIRCRAFT INDUSTRIES,275450.97
PARKER JOHNSTON INDUSTRIES,257668.27
LIEBHERR CANADA,251242.38
REVISION MILITARY,246395.25
SAAB,212146.08
ABCO MAINTENANCE SYSTEMS,211938.92
CHEF BRANDZ,207845.88
EXCEL 7,202566.12
JHT DEFENSE,202184.62
ROLLING TIDES CONSTRUCTION,166567.27
MACKINNON AND OLDING,165959.95
AERO FEU,154536.91
ROCKWELL COLLINS CANADA,151814.97
GIL SON CONSTRUCTION,142513.37
MWCO,138839.5
MICHELIN,138237.02
AQUA LUNG CANADA,134004.78
BAE SYSTEMS,116198.83
TULMAR SAFETY SYSTEMS,114014.83
CANADIAN NUCLEAR LABORATORIES,112777.84
CRESTLINE COACH,109135
NORTHROP GRUMMAN,101735.4
DAIMLER,94906.11
DAVTAIR INDUSTRIES,91691.83
KAYCOM,81427.62
MAN ENERGY SOLUTIONS CANADA,79629.73
PRIMEX PROJECT MANAGEMENT,76983.08
H H CONSTRUCTION,72802.88
WEATHERHAVEN CANADA,70281.57
AIRBOSS DEFENSE,64007.16
MARTEC,62150
SEASPAN VICTORIA SHIPYARDS,59197.95
BEST SERVICE PROS,58638.56
HYDRO ONE,55998.06
MANITOBA HYDRO,51140.25
STRONG BROS GENERAL CONTRACTING,48477
RACEROCKS 3D,41052.9
CUBIC DEFENSE APPLICATIONS,38094.7
HUMANSYSTEMS,35256
ABS AMERICAS,31176.25
FORT GARRY FIRE TRUCK,30416.4
PETRO AIR SERVICES,24719.62
NOKIA CANADA,23661.38
CADEX,15179.87
MEAL KIT SUPPLY CANADA,13439.04
CASP AEROSPACE,13072.27
UTILITIES KINGSTON,11841.37
WEIR CANADA,3919.05
