d_vendor_name,max_overall_value,n
1037612 TT VISA SERVICES,17227440.00,1
10647802 CANADA,9258481.93,22
11983890 CANADA CENTRE,67099400.00,1
1320376 ONTARIO,6419229.93,7
1376387 FLEETWAY,1358487.87,2
14343878 ONTARIO,9915385.33,1
1456812 ALBERTA,1984920.00,2
152610 CANADA,1888206.62,6
1595769 ONTARIO,300000.00,10
175303 CANADA,4981381.81,1
1E,516678.75,27
1X1 ARCHITECTURE,529335.30,59
2099042 ONTARIO,4221477.00,4
2145675 ONTARIO,3774780.62,2
2220742 ONTARIO,6109819.94,30
2347758 NOVA SCOTIA,1204919.40,6
2536 4589 QUEBEC,10382725.79,2
2553164 ONTARIO,3390000.00,4
2961 3403 QUEBEC,843750.00,35
2KEYS,125660000.00,28
3388646 CANADA COMMERCIAL BUILDING CLEANERS,4186237.30,3
3469051 CANADA,3601952.37,92
3D DATACOMM,670489.40,135
3M CANADA COMPANY,13305026.64,21
3V MECHANICAL,842274.44,27
4 OFFICE AUTOMATION,1902976.50,217
4083261 CANADA,2975895.41,11
49 SOLUTIONS,3748921.90,17
520571 ONTARIO,3121489.45,8
529040 ONTARIO 880382 ONTARIO,14056838.40,4
529040 ONTARIO AND 880382,23560000.00,23
5581 NUNAVUT,3713569.54,4
674725 ONTARIO,13360293.77,1
6771581 CANADA,1351574.24,118
6834973 CANADA,16353785.17,1
6854265 CANADA,726642.00,24
727619 ALBERTA O A ROUGHRIDER,6192473.04,1
7305516 CANADA,7786866.23,8
736902 ONTARIO,4781312.50,7
828778852PG0001 4527984CANADA,7108754.78,1
851791 NWT,16387026.42,5
9006 9311 QUEBEC,14770201.52,5
9034 3476 QUEBEC,3110260.69,16
9090 5092 QUEBEC,6005990.03,3
9099 3593 QUEBEC,3656918.37,1
9099 3593 QUEBEC INTER PROJE,5715143.95,2
9160 5188 QUEBEC,4590743.18,1
9170 7570 QUEBEC,3545748.63,1
9172 8766 QUEBEC,2645000.00,4
9205187 CANADA,11281487.83,2
9244 3175 QUEBEC,3585869.26,2
9275 0181 QUEBEC,6893315.18,43
9468269 CANADA,1745044.88,10
A C L CONSTRUCTION,3469973.25,3
A HARVEY COMPANY,1783915.90,7
A J HANNA,99814.68,91
A J HANNA CONSTRUCTION,450000.00,297
A NET SOLUTIONS,485165.50,71
A O CONTRACTING,2372478.07,3
A SANTIN MASON CONTRACTOR,4491608.21,6
A TECH ROOFING,1920500.00,7
AA STURGEON CONSTRUCTION,2070268.06,5
AB SCIEX,1601910.54,102
ABB,29416116.00,101
ABBOTT,35932050.00,69
ABCO INDUSTRIES,9880037.23,5
ABCO MAINTENANCE SYSTEMS,4795875.00,59
ABS AMERICAS,12236047.00,3
ACADIAN CONSTRUCTION 1991,2293971.99,2
ACADIAN DREDGING,847665.00,77
ACADIAN MARINE DIVING,2333859.56,8
ACART COMMUNICATIONS,8592686.25,28
ACCENTURE,130256581.36,138
ACCESS 2 NETWORKS,6123969.27,120
ACKLANDS GRAINGER,2105190.00,539
ACME FUTURE SECURITY CONTROLS,3150716.69,67
ACOSYS CONSULTING SERVICES,10735000.00,77
ACOSYS CONSULTING SERVICES PRICEWATERHOUSE COOPERS,972083.72,19
ACRES ENTERPRISES,3480273.41,3
ACT,2801494.40,200
ACTION EXPRESS,9225268.50,17
ACTION PERSONNEL OF OTTAWA HULL,1368294.40,44
ADAMSON ASSOCIATES ARCHITECTS,20985300.00,1
ADGA GROUP,348625938.42,203
ADOBE,45724803.35,30
ADOR TECH,479939.00,29
ADP CANADA,26611404.23,1
ADPEARL,12023200.00,6
ADRM TECHNOLOGY AND RANDSTAD IN JV,609490.36,13
ADRM TECHNOLOGY CONSULTING,19628100.00,303
ADSS,1146052.88,34
ADSS 6175015 CANADA,392830.79,54
ADVANCED BUSINESS INTERIORS,3111425.90,1127
ADVANCED CHIPPEWA TECHNOLOGIES,32054706.51,874
ADVANCED ENERGY MANAGEMENT,2208881.89,114
ADVANCED PARAMEDIC,13682770.91,4
ADVANIS JOLICOEUR,758180.28,19
AEBI SCHMIDT CANADA,847596.69,9
AECOM,30195238.10,432
AEG FUELS,647709.41,2192
AEREX AVIONICS,11497500.00,26
AERO FEU,23082955.75,24
AERO SUPPLIES,365246.62,457
AEROPORT DE QUEBEC,2962595.77,5
AEROPORTS DE MONTREAL,12661901.63,1
AEROPRO,4224769.82,8
AFC INDUSTRIES,7020654.83,3
AFN ENGINEERING,559360.00,317
AG CREATIONS,1343623.59,59
AGENCE SOCIALE SPECIALISEE DE L OUTAOUAIS,4951335.32,2
AGILEC,10263999.49,23
AGILENT,1904880.23,647
AGRITEAM CANADA,19950000.00,15
AHS COMMUNITY INDUSTRIES,4812679.22,5
AIM HEALTH GROUP,13595242.26,12
AIM SUPPLY,427230.40,35
AINSWORTH,6506754.77,193
AIR BRAVO,25099.56,136
AIR CHARTER SERVICE,4055381.49,3
AIR INDIA,2901209.76,3
AIR INUIT,10909467.84,80
AIR LIQUIDE CANADA,382966.04,284
AIR NORTH,160472.00,77
AIR PRODUCTS CANADA,1221478.10,71
AIR TINDI,7381621.00,214
AIRBORNE SYSTEMS,16205262.01,2
AIRBUS,2900107494.23,169
AIRCRAFT APPLIANCES AND EQUIPMENT,45411870.94,2
AIRPORT TECHNOLOGIES,2701905.45,29
AIRSIDE PROPERTIES,8823289.44,1
AIWORX,3449250.00,3
AKM GROUP,2593350.00,3
ALBERTA MOTOR TRANSPORT ASSOCIATION,2710870.00,2
ALBERTA SEVENTH STEP SOCIETY,5324931.60,3
ALCAIDE WEBSTER ARCHITECTS,1981305.84,30
ALGONQUIN COLLEGE,3873454.05,121
ALIKA INTERNET TECHNOLOGIES,3318500.00,22
ALINEA INTERNATIONAL,20012360.00,13
ALIVAKTUK CONSULTING,2963667.95,7
ALIVAKTUK CONSULTING NAVPOIN,3723350.00,1
ALLEN HASTINGS,5277301.47,5
ALLIANCE ENERGY,14147674.64,24
ALLIANCE ENGINEERING CONSTRUCTION,7458000.00,9
ALLIANT TECHSYSTEMS OPERATIONS,21406295.61,8
ALLIED PAVING,14131530.63,1
ALLIED PROJECTS,1799256.00,12
ALLIED SHIPBUILDERS,18673276.91,17
ALLSEATING,578419.37,88
ALMIQ CONTRACTING,55857000.00,1
ALPHA CONSTRUCTION,9874259.45,8
ALPINE AEROTECH,532261.22,146
ALPINE HELICOPTERS,418579.36,283
ALS CANADA,6328419.30,221
ALTIS HUMAN RESOURCES,6898146.00,1279
ALTIS RECRUITMENT TECHNOLOGY,3225060.69,27
ALVA CONSTRUCTION,5147890.59,12
AMAN BUILDERS,36987000.00,2
AMAZON,5000000.00,138
AMD MEDICOM,93564000.00,2
AMDOCS,2950805.20,4
AMER SPORTS CANADA,8291487.00,8
AMERESCO CANADA,67199646.15,20
AMERICAN BUREAU OF SHIPPING,3568715.58,91
AMERICAN CHEMICAL SOCIETY,1827227.48,38
AMEX BANK OF CANADA,25628148.00,5
AMRON CONSTRUCTION,1800000.00,153
AMTECH AERONAUTICAL,1400000.00,15
AMTEK ENGINEERING,1935719.00,33
ANALYTICAL GRAPHICS,680413.23,44
ANCHOR QEA,20190476.19,4
ANGUS CONSULTING MANAGEMENT,1880300.99,8
ANIXTER,1391587.96,284
ANSYS CANADA,1789765.31,125
ANTHONY MACAULEY ASSOCIATES,643408.90,49
ANTONIANI LAW PROFESSIONAL,6252250.94,1
AON REED STENHOUSE,6621950.99,128
APEX STEEL GAS,1382640.00,86
APICA MEDICAL SERVICES,2680000.00,3
APOTEX,10800071.16,5
APPAREL TRIMMINGS,10515025.00,58
APPLIED ELECTONICS,13249749.51,530
APPLIED SYSTEMS ENGINEERING,6044170.82,1
APPTION,2983624.31,21
APRON FUEL SERVICES,1708953.13,459
APS AVIATION,5847377.10,8
AQUA GUARD SPILL RESPONSE,3506030.58,6
AQUA LUNG CANADA,7411378.80,70
AQUA POWER CLEANERS 1979,3880895.78,3
AQUATIC INFORMATICS,2010989.64,18
ARA ROBOTIQUE ARA ROBOTIC IN,1137330.29,4
ARAL CONSTRUCTION 2014,4877318.66,7
ARCADIS CANADA,3809523.81,277
ARCHITECTURE 49,25030112.58,257
ARCHITECTURE EVOQ,89962141.84,33
ARCTIC CANADA CONSTRUCTION,3751791.59,5
ARDENT GLOBAL,15106400.00,2
ARI FINANCIAL SERVICES,599068.59,695
ARIS GLOBAL,3704239.44,1
ARISGLOBAL,2324923.20,4
ARMSERV CONTRACTING,3139246.05,7
ARNASON INDUSTRIES,2462531.87,2
ARRM ELECTRIC,1920783.85,44
ARROW HELICOPTERS,966449.40,124
ARTEMP PERSONNEL SERVICES,3316550.00,228
ARTEX SPORTSWEAR,7525629.01,27
ARUP CANADA,22913958.45,2
ASBEX,6722695.66,93
ASC GERMANY,5863246.70,11
ASC GERMANY AMOURED SPECIALITY CARS,2157500.00,1
ASL PAVING,1724970.88,2
ASML US,1661312.25,32
ASOKAN BUSINESS INTERIORS,2702239.39,419
ASPEN PHARMACARE CANADA,3204320.00,1
ASSOCIATED ENGINEERING,5807104.22,81
ASSOCIATION CANADIENNE POUR LA SANTE MENTALE SECTION SAGUENAY,3952043.94,2
ATCHISON DENMAN COURT REPORTING SERVICES,3113446.00,4
ATCO,79043760.00,383
ATIRA WOMENS RESOURCE SOCIETY,2068969.00,3
ATKINSON CONSTRUCTION,10757125.03,2
ATLANTIC BUSINESS INTERIORS,1470311.85,198
ATLANTIC HUMAN SERVICES,4840655.58,2
ATLANTIC ROAD CONSTRUCTION AND PAVING,7129387.81,5
ATLANTIC TOWING,86773020.00,13
ATLANTICA MECHANICAL CONTRACTORS,2693700.00,30
ATS SERVICES,2374879.70,22
ATS TRAFFIC ALBERTA,5123539.05,24
ATWILL MORIN,14373344.34,11
AUSENCO SUSTAINABILITY,3809523.81,9
AV NUNAVUT FUELS,8710085.44,3
AV TECH,2069550.00,164
AVALON HOLOGRAPHICS,1144068.05,7
AVENAI,2685309.40,10
AVI SPL,1581694.06,966
AVJET HOLDING,1783960.59,370
AVMAX AVIATION SERVICES,7187769.54,43
AVONDALE CONSTRUCTION,19038240.36,32
AXA ASSISTANCE CANADA,3500000.00,2
AXON,2990358.00,31
AXT TONGMEI,52036.29,67
AXYS TECHNOLOGIES,2648145.41,74
AZIMUTH CONSULTING GROUP,4190476.19,10
B BRAUN OF CANADA,4958257.15,3
B L ASSOCIATES,4080355.82,5
B R ENTERPRISES,4126888.54,15
B T L CONSTRUCTION,68007919.41,2
BABCOCK INTERNATIONAL GROUP,2046587647.93,27
BABEL STREET,4417966.69,17
BAD VENTURES,2075214.75,1
BAE SYSTEMS,5000000.00,115
BAJA CONSTRUCTION CANADA,3626246.86,20
BALODIS,3335069.00,11
BANCTEC CANADA,27519127.56,21
BANFIELD SEGUIN,6575142.59,45
BARDON SUPPLIES,132915.39,224
BARGREEN ELLINGSON,7794318.05,437
BARRIE MACKAY CONTRACTING,11059846.80,2
BARRON S REFRIGERATION HEATING,1898700.00,114
BARRY S BULLDOZING,765207.45,46
BARTA MACHINE,9929028.09,2
BATTLE RIVER ELECTRIC,1060000.00,70
BAUER HOCKEY,7345000.00,1
BAVARIAN NORDIC,20324829.90,2
BAXTER,15326469.68,9
BAY CONSTRUCTION MANAGEMENT,4139487.78,6
BAYSHORE HEALTHCARE,6451250.00,168
BC BORSTAL ASSOC,4759722.49,1
BDO CANADA,16400000.00,389
BEAUDOIN CANADA,8078665.75,2
BEAULIEU PLUMBING MECHANICAL,2458873.18,1
BEAVER AIR CHARTER CONSULTANTS,253427.25,318
BECKMAN COULTER CANADA,494783.12,146
BEE CLEAN BUILDING MAINTENANCE,1638691.24,180
BELAND LAPOINTE,39177126.00,2
BELL AND HOWELL CANADA,6030072.91,7
BELL CANADA,609021377.44,1243
BELL TEXTRON,797556147.13,371
BERLITZ CANADA,149850.00,240
BERVIN CONSTRUCTION,5118385.83,8
BEST BUY HOUSING,2114330.57,1
BEST SERVICE PROS,1292157.00,124
BEST WESTERN PLUS REGENCY INN,1056041.49,3
BEVA GLOBAL MANAGEMENT,847864.01,61
BGLA,2162108.52,16
BIARRITZ CONSTRUCTION,2006227.49,11
BIGHORN CONSTRUCTION,3665983.32,13
BIGHORN HELICOPTERS,643702.50,130
BIO CHAMBERS,371769.65,14
BIO NUCLEAR DIAGNOSTICS,26679752.00,22
BIO RAD LABORATORIES CANADA,293163.00,174
BIOKINETICS AND ASSOCIATES,4311562.50,2
BIOMERIEUX CANADA,27555101.66,47
BIRD CONSTRUCTION COMPANY,16673287.86,9
BIRON GROUPE SANTE,68310503.10,1
BISHOP S UNIVERSITY,1148767.82,2
BISSON FORTIN ARCHITECTURE,2085451.99,21
BLACK MCDONALD,38925179.28,330
BLACKBERRY,103556896.06,115
BLOOMBERG FINANCE L P,469445.19,49
BLUE WATER SYSTEM,14876382.00,1
BLUEDOT,3051000.00,8
BLUEDROP TRAINING SIMULATION,6736700.00,3
BLUEWAVE ENERGY,848864.30,260
BLUMETRIC ENVIRONMENTAL,28864000.00,212
BLUNDEN CONSTRUCTION 1995,1296050.00,8
BMC SOFTWARE,7966819.79,8
BMC SOFTWARE CANADA,59000000.00,53
BMT FLEET TECHNOLOGY,163824250.50,36
BOEHM HOTEL,6500513.76,1
BOLESS,67401253.96,6
BOLLORE LOGISTICS,2001000.00,230
BOLLORE LOGISTICS CANADA,2486478.60,9
BOMBARDIER,116111278.94,190
BOMIMED,8434352.02,5
BONDFIELD CONSTRUCTION COMPANY,30636000.00,1
BOOMCHAIN MINING,313509.53,59
BOSTON CONSULTING GROUP,1469000.00,5
BOUTHILLETTE PARIZEAU,3412481.21,151
BOYD MOVING STORAGE,2130000.00,106
BRADLEY AIR SERVICES,160899.99,21
BRAGG COMMUNICATIONS,30638704.96,5
BRANDT TRACTOR,2857527.50,64
BRAWN CONSTRUCTION,2589066.13,13
BRECKENHILL,2000000.00,77
BRENEX BUILDING,3207615.92,2
BRETON MICHEL MD,3935279.17,10
BRIDGES OF CANADA,8510671.84,26
BRILUN CONSTRUCTION,3048246.25,14
BRIQUETAL,7667362.58,7
BRITTON ELECTRIQUE,6318032.40,2
BROADNET TELECOM,10698908.89,62
BROADWATER INDUSTRIES,3313144.80,27
BRONSWERK MARINE,20240000.00,66
BRONTE CONSTRUCTION,29222553.39,1
BROOK CONSTRUCTION,6531909.91,7
BROOKFIELD ASSET MANAGEMENT,123028750.00,16
BROOKFIELD GLOBAL INTEGRATED SOLUTIONS,5723000000.00,454
BRS INNOVATIONS,4952456.28,19
BRUKER,1151011.22,110
BRYCA SOLUTIONS,2820028.00,8
BUBBLE TECHNOLOGY INDUSTRIES,2576200.22,11
BUDGELL S EQUIPMENT RENTALS,4866242.94,2
BUILDON CONSTRUCTION,6157811.95,31
BULLDOG CONTRACTING,2154576.58,10
BUNZL CANADA,2613125.00,24
BUREAU NATHALIE,2141836.00,6
BUREAU VERITAS,15762528.78,461
BURSEY EXCAVATING DEVELOPMENT,4200749.52,11
BUTTCON,14252043.51,6
C CORE,1373445.00,49
C D NOVA TECH,1802574.87,14
C S BUILDERS,1509682.00,11
C T M A FERRY,2226217.91,2
C2D SERVICES,11106277.05,1
CA,94061139.84,24
CACHE COMPUTER CONSULTING,9394692.88,265
CACTUS SHIP REPAIR,2259267.15,28
CADEX,8883707.22,25
CAE,696558834.27,71
CALIAN,834794308.00,1136
CALKO GROUP,12871221.30,2
CALTRIO COMPANY,4019353.60,20
CALYTERA SOFTWARE,1212056.70,40
CAMOSUN COLLEGE,4154117.28,11
CAMPBELL DRUG STORES,165206000.00,1
CAMPBELL FORD SALES,2879781.39,2
CAMPBELL SCIENTIFIC CANADA,1773730.10,155
CAN AM PLATFORMS CONSTRUCTION,10250478.00,7
CAN ROSS ENVIRONMENTAL SERVICES,2943620.17,2
CAN TEC SERVICES,330072.75,49
CANADA,918633.85,29
CANADA COACH LINES GROUP,6293655.70,1
CANADA POST,13169445.02,303
CANADA WEST AVIONICS,211532.96,95
CANADENSYS AEROSPACE,1665087.52,11
CANADIAN AIRMOTIVE,4237500.00,14
CANADIAN BANK NOTE COMPANY,340945341.00,21
CANADIAN BASE OPERATORS,8468554.00,161
CANADIAN BORDER OPERATIONS,225730259.41,1
CANADIAN BUREAU FOR INTERNATIONAL EDUCATION,49855798.00,11
CANADIAN COMMERCIAL,3908000.00,2
CANADIAN CORPS OF COMMISSIONAIRES,13505250.00,6212
CANADIAN DEVELOPMENT CONSULTANTS,2017857.15,44
CANADIAN EMERGENCY VENTILATORS,169500000.00,1
CANADIAN FISHING COMPANY,4889382.96,6
CANADIAN HEALTH CARE AGENCY,393240.00,17
CANADIAN HELICOPTERS,8929387.67,323
CANADIAN LEASEBACK,7288797.77,219
CANADIAN MARITIME ENGINEERING,4151070.39,169
CANADIAN MENTAL HEALTH ASSOCIATION NORTH BAY AND DISTRICT,1892675.65,2
CANADIAN NATIONAL RAIL,3748500.00,1
CANADIAN NORTH,2702580.93,31
CANADIAN NUCLEAR LABORATORIES,8475000.00,4
CANADIAN PAEDIATRIC SOCIETY,22839591.40,5
CANADIAN RED CROSS,48291407.00,19
CANADIAN SPACE SERVICES,3133435.00,14
CANADIAN STANDARDS ASSOCIATION,1205211.64,59
CANADIAN VETERANS VR SERVICE,36033141.71,1
CANADYNE TECHNOLOGIES,4165117.82,22
CANAM PONTS CANADA,13957523.12,6
CANEVAS CONSTRUCTION,2519117.60,4
CANMEC,8590280.43,1
CANON,1566636.33,841
CANSEL SURVEY EQUIPMENT,788366.08,157
CANTEC SYSTEMS,3944547.18,31
CANTEX OKANAGAN CONSTRUCTION,6923602.35,3
CAPELLO AUDIO ELECTRONICS,1664112.53,17
CAPELLO SYSTEMS,1873434.99,9
CARAHSOFT TECHNOLOGY,10459797.27,345
CARDINAL HEALTH CANADA,1441789.60,87
CARL ZEISS CANADA,2203498.87,69
CARLETON ELECTRIC,5118543.01,35
CARLETON LIFE SUPPORT SYSTEMS,2107075.74,10
CARLETON UNIVERSITY,8764581.00,217
CARMACKS ENTERPRISES,9493568.46,1
CARMICHAEL ENGINEERING,2002086.75,83
CARO ANALYTICAL SERVICES,2351234.55,48
CARON PROFESSIONAL LINGUISTIC,377162.50,179
CARRIERE QUEBEC,3322825.00,1
CARSWELL,1845081.90,26
CARTEL COMMUNICATION SYSTEMS,5366511.01,12
CARVERY S CONSTRUCTION,174950.00,160
CAS ELL STRUCTURES,875000.00,152
CASCADE AEROSPACE,1100163550.00,5
CASEWARE INTERNATIONAL,1883711.69,8
CASP AEROSPACE,19994152.50,11
CATHOLIC SOCIAL SERVICES,5457389.47,5
CBC,2260000.00,4
CBCI TELECOM,3324997.88,742
CBCL,4442370.69,320
CBI MILLWRIGHT SERVICES,2150031.64,14
CBRE,5327674.80,33
CCM CONSTRUCTION,4050188.52,3
CCR CONSTRUCTION,10858337.26,4
CDCI RESEARCH,1197945.96,74
CDW CANADA,16917545.80,1258
CE HARRISON HOME HARDWARE,307295.61,82
CEGERCO,46877517.00,2
CELEB CONSTRUCTION,15843955.28,5
CENTURY GROUP,1807530.57,5
CEPHEID,133796520.00,9
CERIDIAN,40827789.68,6
CGI,76103500.76,284
CH2M HILL CANADA,7713042.77,7
CHANDOS CONSTRUCTION,11812723.43,6
CHANNEL MANAGEMENT INTERNATIONAL,3521744.80,24
CHANTIER DAVIE CANADA,782743750.00,8
CHANTIER NAVAL FORILLON,66851628.44,6
CHARTER TELECOM,25758026.77,5
CHEAM TIMBRO GROUP PARTNERSHIP,3941478.12,1
CHEF BRANDZ,87653.18,127
CHEMICAL ABSTRACTS SERVICE,3477941.07,14
CHEMPROTECT,2122260.00,3
CHEROKEE CONTRACTING,3955000.00,5
CHEVRON,1298041.19,59
CHIMO CONSTRUCTION,4071371.14,2
CHRISTIAN LAROCQUE SERVICES,1952772.23,37
CHRONO AVIATION,177956.63,127
CHU SAINTE JUSTINE,11930413.93,12
CHUBB EDWARDS,1201692.45,148
CIMA,7700000.00,164
CIMA S E N C,2259017.18,23
CIRCLE OF EAGLES LODGE SOCIETY,5242367.37,3
CISION CANADA,4752307.15,361
CISTEL TECHNOLOGY,32742187.00,287
CITRIX,11971546.14,28
CITY WYEED ELECTRIC,3093634.60,1
CIVIL UNDERGROUND EXCAVATION,3110025.89,1
CIVIX,8623125.00,2
CLARIANT CANADA,313012.36,147
CLEAN WORKS,2164448.33,2
CLEANMATTERS JANITORIAL SERVICES,5658112.37,16
CLEARWATER STRUCTURES,7412618.37,2
CLERMARK,5729829.48,21
CLICK NETWORKS,9638316.00,264
CLOSEREACH,3750000.00,129
CLOUD SYNAPPS,1426964.00,15
CLOUTHIER VENTURES,3731339.95,2
CO VEN,19377210.00,3
COADY CONSTRUCTION EXCAVATING,10305807.21,18
COASTAL RESTORATION MASONRY,7894868.32,128
COBALT CONSTRUCTION,2764020.00,3
COBHAM MISSION SYSTEMS DAVENPORT,2265462.23,1
COCO PAVING,7565708.00,6
COENTREPRISE CITE CARON,102389.86,142
COFELY SERVICES,13395495.00,1
COFOMO,26374483.17,473
COLLIERS PROJECT LEADERS,28000000.00,177
COLOGIX,5237488.45,1
COLT CANADA,96973144.48,240
COLUMBIA FUELS,818434.05,314
COMBAT NETWORKS,29373983.41,258
COMERCIAL BUILDING CLEANERS,2970660.65,2
COMMANDER PACIFIC FLEET,19314316.48,1
COMMERCIAL BUILDING CLEANERS,4056000.00,5
COMMERCIAL BUILDING CLEANING,4056000.00,4
COMMPOWER,4922447.50,2
COMMUNITECH,3376892.05,6
COMMVAULT SYSTEMS,14994956.50,24
COMNET NETWORKS AND SECURITY,1262440.48,15
COMPAGNIE AMPLEXOR CANADA,4567949.92,57
COMPASS GROUP CANADA,1683672.90,22
COMPOSITION STE FOY,2583317.05,23
COMPUCOM CANADA,17041598.92,345
COMPUGEN,78908842.92,568
COMPUMSTR,1613321.63,13
COMPUSULT,3750000.00,7
COMPUTER ASSOCIATES CANADA,88717807.22,5
COMPUTERSHARE INVESTOR SERVICES,471183275.98,8
CON PRO INDUSTRIES CANADA,18465435.11,19
CONCEPT CONTROLS,2830575.54,105
CONCIERGERIE SPEICO,2766595.83,7
CONEXSYS,2836806.31,97
CONFECTION AVENTURE,15084720.00,1
CONFERENCE BOARD OF CANADA,493695.10,202
CONFLUENCE CONSULTING,2966250.00,13
CONNECTIVE SUPPORT SOCIETY,4650105.75,9
CONNECTIVE SUPPORT SOCIETY KAMLOOPS,4083111.78,1
CONNEX TELECOMMUNICATIONS,2470055.35,26
CONOSCENTI TECHNOLOGIES,1669912.14,23
CONSTRUCTION BUGERE,6510023.68,10
CONSTRUCTION COTE FILS,6138000.00,4
CONSTRUCTION COUTURE TANGUAY,2766468.00,5
CONSTRUCTION CPB,2145642.17,13
CONSTRUCTION CYBCO,21194821.32,7
CONSTRUCTION DEMATHIEU BARD,68863926.42,6
CONSTRUCTION DERIC,4428455.87,13
CONSTRUCTION IRENEE PAQUET FILS I,2442550.76,3
CONSTRUCTION J R SAVARD,12252951.76,2
CONSTRUCTION LFG,10985183.09,14
CONSTRUCTION SIMDEV,7670025.10,2
CONSTRUCTION SOCAM,9369150.07,5
CONSTRUCTIONS BSL,2473454.12,7
CONSTRUCTIONS RENAUD VIGNEAU,737331.58,28
CONTRACT COMMUNITY,4461131.64,134
CONTRO VALVE,1436267.70,38
CONTROLLED ENVIRONMENTS,1061439.75,38
CONTROLS EQUIPMENT,654075.00,65
CONVERGINT TECHNOLOGIES,1253124.82,216
COPCAN CIVIL,3352312.33,14
CORADIX TECHNOLOGY CONSULTING,23071626.20,500
CORBEL MANAGEMENT,99017019.00,6
CORCAN,325834.00,39
COREBUILD CONSTRUCTION,52549536.00,1
CORETRACKS CLARITY CA,1998970.01,4
CORNERSTONE COMM ASSOC DURHAM,4725154.30,2
CORPORATION DU FORT ST JEAN,441659804.64,6
CORPORATION PROFESSIONNELLE DR SERGE LANDRY PROFESSIONAL,4274739.14,2
CORRECTIONAL SERVICES OF CANADA,1110000.00,28
COSSETTE COMMUNICATIONS,37769287.50,650
COTE GENEVIEVE S,1321600.00,3
COUGAR ENGINEERING CONSTRUCTION,6053238.29,3
COUPLAND KRAEMER ARCHITECTURE,1030265.57,27
COVERTITE EASTERN,3752191.01,9
COWATERSOGEMA,19574493.75,14
COWI NORTH AMERICA,2131353.00,90
COX AND PALMER,2525733.00,2
CP ENERGY MARKETING,18900000.00,4
CP ENERGYH MARKETING,2147644.80,1
CPCS TRANSCOM,1520312.20,63
CPKN NETWORK,1514980.00,13
CRAIG DESHARNAIS RESEARCH,473895.63,29
CRANDALL ENGINEERING,2103260.30,32
CRC CURE LABELLE,5365960.77,2
CRC D ATNQ,5329728.20,6
CRE TRANSPORT,5640290.00,29
CRUICKSHANK CONSTRUCTION,8101456.61,4
CRYPTOMILL TECHNOLOGIES,4968237.10,2
CSDC SYSTEMS,879562.97,103
CSI CONSULTING,695368.80,22
CSI LEASING CANADA,1025884.44,15
CTOMS,2999103.00,120
CUBE CONSTRUCTION,2595415.45,11
CUBIC DEFENSE APPLICATIONS,463406205.48,6
CULLEN DIESEL POWER,3253551.01,61
CUMMINS CANADA,2923200.00,132
CUSTOM HELICOPTERS,3834243.84,83
CWP CONSTRUCTORS,3360879.38,11
CYMI CANADA,23012723.22,1
CYTELLIGENCE,11300000.00,4
D DOYLE INSTALLATIONS,509541.58,223
D F S,9836480.93,49
D H PARTNERSHIP,896967710.00,2
D MARK BIOSCIENCES,3368487.02,41
D2L,19357083.68,8
D4IS SOLUTIONS,3749961.50,19
DADS,6983164.98,203
DAIMLER,600669.32,70
DALCON CONSTRUCTORS,1722976.80,6
DALHOUSIE UNIVERSITY,5580000.00,125
DALIAN ENTERPRISES,10735000.00,172
DANA HOSPITALITY PARTNERSHIP,3384094.54,1
DANIEL CREPEAU,1157965.63,17
DARE HUMAN RESOURCES,3483747.06,103
DARREN ANGER LAW PROFESSIONAL,3555034.06,1
DASCO EQUIPMENT,751525.00,267
DASCO STORAGE SOLUTIONS,282552.90,186
DASSAULT SYSTEMES CANADA,259029.30,76
DATA CENTRE INTELLIGENCE,4276641.62,42
DATA COMMUNICATIONS MANAGEMENT,3630419.47,130
DATIFEX,1299159.12,6
DATUM MARINE SERVICES,3451165.00,3
DAVE MCDONALD ELECTRIC,1798422.65,4
DAVID S LAFLAMME CONSTRUCTION,9961689.89,3
DAVTAIR INDUSTRIES,4316749.50,17
DAWSON CONSTRUCTION,9816543.47,6
DBC MARINE SAFETY SYSTEMS,3245357.58,24
DCC REGIONAL OFFICE HQ DIVISION WESTERN REGION,18450042.00,1
DCL CONSTRUCTION SERVICES,4322200.10,11
DE ANGELIS CONSTRUCTION,17062961.15,1
DEAN CONSTRUCTION COMPANY,3086485.11,4
DECAREL,41113410.00,1
DECISIVE GROUP,15666067.58,553
DEFENCE CONSTRUCTION CANADA,21042432.60,39
DEFENSE INFORMATION SYSTEMS AGENCY,6617756.00,2
DEFRAN,4399109.46,22
DELCO AUTOMATION,4562876.00,157
DELCO SECURITY,348655.16,49
DELL COMPUTER,13454954.19,714
DELOITTE,375841625.25,932
DELTA PHOTONICS,697478.00,50
DETON CHO LOGISTICS,295302.00,71
DEV HOTEL CONFERENCE CENTRE,15000000.00,2
DEW ENGINEERING,25719814.52,80
DEXTER CONSTRUCTION,82589000.00,139
DEXTERRA,34536307.18,189
DF BARNES SERVICES,1512819.87,25
DHL EXPRESS CANADA,780000.00,68
DIAMOND AND SCHMITT ARCHITECTS,32185230.45,14
DILIGENS,2252655.00,37
DILLON CONSULTING,2520826.51,600
DIRECT ENERGY BUSINESS,16875000.00,75
DISMAS SOCIETY,4933868.99,2
DLS TECHNOLOGY,1323519.75,99
DMTI SPATIAL,819250.00,44
DNR CONSULTING GROUP,4697772.87,75
DO ALL CONSTRUCTION,4391581.00,23
DOCUMENS TRADUCTION,572732.81,80
DOLOMITE NETWORKS,2307644.99,18
DOME PRODUCTIONS PARTNERSHIP,3780000.00,1
DOMUS BUILDING CLEANING,17477422.63,30
DON SAYWELL DEVELOPMENTS,1082356.85,195
DONALD J FRASER,5721440.27,1
DONALD SERVANT ELECTRIC,3976693.55,12
DONNA CONA,23000000.01,565
DONNA CONA AND IBM CANADA IN JV,3033227.63,5
DONNA CONA IBM CANADA IN JV,1690449.20,12
DR FERNANDO VILLASENOR,1617487.20,5
DR KEITH DAWSON,2364405.80,5
DR MANDEEP SAINI,4000000.00,2
DR NADER SHARIFI,2752633.20,4
DR ROBERT LABINE,1157746.70,7
DRAEGER,10962552.80,24
DRAGAGE IM,5020685.35,12
DRAGAGE OCEAN DSM,37213684.01,15
DRAPEAUX ET BANNIERES L ETENDARD,3513848.00,11
DRASTIC FISHERIES,1525500.00,3
DSS MARINE,8927299.53,31
DST CONSULTING ENGINEERS,1500000.00,227
DUVALTEX CANADA,8961122.10,35
DWP SOLUTIONS,11657409.51,11
DXB PROJECT MANAGEMENT,9300000.00,1
DYMECH ENGINEERING,5688420.00,22
DYNABOOK CANADA,10910773.41,188
DYNACARE,79019057.65,144
DYNAMIC ASPHALT SERVICES,922966.42,4
DYNAMIC CONSTRUCTION,1683172.65,10
DYNAMIC FACILITY SERVICES,3554522.87,11
DYNAMIC PERSONNEL CONSULTANTS,905924.26,203
DYNAMITE CONSTRUCTION,1513821.33,4
E CONSTRUCTION,7393617.77,44
E D BRUNET ET ASSOCIES CANADA,21611469.72,1
E STAR INTERNATIONAL,2079133.10,2
EAGLE BEACH CONTRACTORS,2066814.50,5
EAGLE PROFESSIONAL RESOURCES,32230000.01,37
EASTPOINT ENGINEERING,2590144.53,178
EASTWAY CONTRACTING,4075721.00,33
EBC,166725148.00,5
EBERHARD VON HUENE ASSOCIATES,981614.74,57
EBSCO CANADA,28583375.19,335
ECLIPSYS SOLUTIONS,15583627.79,379
ECO TECHNOLOGIES,1685682.34,70
ECOLE DE LANGUES ABCE,527850.00,569
ECOLE DE LANGUES EAGLE,147987.06,221
ECOLE DE LANGUES LA CITE,3051750.00,384
ECONOMIST INTELLIGENCE UNIT,1353567.47,7
ECOPIA TECH,3390000.00,6
EDMONDS LANDSCAPE AND CONSTRUCTION,1711257.50,26
EDWARD COLLINS CONTRACTING,3055064.13,16
EFCO ENTERPRISES,86165.22,80
EFFIGIS GEO SOLUTIONS,552116.25,32
EIFFAGE INNOVATIVE CANADA,41417426.70,8
EILEEN ROOFING,2092863.96,5
EKOS RESEARCH ASSOCIATES,344184.44,108
EL DORADO ENGINEERING,3950841.00,2
ELBIT SYSTEMS,37046045.40,17
ELEMENTAL DATA COLLECTION,2498893.30,10
ELITE ENVIRONMENTAL GROUP,307016.48,127
ELIZABETH FRY SOCIETY,5558522.68,29
ELLICE RECYCLE,4444945.45,2
ELLISDON,378700966.11,28
ELSEVIER,2136480.49,137
EMCEE CONSTRUCTION AND MANAGEMENT,2525574.18,6
EMCON SERVICES,19947289.06,79
EMERGENCY MEDICAL TECHNOLOGY,7781660.92,1
EMERGENT BIOSOLUTIONS,17823550.00,133
EMERION COFOMO FMC,571647.57,21
EMIL ANDERSON CONSTRUCTION,10006046.51,5
EMMANUEL CONSTRUCTION SERVICES,4265465.22,7
EMMONS MITCHELL CONSTRUCTION,13179727.00,16
EMPOWERED NETWORKS,9687765.05,53
EMS TECHNOLOGIES,166733853.96,3
EMTEC,1000390.16,37
ENERGERE CONSULTANTS,10695771.30,4
ENET4S SOFTWARE SOLUTIONS,856059.75,4
ENGLOBE,16118528.99,837
ENMAX,10220700.00,67
ENSEIGNES PATTISON SIGN GROUP,295059.76,124
ENSERO SOLUTIONS CANADA,18157561.40,1
ENTREPRISE CLAVEAU,7779539.54,2
ENTREPRISE DE CONSTRUCTION T E Q,26264659.07,2
ENTRUST,6125218.56,89
ENVELOPPE CONCEPT,2202984.82,29
ENVIRONICS RESEARCH GROUP,596419.05,103
ENVIROSAFE JANITORIAL,4656000.00,64
ENVIROSERVICES,412043.25,69
EPERFORMANCE,2650920.12,34
EPIK TAAHHUT SANAYI IC VE DIS,2512794.55,1
EPPENDORF CANADA,516737.79,70
EQUASION BUSINESS TECHNOLOGIES CONSULTING AND WATERSHED ITS IN CJV,4255626.80,2
EQUINIX OTTAWA GOVERNMENT,39551785.18,8
EQUIPOS INDUSTRIALES DE MANUTENCION,10196210.85,2
ERNST YOUNG,30000000.00,381
ESAP PROJECT PARTNERSHIP,4243217046.44,1
ESBE SCIENTIFIC INDUSTRIES,46212865.19,86
ESRI,3882648.27,783
ESSEX INDUSTRIES,4120740.00,2
ET FUSION,3917894.19,1
ETHIOPIAN AIRLINES GROUP,1050000.00,9
ETICO,3669533.75,11
EUROVIA QUEBEC CONSTRUCTION,9909546.75,5
EVALUATION PERSONNEL SELECTION,870528.78,128
EVEREST CONSTRUCTION MANAGEMENT,6952101.53,5
EVOLUTION ROOFING,3436921.22,3
EVOLVECOMP CONSTRUCTION,3572627.19,11
EVRIPOS JANITORIAL SERVICES,5418967.52,14
EXACT LEGAL TRANSLATIONS,4100487.86,25
EXCALIBUR ENVIRONMENTAL SERVICES,858900.00,8
EXCAVATION LOISELLE,6327136.75,5
EXCAVATION RENE ST PIERRE ENG,12308006.38,3
EXCAVATIONS DARCHE,2053657.17,4
EXCEL 7,9249520.00,3
EXCEL HUMAN RESOURCES,14088015.10,1787
EXP ARCHITECTS,2065830.50,35
EXP SERVICES,1321565.29,161
EXPERIS,2831328.00,4
EXPRESS SCRIPTS CANADA,260037883.60,2
EXTRON ELECTRONICS RGB SYSTEMS,399683.10,47
EXXONMOBIL,200276.20,1159
F M INSTALLATIONS,6303759.55,2
FACCA,7745447.54,6
FACTIVA,2697111.12,79
FAIRBANKS MORSE ENGINE,6692516.07,319
FALCON ENVIRONMENTAL,339000.00,53
FARMER CONSTRUCTION,5479499.46,239
FAST FORWARD FRENCH,122598.00,709
FAST TRACK STAFFING,262143.00,238
FASTENAL,724500.00,341
FCA CANADA,6029350.04,717
FEAST INTERACTIVE,3213493.66,16
FEDERAL EXPRESS CANADA,90400000.00,51
FEDERAL FLEET SERVICES,879115690.31,1
FELIX TECHNOLOGY,38113143.63,294
FERENCE COMPANY CONSULTING,968893.00,74
FERUS,1502550.00,94
FFG,192185720.00,27
FIA GROUP,14874829.21,8
FIDELITY ENGINEERING CONSTRUCTION,2208000.28,8
FINNING INTERNATIONAL,448326.37,95
FIRE FLOOD EMERGENCY SERVICES,1483965.00,2
FIRST AIR,3436417.31,29
FIRST PEOPLES INFRA,7811745.07,2
FIRSTCHOICE GROUP CANADA,2516629.50,11
FISH FOOD AND ALLIED WORKERS,1269748.97,15
FISHER PAYKEL HEALTHCARE,4638650.00,3
FLEET FCA CANADA,196527.34,101
FLEETWAY,207702271.50,23
FLEX KNIT,2142690.38,134
FLIGHT FUELS,934946.47,218
FLIGHTSAFETY CANADA,3510465.80,13
FLOYD S CONSTRUCTION,4649861.29,37
FLUID ENERGY GROUP,106157504.22,3
FLYER ELECTRIC,9040338.04,25
FLYNN CANADA,1916777.79,32
FMC PROFESSIONALS,1602622.50,53
FN HERSTAL,1760525.46,21
FORD MOTOR COMPANY,4963046.70,2243
FORREST GREEN CONSULTING,4763120.33,2
FORRESTER RESEARCH,843588.75,89
FORT GARRY FIRE TRUCK,6288806.13,15
FOURNIER CONSTRUCTION INDUSTRIELLE,5204780.00,2
FOWLER BAULD MITCHELL,3015632.37,11
FOX TRANSLATIONS,1339558.50,85
FOXIT SOFTWARE,4742457.14,10
FRANCIS CANADA TRUCK CENTRE,3302746.51,18
FRANNAN INTERNATIONAL,13320379.23,3
FRASER RIVER PILE DREDGE,53043584.59,5
FRECON CONSTRUCTION,855434.73,18
FRED TROTTIER CONSTRUCTION,14581195.00,4
FREEBALANCE,1008822.92,131
FREQUENTIS CANADA,4177794.74,20
FRESENIUS KABI CANADA,2765620.00,7
FRESIA S P A,8974761.85,2
FROSTI FISHING,2310000.00,5
FSA ARCHITECTURE,1738209.17,14
FSC,7910000.00,9
FTI CONSULTING,41632395.85,5
FTI PROFESSIONAL GRADE,237300000.00,1
FTS FOREST TECHNOLOGY SYSTEMS,266250.60,102
FUGRO GEOSURVEYS,1649910.17,12
FUJITSU,52591544.97,57
FUNDY CONTRACTORS,5665023.50,34
FVB ENERGY,1818472.32,71
G BIRD HOLDINGS,7278736.82,3
G C M CONSULTANTS,1615631.04,4
G N JOHNSTON EQUIPMENT COMPANY,4032000.00,1
G PLUS INDUSTRIES,2193372.66,5
G4S SECURITY SERVICES,25285742.76,43
GAB INDUSPAC,98109.38,284
GABRIELA OLIVEIRA,56258191.97,1
GAGNON LETELLIER CYR RICARD,7744990.58,6
GALAXY BROADBAND COMMUNICATIONS,4520000.00,7
GALENVS SCIENCES,10182375.00,4
GALVION,1144202.87,5
GAMBLE TECHNOLOGIES,1696701.03,66
GAP WIRELESS,662347.98,120
GARDA SECURITY GROUP,59495222.92,151
GARDNER ELECTRIC,1423858.70,6
GARDON CONSTRUCTION,2434085.84,5
GARTNER,4497200.35,1406
GARY PARKER EXCAVATING,1040749.99,34
GAT INTL LOCALIZATION SERVICES,1552162.50,27
GATESTONE,35222100.00,30
GATEWAY MECHANICAL SERVICES,7966909.30,142
GAUDETTE S TRANSIT MIX,1822533.21,13
GC STRATEGIES,9247787.61,123
GDI,3661406.51,15
GDI SERVICES,13307014.00,123
GEMMA PROPERTY SERVICES,4986115.72,24
GEMTEC,2449497.02,312
GEN MEC ACL,8803620.00,1
GENERAL DYNAMICS,2067455612.44,472
GENERAL ELECTRIC CANADA,128519822.04,93
GENERAL MOTORS,10870600.00,1360
GENESIS INTEGRATION,2549501.05,429
GENOME QUEBEC,319861.98,318
GEORGE COUREY,39664078.02,16
GEORGIAN PAVING A DIVISION OF MILLER PAVING,4558082.53,2
GEOSPECTRUM TECHNOLOGIES,5695994.03,17
GESTION AJ,4238853.44,15
GESTION SEPTEM,1292299.66,7
GETINGE CANADA,9773944.04,50
GFL ENVIRONMENTAL,1933188.59,150
GFL ENVIRONMENTAL SERVICES,1813223.59,23
GHD,163558.06,330
GILMORE REPRODUCTIONS,3492411.90,98
GINO PELLETIER FOREX MALI DIELY MOUSSA KOUYATE GID,7407616.42,1
GLAMOX CANADA,9419656.25,22
GLASSHOUSE SYSTEMS,4999760.50,100
GLAXOSMITHKLINE,104029608.00,28
GLENCAIRN EDUCATIONAL SERVICES,4603300.04,5
GLOBAL KNOWLEDGE,1468711.85,321
GLOBAL LIFE SCIENCES SOLUTIONS,2821601.95,86
GLOBAL TOTAL OFFICE,3308316.26,140
GLOBAL UPHOLSTERY,1078893.26,655
GLOBE AND MAIL,6846467.38,12
GM DEVELOPPEMENT,2230125.23,5
GO DEEP INTERNATIONAL,904000.00,144
GOLDER ASSOCIATES,98045063.81,445
GOOGLE CANADA,2405121.38,35
GORDON BARR,5175619.22,8
GORDON FOOD SERVICE,3000000.00,643
GOSS GILROY,2260000.00,168
GOVAN BROWN ASSOCIATES,11318648.42,4
GOVERNMENT OF ALBERTA,7058604.94,28
GOVERNMENT OF NUNAVUT,2000000.00,19
GOVERNMENT OF SASKATCHEWAN,4256185.50,12
GOVERNMENT OF THE NWT,4836000.00,2
GQ LIFE SCIENCES,2190402.71,2
GRAEBECK CONSTRUCTION,2510264.36,2
GRAHAM CONSTRUCTION,21165947.29,11
GRAND TOY,2320658.40,458
GRANICUS CANADA HOLDINGS,328810.33,61
GRANITE MANAGEMENT,2306568.80,14
GRAW RADIOSONDES,11950760.06,2
GRAYBAR CANADA,580250.26,145
GRAYBRIDGE INTERNATIONAL CONSULTING,25063229.28,853
GRAYMONT NB,936445.00,66
GRAYSHIFT,2782534.31,2
GRC ARCHITECTS,10122538.59,15
GREAT SLAVE HELICOPTERS,4190048.18,230
GREATER TORONTO AIRPORT AUTHORITY,42370651.22,10
GREEN LIGHT CONSULTING SOLUTIONS,3471036.73,7
GREEN TIMBERS PARTNERSHIP,28120606.41,2
GREENDALE RESOURCES,1235418.56,33
GREENFIELD CONSTRUCTION,16157092.70,20
GREG VAN WYK PROFESSIONAL,1988437.50,12
GREGORY KERR,18658704.00,27
GREY ROCK SERVICES,19460944.71,4
GREYTOP COMMERCIAL CONSTRUCTION,3039739.00,4
GRIFFIN ENGINEERED SYSTEMS,8304864.20,9
GRIFFON HOVERWORK,334985.65,35
GROUPE ABS,5353698.38,24
GROUPE EDGENDA,1204026.30,41
GROUPE ENERGIE BDL,2789492.47,55
GROUPE GEYSER,27717000.00,3
GROUPE ONSCOPE,14885474.28,11
GROUPE ROBERT,30333669.73,3
GSI INTERNATIONAL CONSULTING,21300000.00,8
GUILLEVIN INTERNATIONAL,203880.90,168
GUNTER LANGKOPF MASCHINENBAU,3679517.59,61
GW REALTY,2618918.24,7
H E ARMSTRONG MECHANICAL,861864.05,142
H H CONSTRUCTION,6311005.00,66
H J R ASPHALT,6143681.25,1
HACKETT CONSULTING,1080458.02,54
HALIFAX CITADEL SOCIETY,2512004.64,3
HALIFAX CONVENTION CENTRE CORPORATI,2073585.25,3
HALIFAX INTERNATIONAL AIRPORT,2801730.63,1
HALPENNY INSURANCE BROKERS,2160518.80,47
HAMEL CONSTRUCTION,53359891.30,4
HAN CHANG MEDIC,3084901.00,1
HARBOURSIDE ENGINEERING CONSULTANTS,2489712.06,100
HARLED,4783431.25,6
HARNOIS ENERGIES,1384204.20,871
HARRIS TRANSPORT,5502874.00,133
HASKONING UK,12633075.00,1
HASTINGS PAINTING,1101750.00,8
HATCH,6713083.46,31
HAUL ALL EQUIPMENT,684867.75,89
HAWBOLDT INDUSTRIES,29629153.71,45
HAWORTH,1189573.18,220
HAZELWOOD CONSTRUCTION SERVICES,28307309.53,1
HCL CANADA,3435101.39,13
HDP GROUP,1465681.91,41
HEARTZAP SAFETY TRAINING AND EQUIPMENT,314490.50,49
HEAVY METAL MARINE,2707264.83,28
HEDDLE MARINE SERVICES,35567266.86,59
HEILTSUK HORIZON MARITIME SERVICES,743086.58,16
HELI LIFT INTERNATIONAL,419963.49,61
HELITRADES,3041860.73,77
HEMMERA ENVIROCHEM,4285714.29,35
HENSOLTD SENSORS,11300000.00,3
HEPBURN ENGINEERING,11000000.00,2
HEROLD ENGINEERING,1131606.00,59
HERRING CONSERVATION AND RESEARCH SOCIETY,2940000.00,5
HEWLETT PACKARD,390135614.47,134
HEXAGON,885173.40,48
HEYL,2465000.00,2
HFI PYRO,3232704.00,1
HFI PYROTECHNICS,4966214.40,17
HFI PYROTONICS,2264520.00,2
HIGHER STANDARD SALES HSS,2101957.30,1
HIGHLANDS FUEL DELIVERY,1839192.70,31
HIGHLINE ELECTRIC P A,3617907.28,5
HIKE METAL PRODUCTS,39293114.32,8
HILL KNOWLTON CANADA,1476746.15,32
HILTON BROTHERS CONTRACTING,2276820.79,2
HIPPERSON CONSTRUCTION,14811139.21,2
HITACHI DATA SYSTEMS,16304333.34,118
HITRAC,3211730.85,44
HOLLAND COLLEGE,15644713.22,9
HOLMAN FENWICK WILLAN,144098850.00,1
HOLONICS,2147000.01,7
HOME COMPLETIONS,1235945.00,5
HOMEWOOD HEALTH,4003000.00,9
HONEYWELL,34633919.26,504
HOOTSUITE,12853048.05,8
HORIZANT,7226806.71,79
HORSESHOE HILL CONSTRUCTION,7265059.68,1
HOSKIN SCIENTIFIC,4540133.33,685
HOULE ELECTRIC,3281229.15,81
HOUSE OF HOPE,5017125.71,5
HOVEY INDUSTRIES 2005,3090045.59,4
HOWARD E LITTLE EXCAVATING,1209195.67,37
HOWARD HOUSE ASSOCIATION OF CAPE BRETON,4840403.20,3
HR ASSOCIATES,191744.60,54
HUBSPOKE,2037390.00,33
HUMAN LOGISTICS,1865875.00,10
HUMANSCALE CANADA,575402.73,268
HUMANSYSTEMS,5650000.00,10
HYPERACTIVE PRODUCTIONS,411178.04,106
HYPERION CONSULTING,2611157.18,26
HYPERTEC,5703250.19,993
I M P GROUP,2438550863.55,9
I4C INFORMATION TECHNOLOGY,6692425.00,47
IBI GROUP ARCHITECTS CANADA,13516766.00,12
IBISKA TELECOM,33560000.00,358
IBM CANADA,708157191.07,1119
ICE DEVELOPMENT,5212169.69,1
ICEBERG NETWORKS,1014262.74,28
ICOR TECHNOLOGY,3422988.88,23
ICU MEDICAL CANADA,6439913.22,1
IDP GROUP,5644950.03,7
IDS SYSTEMS CONSULTANTS,2457762.10,27
IFATHOM,7739690.49,57
IIC TECHNOLOGIES,2638324.50,82
ILLUMINA CANADA,19277959.70,906
IMAGO MACHINE VISION,1462294.44,9
IMP GROUP,2944000.00,25
IMPERIAL CLEANERS,26777302.09,82
IMPERIAL OIL,2326753.39,1604
IMPERIAL OIL AVIATION FUEL,759615.57,2
IMTECH MARINE CANADA,1030818.15,67
INDAL TECHNOLOGIES,11226500.00,45
INDIVIOR UK,7711222.69,266
INDUSTRA CONSTRUCTION,19912418.40,109
INDUSTRIES OCEAN,98800676.21,12
INFO TECH RESEARCH GROUP,473585.83,306
INFORMATICA,12600000.00,6
INFOSYS,139117398.94,1
INKSMITH,56579411.42,1
INLAND AUDIO VISUAL,254923.98,119
INMARSAT SOLUTIONS,138039861.52,6
INNOCAR,3313816.00,2
INNOVASEA MARINE SYSTEMS CANADA,976420.73,303
INSA,50354941.13,285
INSIGHT SOFTWARE CANADA,949200.00,144
INSTITUT NATIONAL D OPTIQUE,3449250.00,14
INSTITUTE ON GOVERNANCE,279625.28,216
INSTRUX MEDIA,1997997.81,74
INTEGRA NETWORKS,5085744.97,212
INTEGRATED DISTRIBUTION SYSTEMS,10304207.00,37
INTER MEDICO,12819975.00,37
INTER OUTAOUAIS,5529149.00,18
INTERACTIVE AUDIO VISUAL,585184.06,272
INTERCON MARINE,2659962.01,24
INTERFAX SYSTEMS,1178201.94,69
INTERNATIONAL CUSTOM PRODUCTS ICP,5731360.00,1
INTERNATIONAL REPORTING,1457351.71,73
INTERNATIONAL SAFETY RESEARCH,7627500.00,25
INTERNATIONAL TRUCK BODY,9578723.32,2
INTEROUTE CONSTRUCTION,11813607.60,5
INTERWORKS CONTRACTING,6961560.39,8
INVENTA SALES AND PROMOTIONS,6237600.00,2
INVERIS TRAINING SOLUTIONS,14946750.00,19
IPS INTEGRATED PROJECT SERVICES,2913987.97,7
IPSOS,1851554.15,57
IPSS,29889075.00,436
IQVIA,2094151.03,41
IRON MOUNTAIN,8500000.01,677
IRONCLAD EARTHWORKS,6968633.75,10
IRVING OIL,16875000.00,2339
IRVING SHIPBUILDING,5188354181.34,20
ISLAND CATERING,5497800.00,5
ISLAND TEMPERATURE CONTROLS,878797.51,82
ISLAND WEST COAST DEVELOPMENTS,10436091.75,1
ISM INFORMATION SYSTEMS MANAGEMENT,46492986.73,1
ISOMASS SCIENTIFIC,1394670.60,51
ISOPLEX,113565000.00,1
IT NET CONSULTANTS,11202463.49,104
IT NET OTTAWAINC KPMG,11680162.57,1
ITEL NETWORKS,1269493.35,3
ITEX,23103419.09,994
IVALUA,2439953.76,2
IVALUA CANADA,3226287.02,1
IVAN S CAMERA,396497.92,211
J 1 CONTRACTING,30818352.23,2
J E ENTERPRISES,1485170.95,24
J J LEPERA INFRASTRUCTURES,7851956.35,1
J J TRAILERS MANUFACTURERS AND SALES,1849692.48,19
J L RICHARDS ASSOCIATES,1250000.00,141
J M J HOLDINGS,27939848.30,5
J M LEDRESSAY ASSOCIATES,14344069.12,1
J O THOMAS ASSOCIATES,4215917.73,30
J P GRAVEL CONSTRUCTION,2895298.50,14
J STERLING INDUSTRIES,48840242.00,1
J W LINDSAY ENTERPRISES,27554958.25,10
JACOB BROS CONSTRUCTION,5073812.18,1
JAMES E FARENHOLTZ LAW,8080076.08,1
JANE S GROUP UK,2639442.10,24
JANKEL TACTICAL SYSTEMS,16342320.13,39
JASCO APPLIED SCIENCES CANADA,8468549.77,90
JASPER CONCRETE,2419100.49,18
JASTRAM ENGINEERING,5711777.47,20
JCB,1298592.92,18
JCL INVESTMENTS,10577569.34,4
JEMTEC,5275882.99,3
JEOL,1529522.83,22
JHT DEFENSE,467050.30,449
JIM PATTISON INDUSTRIES,2528335.18,208
JIMCOR LINE CONSTRUCTION,715050.00,49
JJM CONSTRUCTION,18657505.65,4
JLR,2898039.73,13
JOAN HOLMES ASSOC,498321.37,48
JOHN HOWARD SOCIETY,8771758.63,142
JOHN WILEY SONS,1754341.12,46
JOHNSON CONTROLS,472517.70,102
JOHNSON CONTROLS CANADA,33310413.71,70
JOHNSON S CONSTRUCTION,7977444.76,7
JOKINEN LAW PROFESSIONAL,5908755.66,1
JONELJIM CONCRETE CONSTRUCTION,75717407.09,41
JONES LANG LASALLE,20000000.00,31
JOSEPH ELIE,2008227.54,143
JOSEPH RIBKOFF,49048335.01,1
JOWA FAHRZEUGTEILE VERTRIEBS,7255770.00,13
JP2G CONSULTANTS,564974.64,101
JSK NAVAL SUPPORT,1406930.00,73
JULIAN SIMON GROUP,4942620.00,1
JUMEC CONSTRUCTION,2918002.12,14
JUMPING ELEPHANTS,769078.00,71
JUNO RISK SOLUTIONS,736764.31,118
JWK CONTRACTING,1409184.59,10
K C E CONSTRUCTION,11966574.04,5
K L CONSTRUCTION ONTARIO,2392527.48,2
K RITE CONSTRUCTION,6544150.68,5
KANIYASIHK CULTURE CAMPS,12407775.96,9
KANTER MARINE,6637615.83,10
KASIAN ARCHITECTURE INTERIOR DESIGN,1499939.59,35
KASIEL SOLUTIONS,1268289.56,4
KATHRYN E BARNARD,2849430.40,5
KAYWAY INDUSTRIES,288237.60,124
KEHOE MARINE CONSTRUCTION,1481147.80,14
KENN BOREK AIR,14405635.89,89
KETZA PACIFIC CONSTRUCTION,2760074.93,9
KEYDATA ASSOCIATES,8734446.44,30
KEYSIGHT TECHNOLOGIES CANADA,7595916.50,120
KEYSTONE ENVIRONMENTAL,7142857.14,53
KEYSTONE SUPPLIES INTERNATIONAL,1867065.10,75
KF AEROSPACE,1768087161.94,47
KFN ENTERPRISES PARTNERSHIP,6426204.49,1
KIA CANADA,2044695.19,169
KIDA DESIGN,1137000.00,8
KILEY PAVING,3405780.71,8
KIM CONSTRUCTORS,2531125.06,44
KINETIC CONSTRUCTION,12724272.54,25
KINETIC MACHINE WORKS,4908301.54,9
KING CONSTRUCTION,2834000.00,8
KING HOE EXCAVATING,13110118.07,3
KINGHAVEN PEARDONVILLE HOUSE SOCIETY,5566647.58,2
KINGS ENTERPRISES,480000.00,98
KINGSTON CONSTRUCTION,2489512.20,2
KIRILA FIRE CANADA,5351290.15,2
KMS INDUSTRIES,3782393.10,14
KMSTANDARDS,1177418.39,2
KNAPPETT INDUSTRIES,44217063.00,17
KNIGHT AEROSPACE,9947250.00,5
KNIGHT AEROSPACE MEDICAL SYSTEMS,3696520.42,1
KNOWLEDGE CIRCLE,394859.51,268
KNOWLEDGE CIRCLE LEARNING SERVICES,600000.00,281
KONE,3862271.46,84
KONGSBERG,17775550.00,128
KONICA MINOLTA BUSINESS SOLUTIONS,2997925.47,806
KONTZAMANIS GRAUMANN SMITH,5740681.75,44
KORN FERRY CA,1997840.00,54
KPMG,30593999.68,334
KRAKEN ROBOTIC SYSTEMS,45843621.80,9
KRAUSS MAFFEI WEGMANN,5940040.00,29
KUBOTA CANADA,1574073.93,55
KUDLIK CONSTRUCTION,18785085.71,10
KWC ARCHITECTS,1329618.95,46
KYNDRYL CANADA,123033593.15,71
L A HEBERT,6109645.93,4
L AGENCE,64059225.00,6
L BREAU AND SONS,4409624.00,22
L D WATSON E S MACEWEN ALLAN,3821687.23,11
L P ROYER,6981241.89,7
L W DENNIS CONTRACTING,5329656.88,4
L3 MAS,742121995.56,1
L3HARRIS,2435913007.00,291
LABORATOIRES OMEGA,4993750.00,3
LAKESHORE HELICOPTERS,418818.75,50
LANDAUER,4520000.00,12
LANDCO CONSTRUCTION,3594646.84,12
LANDFORM CIVIL INFRASTRUCTURES,4540233.96,2
LANGUAGE MARKETPLACE,781056.00,82
LANGUAGE RESEARCH DEVELOPMENT GROUP,9198000.00,356
LANNICK CONTRACT SOLUTIONS,2457873.83,47
LANSDOWNE TECHNOLOGIES,1261160.80,101
LAPORTE,2245024.88,18
LAPORTE EXPERTS CONSEILS,7148990.30,4
LARCH HALF WAY HOUSE OF SUDBURY,5032871.59,5
LAREN SOCIETY,5613549.78,1
LARRY PENNER ENTERPRISES,613039.12,146
LAT49 ARCHITECTURE,2750663.15,7
LAURENTIAN TECHNOLOGIES,4356429.83,90
LAVAL FORTIN,6908278.59,3
LAVERGNE CONSTRUCTION,1196000.94,14
LAZY H TRAIL COMPANY,8020266.64,3
LE GROUPE GESFOR POIRIER PINCHIN,328517.82,69
LEAN AGILITY,510127.20,143
LEAR CONSTRUCTION,9845365.95,2
LEC ENGINEERING CONTRACTING,26704487.43,1
LECO INSTRUMENTS,769976.39,36
LEDCOR CONSTRUCTION,7442140.48,1
LEDCOR HIGHWAYS,32546830.96,2
LEEWAY YACHTS,8866895.56,6
LEGD,2116904.50,1
LEGER MARKETING,300084.75,48
LEICA GEOSYSTEMS,402431.49,78
LEIGHTON CONTRACTING,2729540.07,15
LEMAY,6317945.76,13
LEN CORCORAN EXCAVATING,2694098.54,3
LENGKEEK VESSEL ENGINEERING,4034167.46,62
LEO PISCES SERVICES GROUP,2000000.00,53
LEONARDO,1168516633.36,46
LES ALIMENTS GUY CHICOINE,39334.83,189
LES AUTOBUS E MENARD ET FILS,3480705.84,3
LES CONSTRUCTIONS BELAND,4802064.23,3
LES CONSTRUCTIONS BINET,7080781.70,5
LES CONSTRUCTIONS DES ILES,5795020.77,11
LES ENQUETES HENRI,460362.00,202
LES ENTREPRISES FERVEL,8939757.93,11
LES ENTREPRISES MICHAUDVILLE,5967749.10,2
LES ENTREPRISES P E C,12044455.01,29
LES ENTREPRISES PREBBEL,1344273.53,13
LES ENTREPRISES ROBERT SANFACON,2558193.75,5
LES ENTREPRISES SAMSON ENTERPRISES,399548.71,18
LES EQUIPEMENTS CLAUDE PEDNEAULT,4985628.70,12
LES HUILES DESROCHES,310937.25,402
LES INSTALLATIONS ELECTRIQUES,10570251.08,8
LES TOITURES RAYMOND ET ASSOCIES,1255757.73,12
LES TRADUCTEURS REUNIS,5231280.00,58
LES TRADUCTIONS TESSIER,2299500.00,106
LES TRAITEURS BYTOWN CATERING,6047276.51,7
LESAGE DAVID DR,2142303.90,8
LESLIE BENN CONTRACTING,5001881.76,8
LEVAERO AVIATION,1290154.23,275
LEVERAGE TECHNOLOGY RESOURCES,1130000.00,21
LEVITT SAFETY,11845554.23,140
LEXISNEXIS CANADA,1659042.39,118
LIEBHERR CANADA,3659024.00,15
LIFE TECHNOLOGIES,19372626.94,588
LIFELABS,97728750.00,10
LIFEPORT,2472198.12,1
LIFESPEAK,7411763.79,5
LIFEWORKS CANADA,2621600.00,23
LIFTKING MANUFACTURING,3936899.06,19
LIKE 10,1998405.00,29
LIMEN GROUP CONST,4166153.96,5
LINDE CANADA,305100.00,125
LINDSAY CONSTRUCTION,2414298.46,19
LINOVATI,1502505.87,52
LIONBRIDGE,5320139.29,592
LLOYD LIBKE LAW ENFORCEMENT SALES,5402509.20,6
LLOYD S REGISTER CANADA,54030972.33,32
LOCATION DE MOTONEIGES HAUTE MATAWINIE,4058657.35,7
LOCKHEED MARTIN,1808011801.00,52
LOGISTIK UNICORP,858405061.00,236
LOISELLE,2261579.37,4
LOOBY BUILDERS DUBLIN,3835095.31,1
LOTEK WIRELESS,845097.96,118
LOUIS TANGUAY INFORMATIQUE,2000000.00,9
LOUIS W BRAY CONSTRUCTION,22978955.64,10
LOWE MARTIN COMPANY,3749999.47,133
LRO STAFFING,995289.22,53
LS TELCOM,43463952.88,4
LUCIRA HEALTH,2923771.04,5
LUMINA IT,4991846.40,416
LUMINULTRA TECHNOLOGIES,102717540.07,3
LUXTON CONSTRUCTION,2766750.00,29
LUXTON CONSTRUCTION PLAINS,1468000.00,9
LWG ARCHITECTURAL INTERIORS,1264390.70,27
LWTAB COMMUNICATIONS,899126.25,19
LYNLEY CONTRACTING SERVICES,2052570.75,48
M 2 GROUP,3599123.60,2
M A INDEPENDENT BUILDING SERVICES,5913617.07,3
M D CHARLTON,2288702.00,317
M D STEELE CONSTRUCTION,43291163.23,1
M R ENGINEERING,5438764.42,16
M SULLIVAN SON,14653588.00,6
MACDONALD DETTWILER AND ASSOCIATE,355973838.81,2
MACDONALD DETTWILER AND ASSOCIATES,829883896.60,628
MACEWEN PETROLEUM,3294072.00,395
MACK TRUCKS,830397135.57,7
MACKINNON AND OLDING,3312666.03,358
MACONNERIE DYNAMIQUE,10408829.47,11
MACONNERIE RAINVILLE ET FRERES,5288409.00,7
MADDOCKS CONSTRUCTION,2701214.25,6
MADSEN DIESEL TURBINE,969739.97,293
MAE ROBOTICS,3474750.00,3
MAGAL S3 CANADA,3341073.29,6
MAGELLAN AEROSPACE,27329705.28,19
MAGNET FORENSICS,1642966.33,22
MAHER S CONTRACTING,2616163.75,6
MAISON CHARLEMAGNE,4956931.57,6
MAISON CROSS ROADS DE LA SOCIETE,5380976.02,4
MAISON DECISION HOUSE,5136458.20,5
MAISON JEUN AIDE,5702581.03,3
MAISON JOINS TOI,4986366.32,4
MAISON PAINCHAUD,5250041.86,2
MAISON RADISSON,4699006.55,2
MAKWA RESOURCING,19210000.00,109
MALATEST,751591.58,64
MAN ENERGY SOLUTIONS CANADA,37000000.00,4
MANAC WESTERN,1818715.40,13
MANITOBA HYDRO,1008000.00,52
MANULIFE,6286856.50,13
MAPLE REINDERS CONSTRUCTORS,238376264.02,6
MAPLESOFT CONSULTING,33560000.00,458
MARCO GROUP,21886361.24,2
MARINE CONTRACTORS,8297985.24,13
MARINE RECYCLING,12616144.00,22
MARINELABS DATA SYSTEMS,1142400.00,5
MARINENAV,835030.45,92
MARITIME FENCE,7011888.07,30
MARITIME FUELS,1367407.50,529
MARKIDO,905372.99,93
MARKIT GROUP,10678433.63,9
MARKLAND PAVING,12118389.00,1
MARRBECK CONSTRUCTION,8616643.69,1
MARSHALL AEROSPACE,5111952.96,1
MARTEC,3894477.20,29
MARTECH ELECTRICAL SYSTEMS,3299538.22,4
MASKIMO CONSTRUCTION,8446078.04,7
MASONTECH,6905404.28,7
MASUD TRADING COMPANY,7691563.71,6
MATANE PRODUCTION,3535734.47,1
MATCON ENVIRONMENTAL,6853212.29,27
MATCON EXCAVATION SHORING,682508.75,46
MATRIX AVIATION SOLUTIONS,1451864.60,13
MAVERIN,19492500.00,32
MAVERIN BUSINESS SERVICES,787039.29,17
MAXIM 2000,22512000.00,7
MAXIMUS CANADA,11398124.67,3
MAXSYS STAFFING AND CONSULTING,2250000.00,270
MCAFEE INTERNATIONAL,19271418.36,3
MCCALLUM ROOFING,1453246.20,3
MCCARTHY TETRAULT,5320766.60,7
MCELHANNEY ASSOCIATES,3216299.08,171
MCGILL UNIVERSITY,2010855.27,123
MCGREGOR GEOSCIENCE,3867656.44,3
MCKESSON CANADA,492830.23,4388
MCKINSEY AND COMPANY,29620266.00,27
MCKINSEY CANADA,1533766.50,2
MCKNIGHT ENTERPRISES,5185647.18,11
MCMASTER UNIVERSITY,1463191.80,89
MCNALLY CONSTRUCTION,34138101.20,15
MCW CONSULTANTS,2200000.00,32
MCW CUSTOM ENERGY SOLUTIONS,25264320.50,26
MDOS CONSULTING,6565840.36,70
MEAD AUTOMATION SOLUTIONS,2498890.00,4
MEAL KIT SUPPLY CANADA,7594374.50,9
MED ENG HOLDINGS,11401175.83,46
MEDAVIE,311462995.30,5
MEDI SELECT,1186076.25,21
MEDIA Q,466647.06,132
MEDTRONIC CANADA,18754700.40,7
MEEWASINOTA CRF,5176085.34,4
MEGA POWER INSTALLATIONS,96207.30,125
MEGA TECH,1050000.00,322
MEGALEXIS COMMUNICATIONS,3269550.00,117
MELTWATER,309507.00,180
MERCEDES BENZ CANADA,2982154.83,101
MERCER CANADA,1250000.00,50
MERCK FROSST,12196262.36,77
MERCURY MARINE,1600000.00,127
MERIDIAN ENGINEERING,467406.00,79
MERIDIAN MEDICAL TECHNOLOGIES,58518187.98,10
MESSA COMPUTING,1943170.60,49
METAK DISTRIBUTING,22053899.60,1
METALCRAFT MARINE,21852662.00,5
METOCEAN TELEMATICS,18859990.16,40
METRO LOGISTICS,150769640.80,1
METRO PAVING AND ROAD BUILDING,8798619.38,12
METRO SUPPLY CHAIN,20014657.76,3
METTLER TOLEDO,617295.03,107
MGIS,22511647.79,90
MHV SERVICES D HYGIENE,300823.06,61
MICHAEL WAGER CONSULTING,9396469.40,75
MICHANIE CONSTRUCTION,8708072.27,46
MICHELIN,3000000.00,63
MICRONOSTYX,16385000.00,13
MICROSOFT CANADA,1079396751.45,1384
MID CANADA MOD CENTER,1071262.15,142
MID VALLEY CONSTRUCTION,2626255.00,45
MIKE KELLY SONS,5432087.84,2
MIL AERO ELECTRONICS ATLANTIC,2657532.00,8
MILESTONE ENVIRONMENTAL,42397581.02,22
MILITARY TRAVEL,3000000.01,17
MILLBROOK TACTICAL,2192980.94,134
MILLENNIUM LIMOUSINE SERVICE,3593252.54,10
MILLER PAVING,26290559.00,6
MILLER WASTE SYSTEMS,596642.27,73
MILLIPORE CANADA,931986.30,47
MILRAIL,1047497.57,12
MILTEX SOLUTIONS CANADA,4997238.75,83
MINDWIRE SYSTEMS,11007574.44,700
MINE EODCLR,2188727.05,4
MINISTRY OF FINANCE,4349500.00,38
MINSTER OF FINACE FINANCIAL PROPERTY MANAGEMENT,2955062.25,1
MISHKUMI TECHNOLOGIES,4167314.57,207
MITSUBISHI MOTOR SALES,1430532.99,214
MKDS TRAINING,3343649.90,17
MLS OVERSEAS,403519.74,485
MNP,2867677.71,294
MOBILE RESOURCE GROUP,1751106.40,96
MOBILE VALVE,3950379.27,65
MOBILITY LAB,5876795.86,41
MODERN NIAGARA ALBERTA,1020408.11,11
MODERN NIAGARA OTTAWA,1137406.38,33
MODIS CANADA,19444946.21,707
MOMENTUM SOLUTIONS,8413634.80,57
MONERIS,393843000.00,2
MONTREAL BRONZE,2055753.00,57
MOORE CANADA,11959000.00,75
MORGAN ADVANCED MATERIALS COMPOSITES AND DEFENCE SYSTEMS,9450000.00,1
MORIYAMA TESHIMA ARCHITECTS,34659705.04,3
MORNEAU SHEPELL,12536499.96,36
MORPHO CANADA,5333048.33,70
MORRISON HERSHFIELD,4831071.85,105
MOSS DEVELOPMENT,4772355.67,5
MOTOR COACH INDUSTRIES,9829048.10,3
MOTOROLA SOLUTIONS CANADA,39286942.52,1016
MQM QUALITY MANUFACTURING,4664058.46,1
MRS MANAGEMENT AND,10362831.86,1
MS CONSTRUCTION,66896.00,162
MSC INDUSTRIAL SUPPLY,56000.32,111
MTC LAW,11390373.62,1
MTE LOGISTIX EDMONTON,3719651.83,4
MTS ALLSTREAM,51262961.15,242
MUFACTOR,256160830.00,1
MULDER MEATS,99990.34,218
MULTINATIONAL LOGISTIC SERVICES,283046.04,76
MULTISHRED,2583999.60,44
MUNICIPAL READY MIX,8476347.22,14
MUNICIPALITY OF THE COUNTY OF KINGS,970715.00,6
MURRAYS MILLWOOD MANOR,4504272.98,2
MURRAYS WINDERMERE GARDENS,5659214.64,4
MUSTANG HELICOPTERS,4226234.54,42
MUSTANG SURVIVAL,23652030.00,119
MWCO,5148149.00,7
N P A,8306536.48,6
N12 CONSULTING,1892603.10,18
"NACRIS",6831367.20,14
"NADINE INTERNATIONAL",1499950.70,40
"NAHANNI CONSTRUCTION",29927002.44,4
"NAILS ENTERPRISES 2007",103043.66,96
"NAMMO PERRY",2913120.00,1
"NANOMETRICS",5640553.20,25
"NAPPAQ DESIGN CONSTRUCTION",5762802.28,2
"NARL MARKETING PARTNERSHIP",575000.00,31
"NARL MARKETING PARTNERSHIP NORTH ATLANTIC",693675.36,33
"NASITTUQ",591565976.07,5
"NATCO PHARMA CANADA",6833757.05,5
"NATIONAL ARTS CENTRE",6556554.76,26
"NATIONAL TEST PILOT SCHOOL",15000000.00,4
"NATIONS TRANSLATION GROUP",7283720.25,608
"NATIVE CLAN ORGANIZATION",4917320.05,3
"NATO SEASPARROW SURFACE MISSILE SYSTEM PROJECT",36644920.00,14
"NATTIQ",1698796.80,133
"NAUT MAWT TRIBAL COUNCIL",7910000.00,11
"NAV CANADA",47188742.85,47
"NAVAMAR",11820875.11,21
"NAVENCO MARINE",8555269.64,2
"NAVPOINT CONSULTING GROUP",3749855.74,35
"NAVTECH",541405777.50,18
NCL NORTHERN CONTRACTING,2633296.15,7
NDL CONSTRUCTION,14700307.56,2
NELSON ENVIRONMENTAL REMEDIATION,2375122.88,8
NEOPRENE CANADA,276558.13,61
NEPTEC DESIGN GROUP,16116081.40,13
NEPTUNE SECURITY SERVICES,48830300.68,33
NETAGEN COMMUNICATION,1151386.38,85
NEUROSCOPE,4785924.00,3
NEVADA AUTOMOTIVE TEST CENTER,9800000.00,1
NEW BRUNSWICK COMMUNITY COLLEGE,1808933.90,6
NEW ENGLAND BIOLABS,3951775.02,54
NEW ERA TOOL DIE,2287120.00,4
NEWDOCK ST JOHN S DOCKYARD,22823359.55,42
NEWENERGY COMMUNITY,658133.41,9
NEWFOUND RECRUITING,2599917.32,121
NEWFOUNDLAND HELICOPTERS,454589.25,86
NEWROCKET CANADA,1093003.36,7
NEWS CANADA,120910.00,121
NEXTER SYSTEMS,8259757.00,2
NFOE,7976318.89,10
NICHE TECHNOLOGY,6244785.89,3
NIELSEN,1539413.53,66
NIKON CANADA,399975.98,150
NIMBLE INFORMATION STRATEGIES,5650000.00,69
NISHA TECHONOLOGIES,22695464.91,2384
NISSAN CANADA,1878844.33,186
NITAM SOLUTIONS,1316369.90,279
NITRO CONSTRUCTION,2873176.42,6
NKE INSTRUMENTATION,620171.12,29
NMC DYNAPLAS,2504984.00,1
NOKIA CANADA,1747760.76,20
NOLINOR AVIATION,330607.03,52
NORDLYS ENVIRONMENTAL,6733962.98,3
NORDLYS ENVIRONMENTAL PARTNERSHIP,10623450.00,3
NORDMEC CONSTRUCTION,14462575.67,2
NORR,43838344.38,66
NORTAC DEFENCE,16788270.84,3
NORTAK SOFTWARE,2414353.04,26
NORTH AMERICA CONSTRUCTION,29453441.65,1
NORTH ATLANTIC PETROLEUM,525928.97,192
NORTH BAY HYDRO,2939127.88,31
NORTH CARIBOO AIR,499999.50,118
NORTH COUNTRY LOGISTICS,3777900.00,1
NORTH COUNTRY MAINTENANCE,38991190.62,2
NORTHEAST TREE TRIMMING,9622009.64,2
NORTHERN CONSTRUCTION,6092344.59,22
NORTHERN CONTRACTING,8634311.83,1
NORTHERN MICRO,38629844.45,3150
NORTHFIELD METAL PRODUCTS,879712.26,136
NORTHROP GRUMMAN,107225545.00,13
NORTHSIDE DEVELOPMENT,4781093.93,3
NORTHWEST MARINE TECHNOLOGY,2124364.05,21
NORTHWESTEL,21007137.82,30
NORTHWIND INDUSTRIES,4813462.50,5
NORTRAX CANADA,1546410.78,48
NOTRA,17256637.17,29
NOVA CONSTRUCTION,4862602.46,2
NOVA NETWORKS,1325934.23,250
NOVA SCOTIA COMMUNITY COLLEGE,4945000.00,25
NOVA SCOTIA POWER,17140750.00,57
NOVIPRO,325187.02,41
NP AEROSPACE CANADA,1287049.50,6
NRNS,2404963.76,14
NU VIEW HOMES,4890614.35,2
NUA OFFICE,1238622.38,140
NUCTECH COMPANY,4000000.00,4
NUIX NORTH AMERICA,4320598.87,44
NUIX USG,2238169.79,6
NUMBER TEN ARCHITECTURAL GROUP,4998493.35,90
NUMERIS,1273296.39,8
NUNA EAST,63011395.84,3
NUNAVUT ARCTIC SERVICES,12912301.20,2
NUR CONSTRUCTION,1898927.95,137
O HANLON PAVING,91778.43,84
OCEAN NAVIGATION,633153.99,11
OCEAN PACIFIC MARINE SUPPLY,22326842.69,11
OCR CANADA,475123.39,76
OEI KRUEGER,560317.85,552
OKANAGAN AGGREGATES,29943833.26,29
OKANAGAN HALFWAY HOUSE SOCIETY CRF,5065492.27,5
OLIN,4878060.25,15
OMNITECH ELECTRONICS,4416000.00,24
ONCIDIUM,3760496.55,4
ONIX NETWORKING CANADA,5115122.76,5
ONLINE CONSTRUCTORS,1295913.78,34
ONTARIO CLEAN WATER AGENCY,3418466.33,5
ONTARIO DENTAL ASSOCIATION,1938651.46,230
ONX ENTERPRISE SOLUTIONS,13261159.42,322
OPEN GEOSPATIAL CONSORTIUM,558075.27,21
OPEN STORAGE SOLUTIONS,1001263.62,46
OPENFRAME TECHNOLOGIES,2000000.00,50
OPENTEXT,73586443.43,379
OPROMA,1582365.72,51
OPSIS,6189418.00,77
OPTIMUM SOLUTIONS,113556.35,154
OPTIV CANADA FEDERAL,9808962.74,118
ORACLE CANADA,79825813.38,600
ORACLE CANADA MISSISSAUGA ON,4546241.64,3
ORANGUTECH,22512500.00,231
ORBIS RISK CONSULTING,2260000.00,139
OSHKOSH,2453197.05,1
OSI,9200000.00,1
OSI MARITIME SYSTEMS,7947025.50,7
OSKAR CONSTRUCTION,2516434.94,26
OSPREY ELECTRIC,1487934.00,27
OTIS ELEVATOR,17351635.74,91
OTTAWA BUSINESS INTERIORS,773812.39,147
OTTAWA MARRIOTT HOTELS INNVEST HOTELS GP,567126.00,130
OTTAWA MOVING LOGISTICS 2013,2086906.60,26
OUTLAW EAGLE MANUFACTURING,2170606.29,23
OXFORD ECONOMICS USA,4782023.26,22
OXFORD NANOPORE TECHNOLOGIES,2403957.51,177
OXFORD UNIVERSITY PRESS,200946.03,74
P B ENTREPRISES,6664117.63,7
P C MCNEILL CONTRACTING,1879305.77,17
P K WELDING FABRICATORS,8834160.57,3
P R CONSTRUCTORES DE C V,1585952.49,1
PACIFIC INDUSTRIAL MARINE,3536499.00,53
PACIFIC SAFETY PRODUCTS,12505896.00,110
PACWILL ENVIRONMENTAL,3700512.93,24
PAGEAU MOREL ASSOCIES,1250000.00,60
PAL AEROSPACE,153291212.00,88
PALADIN GROUP,10544000.00,446
PALFINGER MARINE,8037194.47,96
PAN AMERICAN DEVELOPMENT FOUNDATION,4474807.00,2
PANASONIC,2395181.25,271
PARKER JOHNSTON INDUSTRIES,3243992.00,4
PARKLAND,9109938.60,564
PARKLAND INDUSTRIES,400959.95,321
PARKLAND REFINING,6053136.94,359
PARLEVIEW,4520000.00,1
PARSONS CANADA,991417823.25,62
PATLON AIRCRAFT INDUSTRIES,12558711.57,103
PATTISON SIGN GROUP,1383642.00,159
PAVEX,19821644.96,1
PCL CONSTRUCTORS,2858077450.79,88
PECHERIES VILO,1988082.05,3
PEERLESS GARMENTS,6349014.00,33
PEMCO CONSTRUCTION,2487030.84,1
PENN CONSTRUCTION CANADA,46660929.28,5
PENNANT CANADA,28249500.00,4
PENNECON,29733804.48,110
PEPCO,517500.00,222
PEPIN FORTIN CONSTRUCTION,6320111.25,1
PERCEPTICS,28570158.63,4
PERSISTENT SYSTEMS,1839600.00,23
PETER J KINDREE ARCHITECT,1571317.83,18
PETER KIEWIT SONS,176311520.00,3
PETERS CONSTRUCTION,42901039.30,18
PETRO AIR,4258975.65,1
PETRO AIR SERVICES,4783527.00,52
PETROVALUE PRODUCTS,4995900.00,186
PFIZER CANADA,1438189.20,6
PHASELOCK SYSTEMS INTERNATIONAL,399808.42,316
PHILIPPINE AIRLINES,2646220.00,1
PHILSON,9135692.22,2
PHOENIX DRUG ALCOHOL RECOVERY,4173006.54,6
PHOENIX STRATEGIC PERSPECTIVES,756867.40,74
PIDHERNEY S,4027114.44,5
PILITAK ENTERPRISES,39813539.83,7
PIONEER CONSTRUCTION,6953121.07,2
PIPE QUEST PROJECTS,5845249.65,2
PITNEY BOWES,1545447.19,236
PITTMAN S ENTERPRISES,4948137.21,10
PIVOTAL POWER,1520571.63,7
PK WELDING FABRICATORS,1243480.00,8
PLANET LABS,1168002.30,88
PLEIAD CANADA,2983200.00,131
PMB ELECTRICAL SERVICES,1935737.17,30
PME,1878422.64,6
PMG TECHNOLOGIES,79710285.88,146
PODOLINSKY EQUIPMENT,1159690.03,119
POINT HOPE MARITIME,12722736.49,10
POLARIS INDUSTRIES,2325577.00,292
POMERLEAU,238238060.23,34
PORT OF SPAIN HOLDINGS,1009362.86,17
PORTAGE PERSONNEL,691497.99,77
PORTS 79,8242906.57,10
POSTMEDIA NETWORK,18503141.12,39
POWER AUCTIONS,2253353.00,4
PR3 MEDIAS,6548388.42,6
PRA,1106000.00,122
PRAGMATIC CONFERENCING,11171451.99,3
PRECISION ADM,18283200.00,1
PRECISIONIT,14351826.32,91
PREMISE DATA,2648994.42,1
PRICEWATERHOUSE COOPERS,26015000.01,932
PRICEWATERHOUSECOOPERS ESIT CANADA ENTERPRISE SERVICES IN JV,3726428.89,8
PRIMED MEDICAL PRODUCTS,54579000.00,3
PRIMEX PROJECT MANAGEMENT,5043319.72,45
PRINCE GEORGE ACTIVATOR,5886629.40,6
PRINTERS PLUS,1875348.00,407
PRO MEDICAL INDUSTRIES,2538161.63,1
PROCOM CONSULTANTS,11978000.00,214
PROLINE ADVANTAGE,373182500.00,1
PROLOGIC SYSTEMS,434636.54,86
PROMAXIS,10390871.41,248
PRONEX EXCAVATION,10451433.01,2
PROOF EXPERIENCES,5758199.59,15
PROQUEST,1069257.56,171
PROSCI CANADA,933825.12,327
PROTAK,2058639.65,6
PROTAK CONSULTING GROUP,30593999.68,232
PROVENCHER ROY ASSOCIES,2531765.82,22
PUBLIVATE,529995.35,21
PURELOGIC,10934141.72,474
PURESPIRIT SOLUTIONS,20662615.72,595
PURKINJE,1827973.16,2
PUROLATOR,400000.00,272
PYLON ELECTRONICS,63373490.45,6
QATAR AIRWAYS,1677703.48,6
QIAGEN,5097777.29,98
QINETIQ,50788101.06,33
QM ENVIRONMENTAL,24445299.88,48
QMR,3318584.07,1088
QUAD PRO CONSTRUCTION,27635069.00,3
QUADBRIDGE,5987255.92,33
QUANTUM MANAGEMENT SERVICES,133070060.00,190
QUARTZ NATURE,7872016.32,1
QUEEN S UNIVERSITY,11250000.00,117
QUESTEL ORBIT,2709559.63,19
QUINAN CONSTRUCTION,9702604.58,14
QUINTET CONSULTING,706377.13,209
QUOREX CONSTRUCTION SERVICES,11633916.87,9
QUORUM,6611960.43,3
QUORUS CONSULTING GROUP,233291.96,51
R C M MODULAIRE,7608179.69,2
R E GILMORE INVESTMENTS,8164250.00,71
R GUILBEAULT CONSTRUCTION,4503653.05,1
R J MACISAAC CONSTRUCTION,10828950.00,6
R LAMBA FORENSIC PSYCH SERVICE,4000000.00,2
R R INTERNATIONAL TRANSLATION,7500000.00,242
R W TOMLINSON,7352848.22,9
R2I,15507240.14,11
RACEROCKS 3D,5000000.00,5
RACING FORENSICS,7775571.00,2
RADIATION SOLUTIONS,6015332.47,35
RADWARE,2814123.12,2
RAFA LABORATORIES,2644500.00,4
RAINHOUSE MANUFACTURING CANADA,3620837.43,2
RALMAX,99750.00,66
RAMPART INTERNATIONAL,2273848.75,295
RANDSTAD,19492500.00,824
RANDSTAD INTERIM INTERIM,511891.70,14
RAPISCAN SYSTEMS,7146837.57,13
RATIO ARCHITECTURE INTERIOR DESIGN,959093.11,20
RAVEN IT SECURITY,2952018.99,2
RAYMOND CHABOT GRANT,1833333.33,4
RAYMOND CHABOT GRANT THORNTON,7076711.25,465
RAYTHEON,346540078.00,32
REACH TECHNOLOGIES,1159151.51,4
REACTOR ENGINEERING GROUP,48307500.00,1
REDACTED,27967500.00,7
REDMANGO MEDIA,338996.61,53
REDWOOD PERFORMANCE GROUP,646382.60,23
REFORMAR,2644200.00,10
REGENT CONSTRUCTION,11438177.93,10
REGINA BUSINESS SYSTEMS,2966770.80,4
REHAB,4439233.96,4
RENK,17190278.60,1
REPARATIONS NAVALES ET INDUSTRIELLES OCEAN,4007653.41,144
REPUBLIC ARCHITECTURE,1931331.40,198
RESIDENCE CARPEDIEM,4583076.44,5
RESIDENCE LAFLEUR,1616797.97,4
RESOLVE MARINE,2640354.78,1
RESOLVE SALVAGE FIRE AMERICAS,6510000.00,1
REVISION MILITARY,21909068.20,12
REVOLUTION EVENTS,104960.05,106
RGB MEDIA,338998.87,69
RGT CLOUTHIER,5176094.35,39
RHEA,2395150.00,114
RHEINMETALL,70082666.37,93
RICOH,52817472.75,1713
RIGGS ENGINEERING,3917156.31,32
RIGHTWAY SANITATION,4166482.30,49
RIGHTWAY SANITATION SERVICES,684292.06,177
RIKJAK CONSTRUCTION,1329000.00,16
RISK SCIENCES INTERNATIONAL,1263617.55,120
RJG CONSTRUCTION,8435401.50,47
RMS SOFTWARE,4930683.54,57
ROBERT ALLAN,1551671.93,16
ROBERTSON GEOCONSULTANTS,1525969.76,7
ROBERTSON MARTIN ARCHITECTS,6303373.25,37
ROCHE DIAGNOSTICS,66933593.06,75
ROCKWELL COLLINS CANADA,3757250.00,16
ROGERS,186271913.74,122
ROHDE SCHWARZ CANADA,1500000.00,68
ROLLING TIDES CONSTRUCTION,1948867.00,12
ROLLS ROYCE CANADA,5055000.00,10
RONA,173618.62,178
RONALD J POIRIER PROFESSIONAL,6875720.52,1
RONDAR,6211956.34,28
ROOF TILE MANAGEMENT,5846945.25,3
ROSBOROUGH BOATS,1984780.00,33
ROSCOE CONSTRUCTION,10973436.46,29
ROSS AND ANGLIN,9064996.57,4
ROUDEL MEDICAL AND SURGICAL,52099215.00,2
ROXBORO EXCAVATION,11275086.42,3
RTG PROTECH,1050000.00,76
RUSH TRUCK CENTRES OF CANADA,2917260.76,11
RUSSEL METALS,191591.15,310
RUSSELL CHERNOFF RAND THOMPSON,1253564.95,31
RUSSELL REDI MIX CONCRETE,2572742.97,2
RYCOM,1342654.93,15
S C A,678047.70,20
S P GLOBAL MARKET INTELLIGENCE,1587723.66,216
S W WEEKS CONSTRUCTION,9536869.10,1
SAAB,84220616.36,42
SABA SOFTWARE,6820657.82,6
SABB CANADA,75406629.46,2
SABRINA BARNABE,1429583.75,18
SAFE FACE SHIELDS,3784319.15,1
SAFFCO,1898378.00,24
SAHO CONSTRUCTION,6661119.31,1
SALESFORCE CANADA,3221686.50,129
SALISH SEA INDUSTRIAL SERVICES,1213546.29,20
SALVATION ARMY,6000000.00,61
SAMSON ASSOCIES,3390000.00,869
SANDOZ CANADA,840633.48,13
SANEXEN ENVIRONMENTAL SERVICES,2575201.43,1
SANEXEN SERVICES ENVIRONMENTAUX,16331785.61,42
SANI SABLE LB,24944446.69,14
SANI SPORT,988603.17,42
SANOFI PASTEUR,18213123.20,42
SANTE MONTFORT,260647300.00,1
SAP,153420049.60,247
SAPPER LABS CYBER SOLUTIONS,8025942.38,1
SARTORIUS STEDIM NORTH AMERICA,566427.97,38
SAS AIR,611731.16,19
SAS INSTITUTE,26923773.24,246
SASKTEL,33166802.64,23
SCA SHIPPING CONSULTANTS ASSOCIATED,11130000.00,453
SCANSA CONSTRUCTION,23060266.17,6
SCHOELER HEATON ARCHITECTS,2163520.20,31
SCOTIA PALLETS,861528.50,99
SCOUT ENGINEERING CONSULTING,5646260.70,1
SDL INTERNATIONAL CANADA,13455253.92,55
SEACOAST MARINE ELECTRONICS,588244.10,41
SEAGATE CONSTRUCTION,1687438.48,13
SEAMLESS MECHANICAL SOLUTIONS,564446.31,10
SEASPAN VICTORIA SHIPYARDS,1514580572.21,16
SEAWATCH,10014952.65,7
SEAWAVES DEVELOPMENT SERVICES,3952951.91,2
SEAWAY CONSTRUCTION MANAGEMENT IN,4018468.73,3
SECURE ENERGY,18462549.37,10
SECUREKEY TECHNOLOGIES,42482865.03,8
SECURIGUARD SERVICES,22685867.58,2
SED SYSTEMS,17381920.52,2
SEEGENE CANADA,22216966.19,3
SEGUIN MORRIS,1470237.88,37
SELECT GLOBAL INTERNATIONAL,28514579.76,7
SELEX,83203615.50,2
SEMANTIC CONSULTING,1998461.50,7
SENSUS COMMUNICATION SOLUTIONS,482365.13,87
SEPW ARCHITECTURE,1234113.49,31
SEQIRUS CANADA,63345929.26,2
SERCO,750296298.43,11
SERVICE STAR BUILDING CLEANING,4725632.59,25
SERVICES D AIDE EN PREVENTION DE LA CRIMINALITE,5105369.82,4
SETANTA CONTRACTING,1863048.81,167
SEVEN SOUTH STREET TREATMENT CENTRE,2025682.47,4
SEYEM,8911167.15,1
SGS AXYS ANALYTICAL SERVICES,1485045.84,107
SGS CANADA,1913457.54,52
SHARP ELECTRONICS,924123.28,500
SHAW CABLE,4086466.79,6
SHELL CANADA PRODUCTS,5916192.00,2089
SHELTER NOVA SCOTIA,4874908.58,3
SHI CANADA,1376849.42,239
SHM CANADA CONSULTING,531336.12,97
SI SYSTEMS,23617000.00,1310
SIEMENS,3730569.57,459
SIERRA SYSTEMS GROUP,21285960.74,127
SIFEC NORTH,2052774.23,14
SIGN LANGUAGE INTERPRETING,605357.17,87
SIGNATURE SUR LE SAINT LAURENT,5037566402.80,1
SIKORSKY AIRCRAFT,2342493108.00,1
SILLIKER,2396541.66,81
SIMEX DEFENCE,12054163.85,1121
SIMO MANAGEMENT,5260185.00,42
SIMONSON CONSTRUCTION,3145412.15,8
SIMPLEX GRINNELL,3731085.23,166
SIMPSON BUILDING CONTRACTORS,2028700.00,6
SITE ENERGY SERVICES,32274920.00,1
SKILLSOFT CANADA,7155453.90,30
SKOR CULINARY CONCEPTS,45023.38,92
SKRETTING,86922.15,145
SKY CANOE,5578607.79,1
SKYLINE ATLANTIC CANADA,2776902.13,15
SLR CONSULTING CANADA,9641567.91,171
SMITHS DETECTION,27190498.94,183
SMITHS MEDICAL CANADA,5773417.99,1
SNAP ON TOOLS,256726.50,241
SNC LAVALIN,817013197.51,713
SOCIETE ACOLAD CANADA,967387.50,28
SOCIETE EMMANUEL GREGOIRE,5215064.00,10
SOCIETE EN COMMANDITE KEVLAR,1434735.09,4
SOCIETE FRANCAISE DE DEMENAGEMENT,18850000.00,1
SOFTCHOICE,2083631.59,1428
SOFTSIM TECHNOLOGIES,3860370.15,87
SOFTWARE ENGINEERING OF AMERICA,2528011.91,4
SOLACE,1776257.83,5
SOLANA NETWORKS,3000000.00,7
SOLID CADDGROUP,383323.39,57
SOLIDCAD,413292.04,47
SOLOTECH,11343675.20,353
SOLOTECH QUEBEC,376157.54,86
SOLUDOC,3800000.00,33
SOLUTIONS MOERAE,3078455.64,65
SOMOS,11300000.00,46
SONOBUOY TECH SYSTEMS STS,4021384.79,1
SOUCY INTERNATIONAL,11197076.08,8
SOUTHMEDIC,3164000.00,2
SOUTHWEST RESEARCH INSTITUTE,57544740.15,15
SOVO TECHNOLOGIES,8208462.75,8
SPARK POWER HIGH VOLTAGE SERVICES,1733625.17,11
SPARTAN BIOSCIENCE,149048550.00,1
SPEARHEAD MANAGEMENT CANADA,1001058.35,31
SPECIALTY BUILDING SERVICES,3254467.84,21
SPERRA CONSTRUCTION,1682278.73,8
SPRINGCREST,5650000.00,5
SPRINGER VERLAG,5113793.61,16
SPRINGHILL CONSTRUCTION,12338610.36,1
SQUAMISH INDIAN BAND,28648398.32,3
SRA STAFFING SOLUTIONS,1325721.00,36
SSCL,2870000.00,11
ST AIRBORNE SYSTEMS,9491200.00,13
ST DENIS THOMPSON,30901983.57,9
ST GELAIS MONTMINY ASSOCIES,13823060.41,29
ST JOHN AMBULANCE,9813802.75,25
ST JOSEPH PRINT GROUP,5949687.16,162
ST LEONARD S COMMUNITY SERVICES,5284116.89,6
ST LEONARD S SOCIETY HAMILTON,5335437.18,12
ST LEONARDS HOUSE WINDSOR,5060556.18,8
ST LEONARDS PLACE PEEL,6000000.00,7
ST LEONARDS SOCIETY OF NORTH VANCOUVER,4873616.13,5
ST LEONARDS SOCIETY OF PETERBOROUGH EDMISON HOUSE,4878618.33,2
ST OPS TACTICAL TRAINING CANADA,8000000.00,46
ST PATRICKS HOUSE SOCIETY,5331441.94,2
STAG CONSTRUCTION SOLUTIONS,644550.00,17
STANDARD AERO,1454723.58,29
STANDARD AERO ATLANTIC,1366423.73,6
STANFIELDS,28046600.00,1
STANLEY CONSTRUCTION,4662645.62,9
STANTEC,32277442.00,2093
STAPLES ADVANTAGE CANADA,1928656.87,43
STEEPLE,847365.75,64
STEPPED CARE SOLUTIONS,217356891.03,1
STERICYCLE,452835.48,87
STERIS CANADA,1728737.03,115
STERLING FUELS,1968884.07,332
STERLING SWIFT,5456648.00,1
STIFF SENTENCES,7910000.00,45
STOEGER CANADA,5383968.62,4
STONEHENGE THERAPEUTIC COMMUNITY,2863402.12,2
STONEWORKDS TECHNOLOGIES,1999992.28,2
STONEWORKS TECHNOLOGIES,30765757.37,656
STOPS TACTICAL TRAINING,11122070.00,2
STRATOS,2260000.00,201
STRONG BROS GENERAL CONTRACTING,2356520.34,28
STRONG BROS HEATING AIR CONDITION,12119827.39,2
STRONGCO,418100.00,13
STRYKER CANADA,42480890.04,29
STS MAINTENANCE 4527984 CANADA,2813221.79,2
STURGEON COUNTY,3790024.58,5
SUBARU CANADA,1318941.82,194
SUER AND POLLON MECHANICAL,6916862.26,2
SUER POLLON MECHANICAL,960750.00,6
SUMMIT CANADA DISTRIBUTORS,865242.81,107
SUN LIFE ASSURANCE COMPANY,499714831.68,25
SUNCOR ENERGY,646800.00,747
SUNCOR ENERGY PRODUCTS,370650.00,31
SUPER CHANNEL INTERNATIONAL,581515.20,77
SUPERIOR PROPANE,402500.00,154
SUPERMAX HEALTHCARE CANADA,156366000.01,2
SUPREMEX,4200000.00,179
SURE FORM CONTRACTING,7386687.93,1
SUSE SOFTWARE SOLUTIONS CANADA,7447380.59,12
SUSTEMA,1542610.12,25
SUTHERLAND EXCAVATING,799982.21,409
SVEMY CONSTRUCTION,1573882.82,20
SWALLOW FOURNIER,1982372.81,2
SWITCH HEALTH,602111216.15,7
SYFT TECHNOLOGIES,4660912.00,3
SYLVIE ROY,1320000.00,31
SYM COMMUNICATIONS,1586013.00,46
SYMCOR,30295865.00,1
SYNERGIE MEDICALE BRG,4027320.00,1
SYNERSOLUTIONS TECHNOLOGIES,2143497.00,26
SYNTAGME,1819427.53,15
SYSCO,550000.00,854
SYSTEMATIX SOLUTIONS,33000000.00,164
SYSTEMES URBAINS,2034710.06,3
SYSTEMS FOR RESEARCH,3034500.00,23
SYSTEMSCOPE,5133638.90,169
T J NOLAN CONSTRUCTION,575000.00,160
T LANE TRANSPORTATION AND LOGISTICS,448375.00,70
T R HINAN CONTRACTORS,6236385.59,5
TACS,1638546.00,32
TAG HR,2069550.00,280
TAI,2692054.60,9
TALIGENT CONSULTING,6358352.47,96
TANGLE RIDGE CUSTOM CRUSHING,10036625.25,9
TANKATEK,3634532.00,108
TANKATEK 6854265 CANADA,766488.80,23
TATO RECRUITING S I SYSTEMS,10735000.00,3
TAURUS CONTRACTORS,1079484.00,27
TAYLOR FRANCIS,324302.47,49
TCI INTERNATIONAL,7087500.00,6
TCI TRANSLATORS CONFERENCE,4835340.00,22
TDE CONSTRUCTION COMPANY,5175688.93,1
TDI INTERNATIONAL,3132646.30,6
TEAM CERTAS,81616788.06,1
TECHNE SEATING COMPONENT,1131946.49,101
TECHNO FEU,4417425.47,34
TECHNOMICS,2654867.04,11
TECHNOREM,3879078.20,34
TECSIS,1922227.63,18
TEEL TECHNOLOGIES CANADA,11082154.95,78
TEKNION,5778636.97,1844
TEKSYSTEMS CANADA,33560000.00,551
TELECOM COMPUTER SERVICES,7586363.24,637
TELECOMMUNICATION SUPPORT SERVICES,2391760.00,5
TELEDYNE,505990.27,85
TELEPHONICS,3053218.00,7
TELESAT,43432776.05,55
TELFLEX TECHNOLOGIE,1867035.56,7
TELUS CANADA,390734163.63,919
TELUS HEALTH CARE CENTRES,1856020.22,15
TENAQUIP,4502569650.00,337
TERAMACH TECHNOLOGIES,22203230.15,909
TERLIN CONSTRUCTION,2861587.86,6
TERRA SENSE ANALYTICS,8976341.08,10
TERRAGON ENVIRONMENTAL TECHNOLOGIES,1132542.51,8
TERUS CONSTRUCTION,3437469.92,4
TERVITA,5248317.65,45
TES CONTRACT SERVICES,103286000.00,124
TESTFORCE SYSTEMS,1439239.44,399
TETRA TECH,5975990.05,239
TEXTILES MONTEREY 1996,7562625.00,2
TFORCE LOGISTICS CANADA,2087222.09,5
THALES,920000000.00,168
THALES DEFENSE AND SECURITY,1282320.00,3
THE AIM GROUP,33560000.00,663
THE BOEING COMPANY,3198763196.77,3
THE CALGARY AIRPORT AUTHORITY,7888528.11,2
THE CANADA LIFE ASSURANCE COMPANY,514540899.00,8
THE CANNINGTON ABORIGINAL VENTURE,1487009.91,2
THE DELTIC GROUP,2260000.00,7
THE GOVERNING COUNCIL OF,4187916.02,4
THE HALIFAX COMPUTER CONSULTING GROUP,18124208.54,28
THE HALIFAX GROUP,3962694.00,24
THE IT BROKER,1856640.67,46
THE KTL GROUP,2252243.95,37
THE MASHA KRUPP TRANSLATION GROUP,8366524.68,200
THE MATHWORKS,1304969.72,265
THE RIGHT DOOR CONSULTING,1284845.65,343
THE ROYAL ARCHITECTURAL INSTITUTE,2127500.00,4
THE STEVENS COMPANY,78975799.10,40
THE UNIVERSITY OF BRITISH COLUMBIA,1150000.00,25
THE VCAN GROUP,5501631.13,42
THERMO FISHER SCIENTIFIC,4690871.13,1863
THG THE HISTORY GROUP,1178465.50,120
THINKON,6286740.02,20
THINKPOINT,1088578.01,32
THOMAS SCHMIDT,1092262.50,59
THOMSON REUTERS,8895066.17,195
THORNHILL MEDICAL,200451118.94,2
THRIVE HEALTH,9435500.00,2
THYSSENKRUPP ELEVATOR,7716671.58,118
TIREE,17695833.54,196
TISSEUR,54588556.28,9
TITAN AEX,28000000.00,2
TITAN BOATS,1836593.13,30
TITANIUM CONSTRUCTION,15856991.39,9
TLD CANADA,1240382.92,4
TOFCON CONSTRUCTION,41180119.19,2
TOMLINSON ENVIRONMENTAL SERVICES,3491261.92,40
TOP ACES,417680394.38,366
TOROMONT,78773979.40,589
TORONTO BAIL PROGRAM,8184509.77,2
TORONTO INDUSTRIES,11368805.96,1
TORONTO PORT AUTHORITY,3248847.75,1
TORONTO STAMP,27177969.00,1
TOSHIBA CANADA,20881072.50,110
TOTEM OFFISOURCE,3424258.73,463
TOURE CLEANING,1459920.99,11
TOURE CLEANING SERVICES,8142127.09,40
TOYOTA,4833978.48,761
TPG TECHNOLOGY CONSULTANTS,55200000.00,516
TR PETROLEUM,118167.02,98
TRACK24 CANADA,8110987.11,2
TRACKGEN SOLUTIONS,1149954.00,9
TRADUCTIONS PIERRE CLOUTIER,5060639.06,4
TRADUCTIONS SCRIPTIS,2179700.00,14
TRAINOR MECHANICAL CONTRACTORS,7333734.37,28
TRANE CANADA,747337.51,62
TRANS CAPITAL AIR,4126173.64,2
TRANSCONTINENTAL PRINTING,16418388.80,2
TRANSPOLAR TECHNOLOGY,9309828.40,93
TRANSTEC,13307443.00,3
TRANSWEST AIR,28142031.25,33
TRAUGOTT BUILDING CONTRACTORS,4309666.09,2
TRAYTOWN BUILDERS,5018554.97,13
TREMCAR INDUSTRIES,3051000.00,7
TRI STAR INDUSTRIES,4755565.76,6
TRIDENT CONSTRUCTION,9241370.97,3
TRIDON COMMUNICATIONS,5644531.59,1
TRIGON ASSOCIATES,5056802.00,1
TRIPLEWELL CANADA,10577093.80,1
TRM TECHNOLOGIES,8016468.12,199
TROY LIFE FIRE SAFETY,6250000.00,94
TRUDELL HEALTHCARE SOLUTIONS,18381302.09,1
TRUGENOMIX,1305687.95,3
TRUMPF,2288678.31,15
TSI,366820.00,44
TSUU T INA CONTRACTING GP,14859000.00,1
TULMAR SAFETY SYSTEMS,3051000.00,25
TUNDRA TECHNICAL SOLUTIONS,11978000.00,63
TURN KEY CONSTRUCTION,2310774.73,1
TURNER TOWNSEND,19000000.00,19
TURTLE ISLAND STAFFING,520975.20,257
TWENTY20 INSIGHT,13166184.80,28
TWENTY20INSIGHT,4237714.06,2
TYCO INTEGRATED FIRE AND SECURITY CANADA,3324035.30,2
TYCO INTEGRATED FIRE SECURITY,3062005.54,208
TYR TACTICAL,1064618.84,27
UBIQUS CANADA,7283720.25,122
ULTIMATE CONSTRUCTION,2520531.23,10
ULTRA ELECTRONICS,9807610.53,25
ULTRA ELECTRONICS MARITIMES SYSTEM,3853480.20,2
UNCHARTED SOFTWARE,2023625.21,14
UNIFORM WORKS,2825000.00,18
UNISOFT INTERNATIONAL,13004500.06,2
UNISOURCE,8812520.27,482
UNISYNC GROUP,6225667.89,5
UNISYS CANADA,101709637.74,7
UNITED CHURCH HALFWAY HOMES,5228678.66,4
UNITED RENTALS,1370152.47,266
UNITED STATES DEPARTMENT OF DEFENCE,24933672.12,3
UNITED STATES DEPARTMENT OF THE AIR FORCE,68204305.00,41
UNITED STATES DEPARTMENT OF THE ARMY,17056806.63,26
UNITED STATES DEPARTMENT OF THE NAVY,70389300.00,70
UNITED VAN LINES CANADA,45500000.00,2
UNIVERSAL HELICOPTERS,6040435.96,46
UNIVERSAL PROTECTION SERVICE,8847238.25,4
UNIVERSAL WEATHER AND AVIATION,246125.94,36
UNIVERSITE DE MONTREAL,1821411.46,45
UNIVERSITE DE SHERBROOKE,1097863.80,45
UNIVERSITE LAVAL,1999995.00,146
UNIVERSITE QUEBEC INSTITUT NAT RECHERCHE SCIENTIFIQUE,4599000.00,1
UNIVERSITE SAINTE ANNE,100000.00,309
UNIVERSITY OF ALBERTA,2090500.00,195
UNIVERSITY OF BRITISH COLUMBIA,977500.00,141
UNIVERSITY OF CALGARY,1974020.95,90
UNIVERSITY OF GUELPH,2126282.00,135
UNIVERSITY OF MANITOBA,683028.50,74
UNIVERSITY OF NEW BRUNSWICK,1754350.00,85
UNIVERSITY OF ONTARIO,2305200.00,10
UNIVERSITY OF OTTAWA,3906141.28,337
UNIVERSITY OF REGINA,11853938.81,40
UNIVERSITY OF SASKATCHEWAN,1543902.87,100
UNIVERSITY OF TORONTO,14999689.90,167
UNIVERSITY OF WATERLOO,6275122.22,152
UNIVERSITY OF WESTERN ONTARIO,2346833.26,72
UQSUQ,937920.35,272
URBAN VALLEY TRANSPORT,16580000.00,1
URLACHER CONSTRUCTION,320242.50,109
UTILITIES KINGSTON,9977192.95,57
UVAIR,174221.27,125
VAISALA CANADA,2303358.32,60
VAISALA OYJ,8772151.82,3
VALARD CONSTRUCTION,2094107.06,8
VALCOM CONSULTING,4673097.00,222
VALLEY REFRIGERATION,1545788.34,28
VALUE MASTER BUILDERS,2196312.00,97
VAN HORNE CONSTRUCTION,10551267.00,2
VAN KAPPEL INTERNATIONAL,8233701.00,19
VANCOUVER AIRPORT AUTHORITY,13866869.47,1
VANCOUVER CONVENTION CENTRE,2553301.03,4
VANCOUVER DRYDOCK COMPANY,11020397.09,9
VANCOUVER FRASER PORT AUTHORITY,6115560.00,5
VANCOUVER PILE DRIVING,5563610.77,14
VANCOUVER SHIPYARDS,2447262476.00,27
VANRX PHARMASYSTEMS,11118059.70,5
VARD MARINE,2260000.00,33
VCI CONTROLS,1725020.05,41
VECTOR AEROSPACE,1492300.68,79
VERITAAQ TECHNOLOGY HOUSE,33560000.00,1487
VERITAS TECHNOLOGIES,8787280.62,10
VERREAULT NAVIGATION,14467304.61,10
VERSACOM,1938418.14,84
VERSATIL BPI,14242192.32,67
VETEMENTS COOKSHIRE,3639430.58,2
VEYRON PROJECTS,5610127.41,2
VFA CANADA,4576500.00,25
VFS GLOBAL,108393867.00,13
VIA TRAVAIL,5427361.57,16
VIDCRUITER,999959.60,113
VIKING FIRE PROTECTION,3468072.50,23
VIRTRA SYSTEMS,2168443.89,2
VIRTUAL POSSIBILITIES DIVISION,172977959.20,1
VISA SERVICES,16198632.00,1
VISIONTEC,1749236.89,24
VMWARE,53015999.37,253
VOYAGEUR AVIATION,3808450.30,32
VOYAGEUR TRANSPORTATION,8944177.34,2
VVI CONSTRUCTION,5512065.02,7
VWR INTERNATIONAL,602710.10,740
W S MORGAN CONSTRUCTION,2595808.10,12
W3 DESIGN GROUP,2529997.70,4
W8482 217946 001 DMARP4,3333739.82,1
WADE GENERAL CONTRACTING,2035600.00,27
WAHL CONSTRUCTION,2071274.00,101
WAINWRIGHT MARINE SERVICES,3700000.00,15
WAJAX,30705150.00,572
WAJAX SYSTEMES DE PUISSANCE,2600000.00,1
WAMPUM RECORDS,1215015.22,58
WARTSILA,32272582.60,518
WASAUKSING FIRST NATION,2414958.64,3
WASTE CONNECTIONS OF CANADA,2997851.10,106
WASTE MANAGEMENT OF CANADA,928808.51,120
WASTE PROCESSING TECHNOLOGIES,5233650.00,1
WATCH SYSTEMS,3966081.53,1
WATERS,3191547.49,393
WATERSHED INFORMATION TECHNOLOGY,1041137.00,17
WAUBAUSHENE MACHINE WELDING,2755507.26,1
WAZANA CLOTHING,99491989.67,1
WCG INTERNATIONAL CONSULTANTS,566481005.07,3
WEATHERHAVEN CANADA,153777223.75,38
WEBSTER ELECTRIC,740323.50,106
WEIR CANADA,530460000.00,13
WESCO DISTRIBUTION CANADA,338876.74,209
WEST COAST TUG BARGE,1265647.95,12
WESTBURY NATIONAL SHOW SYSTEMS,1265348.00,99
WESTCO CONSTRUCTION,2029161.40,9
WESTCOAST GENESIS SOCIETY,5123909.21,7
WESTCOMB OUTERWEAR,11757606.62,1
WESTERN CANADA MARINE RESPONSE,3925672.80,9
WESTERN MECHANICAL ELECTRICAL,7495088.03,7
WESTERN PACIFIC ENTERPRISES,4010711.02,3
WESTERN PETROLEUM,483490.84,84
WESTJET,8000000.00,3
WESTOWER COMMUNICATIONS,1419188.36,148
WHITE BEAR INDUSTRIES,94710649.68,10
WHITECHURCH CONSTRUCTION,1063792.20,11
WHOLESOME CRAVINGS,36825.21,94
WHOOSHH INNOVATIONS,6754947.07,2
WILCO CONTRACTORS SOUTHWEST,6993820.08,14
WILD STONE ENGINEERING,6333888.55,4
WILDLIFE COMPUTERS,385994.61,99
WILDROSE DISPOSAL,1464835.00,30
WILDSTONE CONSTRUCTION,15569085.00,10
WILEY SUBSCRIPTION SERVICES,1496834.63,14
WILLS TRANSFER,3943861.19,59
WINDREACH CONSULTING SERVICES,3324336.28,32
WINMAR,53100000.00,28
WINNIPEG AIRPORT AUTHORITY,3894175.13,3
WINTERSTEIGER,430258.81,85
WM M 1993,7227207.25,6
WOLTERS KLUWER,5989163.33,151
WOOD,2362676.40,190
WOOD CANADA,2453505.60,404
WOOD E I SOLUTIONS,2274607.00,5
WOOD MACKENZIE,636079.68,15
WOODWARD,107861.01,160
WOODWARD AVIATION,68992.19,117
WOODWARD S OIL,2432652.69,127
WOOLLY MAMMOTH OUTERWEAR,49756160.00,2
WORKDYNAMICS TECHNOLOGIES,2558972.89,159
WORKPLACE HEALTH AND COST SOLUTIONS,3785236.53,16
WORLD FUEL SERVICES,2386342.00,2793
WORLD UNIVERSITY CONSORTIUM,14836394.00,1
WORLD UNIVERSITY SERVICE OF CANADA,10914708.42,8
WORLDREACH SOFTWARE,3048458.82,17
WORLEY PARSONS,5332203.46,19
WPP GROUP CANADA COMMUNICATIONS,8100939.00,101
WRIGHT CONSTRUCTION WESTERN,32438561.46,1
WSP,483553823.98,1283
WTB LANGUAGE GROUP,659014.82,87
WYSSEN AVALANCHE CONTROL,3545401.26,8
XANALYS CANADA,4269412.31,6
XAV SOLUTION,1726103.25,6
XEROX,30770364.97,1793
XPERA RISK MITIGATION INVESTIGATION,15000000.00,35
XPERTEK CONSTRUCTION,1959054.73,39
XTECH EXPLOSIVE DECONTAMINATION,6195998.63,4
XTRACT TECHNOLOGIES,1149931.00,16
YAMAHA MOTORS CANADA,306491.06,298
YAMNUSKA,3200292.92,13
YELLOWHEAD HELICOPTERS,1888173.86,82
ZAYO CANADA,86830481.54,146
ZENITH PAVING,2858374.71,11
ZERNAM ENTERPRISE,1276024.86,53
ZIGHRA,1239299.02,5
ZODIAC HURRICANE TECHNOLOGIES,37890193.38,34
ZOLL MEDICAL CANADA,2167344.66,32
ZUTPHEN CONTRACTOR,8920814.13,35
ZYCOM,4652745.97,154
