d_vendor_name,contracts,contracts_with_amendments,has_amendments_percentage
10647802 CANADA,20,6,0.3
11983890 CANADA CENTRE,1,1,1
1320376 ONTARIO,7,4,0.5714
14343878 ONTARIO,1,0,0
1X1 ARCHITECTURE,52,18,0.3462
2220742 ONTARIO,28,10,0.3571
2536 4589 QUEBEC,1,1,1
2KEYS,23,13,0.5652
3469051 CANADA,74,14,0.1892
3D DATACOMM,115,4,0.0348
3M CANADA COMPANY,17,2,0.1176
4 OFFICE AUTOMATION,212,89,0.4198
4083261 CANADA,9,5,0.5556
49 SOLUTIONS,16,5,0.3125
529040 ONTARIO AND 880382,23,12,0.5217
6834973 CANADA,1,1,1
727619 ALBERTA O A ROUGHRIDER,1,1,1
7305516 CANADA,7,6,0.8571
736902 ONTARIO,7,5,0.7143
73719 NEWFOUNDLAND LABRADOR,35,7,0.2
851791 NWT,4,2,0.5
9006 9311 QUEBEC,5,5,1
9090 5092 QUEBEC,3,3,1
9099 3593 QUEBEC INTER PROJE,2,2,1
9168516 CANADA,7,1,0.1429
9275 0181 QUEBEC,43,3,0.0698
A C L CONSTRUCTION,2,0,0
A J HANNA CONSTRUCTION,272,1,0.0037
A SANTIN MASON CONTRACTOR,5,5,1
A TECH ROOFING,7,0,0
AB SCIEX,88,10,0.1136
ABB,86,21,0.2442
ABBOTT,59,9,0.1525
ABCO INDUSTRIES,4,0,0
ABCO MAINTENANCE SYSTEMS,58,5,0.0862
ABS AMERICAS,3,0,0
ACADIAN DREDGING,71,10,0.1408
ACART COMMUNICATIONS,27,6,0.2222
ACCENTURE,117,35,0.2991
ACCESS 2 NETWORKS,101,11,0.1089
ACKLANDS GRAINGER,426,14,0.0329
ACME FUTURE SECURITY CONTROLS,66,19,0.2879
ACOSYS CONSULTING SERVICES,68,30,0.4412
ACT,149,13,0.0872
ACTION PERSONNEL OF OTTAWA HULL,37,21,0.5676
ADAPT PHARMA CANADA,87,2,0.023
ADGA GROUP,184,76,0.413
ADOBE,29,9,0.3103
ADP CANADA,1,0,0
ADPEARL,2,1,0.5
ADRM TECHNOLOGY CONSULTING,231,138,0.5974
ADVANCED BUSINESS INTERIORS,983,49,0.0498
ADVANCED CHIPPEWA TECHNOLOGIES,671,65,0.0969
ADVANCED PARAMEDIC,4,2,0.5
AECOM,361,142,0.3934
AEG FUELS,1294,5,0.0039
AEREX AVIONICS,26,3,0.1154
AERO FEU,22,5,0.2273
AERO SUPPLIES,352,22,0.0625
AEROPORTS DE MONTREAL,1,1,1
AEROPRO,7,4,0.5714
AFC INDUSTRIES,3,2,0.6667
AFN ENGINEERING,284,51,0.1796
AFW CONSTRUCTION,49,19,0.3878
AGILEC,13,0,0
AGILENT,546,43,0.0788
AGRITEAM CANADA,15,0,0
AIM HEALTH GROUP,10,6,0.6
AINSWORTH,145,19,0.131
AIR INUIT,72,1,0.0139
AIR LIQUIDE CANADA,241,46,0.1909
AIR TINDI,163,7,0.0429
AIRBORNE SYSTEMS,2,1,0.5
AIRBOSS DEFENSE,5,0,0
AIRBUS,150,25,0.1667
ALBERTA SEVENTH STEP SOCIETY,2,2,1
ALCAIDE WEBSTER ARCHITECTS,26,12,0.4615
ALINEA INTERNATIONAL,11,1,0.0909
ALLEN HASTINGS,5,4,0.8
ALLIANCE ENERGY,15,3,0.2
ALLIANCE ENGINEERING CONSTRUCTION,7,2,0.2857
ALLIANT TECHSYSTEMS OPERATIONS,7,0,0
ALLIED PAVING,1,1,1
ALLIED SHIPBUILDERS,17,12,0.7059
ALMIQ CONTRACTING,1,0,0
ALPINE AEROTECH,138,4,0.029
ALPINE HELICOPTERS,247,11,0.0445
ALS CANADA,184,25,0.1359
ALTIS HUMAN RESOURCES,1093,340,0.3111
ALVA CONSTRUCTION,10,6,0.6
AMAN BUILDERS,2,0,0
AMAZON,84,25,0.2976
AMD MEDICOM,2,2,1
AMDOCS,3,1,0.3333
AMEC FOSTER WHEELER AMERICAS,139,21,0.1511
AMER SPORTS CANADA,7,0,0
AMERESCO CANADA,19,10,0.5263
AMERICAN BUREAU OF SHIPPING,76,11,0.1447
AMEX BANK OF CANADA,5,2,0.4
AMRON CONSTRUCTION,142,5,0.0352
AMTECH AERONAUTICAL,15,1,0.0667
AMTEK ENGINEERING,32,22,0.6875
ANCHOR QEA,3,1,0.3333
ANIXTER,240,10,0.0417
ANSYS CANADA,113,7,0.0619
AON REED STENHOUSE,126,26,0.2063
APEX STEEL GAS,82,2,0.0244
APOTEX,4,1,0.25
APPAREL TRIMMINGS,49,17,0.3469
APPLIED ELECTONICS,456,24,0.0526
APPLIED SYSTEMS ENGINEERING,1,0,0
APPTION,14,7,0.5
APRON FUEL SERVICES,419,8,0.0191
APS AVIATION,7,2,0.2857
AQUA GUARD SPILL RESPONSE,4,2,0.5
AQUA LUNG CANADA,67,9,0.1343
ARCADIS CANADA,218,84,0.3853
ARCHITECTURE 49,237,78,0.3291
ARCHITECTURE EVOQ,31,18,0.5806
ARCTIC CANADA CONSTRUCTION,5,4,0.8
ARDENT GLOBAL,2,0,0
ARI FINANCIAL SERVICES,575,86,0.1496
ARISGLOBAL,4,3,0.75
ARTEMP PERSONNEL SERVICES,202,68,0.3366
ARTEX SPORTSWEAR,26,7,0.2692
ARUP CANADA,1,0,0
ASBEX,83,19,0.2289
ASC GERMANY,10,2,0.2
ASOKAN BUSINESS INTERIORS,324,13,0.0401
ASSOCIATED ENGINEERING,75,36,0.48
ATCO,288,90,0.3125
ATLANTIC BUSINESS INTERIORS,171,8,0.0468
ATLANTIC ROAD CONSTRUCTION AND PAVING,5,3,0.6
ATLANTIC ROOFERS,44,5,0.1136
ATLANTIC TOWING,7,1,0.1429
ATLANTICA MECHANICAL CONTRACTORS,29,8,0.2759
ATS SERVICES,22,11,0.5
ATWILL MORIN,10,7,0.7
AV NUNAVUT FUELS,1,0,0
AV TECH,136,17,0.125
AVI SPL CANADA,661,31,0.0469
AVJET HOLDING,325,9,0.0277
AVMAX AVIATION SERVICES,38,4,0.1053
AVONDALE CONSTRUCTION,32,11,0.3438
AXYS TECHNOLOGIES,64,10,0.1562
AZIMUTH CONSULTING GROUP,9,2,0.2222
B BRAUN OF CANADA,3,1,0.3333
B L ASSOCIATES,5,1,0.2
B R ENTERPRISES,15,9,0.6
B T L CONSTRUCTION,1,1,1
BABCOCK INTERNATIONAL GROUP,26,3,0.1154
BAE SYSTEMS,91,3,0.033
BAJA CONSTRUCTION CANADA,13,5,0.3846
BALODIS,10,2,0.2
BANCTEC CANADA,18,3,0.1667
BANFIELD SEGUIN,36,8,0.2222
BARGREEN ELLINGSON,419,16,0.0382
BARR ENGINEERING AND ENVIRONMENTAL,13,7,0.5385
BARRIE MACKAY CONTRACTING,2,2,1
BARRON S REFRIGERATION HEATING,95,6,0.0632
BAUER HOCKEY,1,0,0
BAVARIAN NORDIC,2,1,0.5
BAXTER,9,1,0.1111
BAY CONSTRUCTION MANAGEMENT,6,5,0.8333
BAYSHORE HEALTHCARE,123,31,0.252
BC HYDRO,29,13,0.4483
BDO CANADA,341,98,0.2874
BEAUDOIN CANADA,2,2,1
BEAVER AIR CHARTER CONSULTANTS,285,16,0.0561
BECKMAN COULTER CANADA,120,7,0.0583
BELAND LAPOINTE,1,0,0
BELL AND HOWELL CANADA,7,7,1
BELL CANADA,1066,267,0.2505
BELL TEXTRON,283,20,0.0707
BERGEVIN ELECTRICAL CONTRACTING,2,1,0.5
BERVIN CONSTRUCTION,8,5,0.625
BEST FACILITIES SERVICES,1,0,0
BEST SERVICE PROS,113,7,0.0619
BGLA,15,9,0.6
BIGHORN CONSTRUCTION,13,8,0.6154
BIGHORN HELICOPTERS,96,9,0.0938
BIO NUCLEAR DIAGNOSTICS,19,3,0.1579
BIOMERIEUX CANADA,36,11,0.3056
BIRD CONSTRUCTION COMPANY,8,4,0.5
BIRON GROUPE SANTE,1,0,0
BISSON FORTIN ARCHITECTURE,18,11,0.6111
BLACK MCDONALD,279,74,0.2652
BLACKBERRY,102,7,0.0686
BLUE WATER SYSTEM,1,0,0
BLUEDOT,8,3,0.375
BLUEDROP TRAINING SIMULATION,3,1,0.3333
BLUEWAVE ENERGY,242,38,0.157
BLUMETRIC ENVIRONMENTAL,167,34,0.2036
BMC SOFTWARE,8,4,0.5
BMC SOFTWARE CANADA,45,14,0.3111
BMT FLEET TECHNOLOGY,35,7,0.2
BOEHM HOTEL,1,1,1
BOLESS,6,4,0.6667
BOLLORE LOGISTICS,178,5,0.0281
BOMBARDIER,188,8,0.0426
BOMIMED,3,1,0.3333
BONDFIELD CONSTRUCTION COMPANY,1,0,0
BOUTHILLETTE PARIZEAU,129,24,0.186
BOYD MOVING STORAGE,93,6,0.0645
BRAGG COMMUNICATIONS,2,2,1
BRANDT TRACTOR,48,1,0.0208
BRAWN CONSTRUCTION,13,6,0.4615
BRETON MICHEL MD,10,9,0.9
BRIDGES OF CANADA,14,6,0.4286
BRIQUETAL,7,4,0.5714
BRITTON ELECTRIQUE,2,1,0.5
BROADNET TELECOM,45,7,0.1556
BROADWATER INDUSTRIES,22,3,0.1364
BRONSWERK MARINE,57,7,0.1228
BRONTE CONSTRUCTION,1,1,1
BROOK CONSTRUCTION,6,4,0.6667
BROOKFIELD ASSET MANAGEMENT,16,2,0.125
BROOKFIELD GLOBAL INTEGRATED SOLUTIONS,377,21,0.0557
BRS INNOVATIONS,17,5,0.2941
BRUKER,92,6,0.0652
BUDGELL S EQUIPMENT RENTALS,2,2,1
BUREAU NATHALIE,6,2,0.3333
BUREAU VERITAS,368,73,0.1984
BUTTCON,6,4,0.6667
C CORE,42,8,0.1905
C2D SERVICES,1,1,1
CA,17,2,0.1176
CACHE COMPUTER CONSULTING,227,117,0.5154
CADEX,21,1,0.0476
CAE,65,11,0.1692
CALIAN,989,448,0.453
CALKO GROUP,2,2,1
CALTRIO COMPANY,16,9,0.5625
CAMPBELL DRUG STORES,1,1,1
CAMPBELL SCIENTIFIC CANADA,138,12,0.087
CAN AM PLATFORMS CONSTRUCTION,7,4,0.5714
CANADA POST,271,40,0.1476
CANADENSYS AEROSPACE,11,3,0.2727
CANADIAN BANK NOTE COMPANY,19,10,0.5263
CANADIAN BASE OPERATORS,117,44,0.3761
CANADIAN BORDER OPERATIONS,1,1,1
CANADIAN BUREAU FOR INTERNATIONAL EDUCATION,7,1,0.1429
CANADIAN CORPS OF COMMISSIONAIRES,5446,1329,0.244
CANADIAN DEVELOPMENT CONSULTANTS,44,15,0.3409
CANADIAN EMERGENCY VENTILATORS,1,0,0
CANADIAN FISHING COMPANY,3,1,0.3333
CANADIAN HELICOPTERS,250,25,0.1
CANADIAN LEASEBACK,174,23,0.1322
CANADIAN MARITIME ENGINEERING,145,51,0.3517
CANADIAN NORTH,30,4,0.1333
CANADIAN NUCLEAR LABORATORIES,4,2,0.5
CANADIAN PAEDIATRIC SOCIETY,4,3,0.75
CANADIAN RED CROSS,15,6,0.4
CANADIAN STANDARDS ASSOCIATION,54,12,0.2222
CANADIAN VETERANS VR SERVICE,1,0,0
CANADYNE TECHNOLOGIES,20,3,0.15
CANAM PONTS CANADA,3,0,0
CANMEC,1,1,1
CANON,815,133,0.1632
CANSEL SURVEY EQUIPMENT,134,2,0.0149
CANTEC SYSTEMS,28,2,0.0714
CANTEX OKANAGAN CONSTRUCTION,3,2,0.6667
CARAHSOFT TECHNOLOGY,279,27,0.0968
CAREWORX,27,0,0
CARLETON ELECTRIC,26,5,0.1923
CARLETON LIFE SUPPORT SYSTEMS,10,2,0.2
CARLETON UNIVERSITY,179,16,0.0894
CARMACKS ENTERPRISES,1,1,1
CARMICHAEL ENGINEERING,68,14,0.2059
CARO ANALYTICAL SERVICES,38,6,0.1579
CARSWELL,26,2,0.0769
CASCADE AEROSPACE,5,4,0.8
CASCADE COLLEGE,1,0,0
CASP AEROSPACE,9,2,0.2222
CATHOLIC SOCIAL SERVICES,5,5,1
CBCI TELECOM,726,38,0.0523
CBCL,246,42,0.1707
CBRE,24,0,0
CCM CONSTRUCTION,3,1,0.3333
CCR CONSTRUCTION,4,3,0.75
CDCI RESEARCH,67,18,0.2687
CDW CANADA,1077,121,0.1123
CEGERCO,2,1,0.5
CELEB CONSTRUCTION,5,5,1
CELLEBRITE,6,3,0.5
CEPHEID,2,1,0.5
CERIDIAN,4,3,0.75
CGI,259,123,0.4749
CH2M HILL CANADA,7,3,0.4286
CHANDOS CONSTRUCTION,6,6,1
CHANNEL MANAGEMENT INTERNATIONAL,21,5,0.2381
CHANTIER DAVIE CANADA,8,5,0.625
CHANTIER NAVAL FORILLON,4,2,0.5
CHARRON HUMAN RESOURCES,113,17,0.1504
CHARTER TELECOM,5,2,0.4
CHEF BRANDZ,127,0,0
CHEVRON,59,1,0.0169
CHU SAINTE JUSTINE,11,7,0.6364
CHUBB EDWARDS,135,26,0.1926
CIMA,136,56,0.4118
CIRCLE OF EAGLES LODGE SOCIETY,3,2,0.6667
CISION CANADA,307,40,0.1303
CISTEL TECHNOLOGY,242,93,0.3843
CITRIX,25,6,0.24
CLARIANT CANADA,126,8,0.0635
CLEANMATTERS JANITORIAL SERVICES,16,6,0.375
CLEARWATER STRUCTURES,2,2,1
CLERMARK,18,3,0.1667
CLICK NETWORKS,227,18,0.0793
CLOSEREACH,109,36,0.3303
CO VEN,2,1,0.5
COADY CONSTRUCTION EXCAVATING,15,7,0.4667
COASTAL RESTORATION MASONRY,94,9,0.0957
COCO PAVING,6,3,0.5
COFELY SERVICES,1,0,0
COFOMO,406,251,0.6182
COLLIERS PROJECT LEADERS,144,77,0.5347
COLT CANADA,202,9,0.0446
COLUMBIA FUELS,186,3,0.0161
COMBAT NETWORKS,258,69,0.2674
COMMERCIAL BUILDING CLEANING,4,0,0
COMMPOWER,2,2,1
COMMUNICATIONS POWER,2,2,1
COMMVAULT SYSTEMS,22,4,0.1818
COMPAGNIE AMPLEXOR CANADA,57,12,0.2105
COMPUCOM CANADA,275,33,0.12
COMPUGEN,475,45,0.0947
COMPUTER ASSOCIATES CANADA,5,3,0.6
COMPUTERSHARE INVESTOR SERVICES,8,2,0.25
CON PRO INDUSTRIES CANADA,15,11,0.7333
CONCEPT CONTROLS,87,4,0.046
CONEXSYS,97,11,0.1134
CONFECTION AVENTURE,1,1,1
CONNECTIVE SUPPORT SOCIETY,7,1,0.1429
CONNEX TELECOMMUNICATIONS,25,3,0.12
CONOSCENTI TECHNOLOGIES,21,8,0.381
CONSTRUCTION BLANCHARD ET,2,1,0.5
CONSTRUCTION BUGERE,10,8,0.8
CONSTRUCTION COTE FILS,4,1,0.25
CONSTRUCTION COUTURE TANGUAY,5,0,0
CONSTRUCTION CYBCO,6,5,0.8333
CONSTRUCTION DEMATHIEU BARD,6,5,0.8333
CONSTRUCTION DERIC,13,11,0.8462
CONSTRUCTION J R SAVARD,2,2,1
CONSTRUCTION JESSIKO,14,4,0.2857
CONSTRUCTION LFG,14,12,0.8571
CONSTRUCTION RIC,1,1,1
CONSTRUCTION SIMDEV,2,2,1
CONSTRUCTION SOCAM,5,1,0.2
CONSTRUCTIONS BSL,6,6,1
CONTRACT COMMUNITY,121,31,0.2562
CONVERGINT TECHNOLOGIES,121,11,0.0909
COPCAN CIVIL,10,6,0.6
CORADIX TECHNOLOGY CONSULTING,440,237,0.5386
CORBEL MANAGEMENT,5,3,0.6
COREBUILD CONSTRUCTION,1,0,0
CORPORATION DU FORT ST JEAN,3,1,0.3333
COSSETTE COMMUNICATIONS,571,115,0.2014
COUGAR ENGINEERING CONSTRUCTION,3,2,0.6667
COWATERSOGEMA,13,3,0.2308
COWI NORTH AMERICA,82,3,0.0366
CPCS TRANSCOM,51,5,0.098
CRANDALL ENGINEERING,32,17,0.5312
CRC CURE LABELLE,2,2,1
CRESTLINE COACH,2,1,0.5
CRUICKSHANK CONSTRUCTION,4,4,1
CRYPTOMILL TECHNOLOGIES,2,0,0
CSDC SYSTEMS,103,17,0.165
CTOMS,87,1,0.0115
CUBIC DEFENSE APPLICATIONS,6,1,0.1667
CULLEN DIESEL POWER,46,5,0.1087
CUMMINS CANADA,111,18,0.1622
CWP CONSTRUCTORS,10,7,0.7
CYMI CANADA,1,1,1
CYTELLIGENCE,1,1,1
D DOYLE INSTALLATIONS,170,16,0.0941
D F S,48,27,0.5625
D H PARTNERSHIP,2,2,1
D MARK BIOSCIENCES,36,1,0.0278
D2L,7,2,0.2857
D4IS SOLUTIONS,19,11,0.5789
DADS,203,22,0.1084
DAIMLER,70,1,0.0143
DALHOUSIE UNIVERSITY,105,10,0.0952
DALIAN ENTERPRISES,148,72,0.4865
DASCO EQUIPMENT,222,13,0.0586
DATA COMMUNICATIONS MANAGEMENT,110,11,0.1
DAVID S LAFLAMME CONSTRUCTION,3,2,0.6667
DAVTAIR INDUSTRIES,17,1,0.0588
DAWSON CONSTRUCTION,6,6,1
DBC MARINE SAFETY SYSTEMS,21,2,0.0952
DCL CONSTRUCTION SERVICES,11,6,0.5455
DE ANGELIS CONSTRUCTION,1,1,1
DEAN CONSTRUCTION COMPANY,4,1,0.25
DECAREL,1,0,0
DECISIVE GROUP,453,38,0.0839
DEFENCE CONSTRUCTION CANADA,29,2,0.069
DEFENSE INFORMATION SYSTEMS AGENCY,2,1,0.5
DEFRAN,16,10,0.625
DELCO AUTOMATION,124,13,0.1048
DELL COMPUTER,626,70,0.1118
DELOITTE,786,222,0.2824
DEVLIN CONSTRUCTION,1,1,1
DEW ENGINEERING,74,16,0.2162
DEXTER CONSTRUCTION,107,30,0.2804
DEXTERRA,135,13,0.0963
DF BARNES SERVICES,17,9,0.5294
DHL EXPRESS CANADA,47,9,0.1915
DIAMOND AND SCHMITT ARCHITECTS,14,5,0.3571
DILIGENS,32,2,0.0625
DILLON CONSULTING,508,115,0.2264
DIRECT ENERGY,9,4,0.4444
DIRECT ENERGY BUSINESS,40,8,0.2
DISMAS SOCIETY,2,2,1
DLS TECHNOLOGY,82,10,0.122
DNR CONSULTING GROUP,75,3,0.04
DOMUS BUILDING CLEANING,27,3,0.1111
DON SAYWELL DEVELOPMENTS,129,1,0.0078
DONNA CONA,426,134,0.3146
DR MANDEEP SAINI,2,1,0.5
DR S ISKANDER,3,2,0.6667
DRAEGER,22,2,0.0909
DRAGAGE IM,9,6,0.6667
DRAGAGE OCEAN DSM,14,9,0.6429
DSS MARINE,30,4,0.1333
DST CONSULTING ENGINEERS,226,33,0.146
DSV,109,12,0.1101
DWP SOLUTIONS,11,8,0.7273
DXB PROJECT MANAGEMENT,1,1,1
DYMECH ENGINEERING,18,2,0.1111
DYNABOOK CANADA,109,16,0.1468
DYNACARE,143,29,0.2028
DYNAMIC CONSTRUCTION,9,3,0.3333
DYNAMIC FACILITY SERVICES,10,5,0.5
DYNAMIC PERSONNEL CONSULTANTS,192,82,0.4271
E CONSTRUCTION,35,3,0.0857
E D BRUNET ET ASSOCIES CANADA,1,1,1
EAGLE PROFESSIONAL RESOURCES,33,19,0.5758
EAST ELGIN CONCRETE FORMING,6,5,0.8333
EASTPOINT ENGINEERING,127,54,0.4252
EASTWAY CONTRACTING,32,4,0.125
EBC,4,2,0.5
EBERHARD VON HUENE ASSOCIATES,57,3,0.0526
EBSCO CANADA,282,31,0.1099
ECLIPSYS SOLUTIONS,318,56,0.1761
ECO TECHNOLOGIES,56,8,0.1429
ECOLE DE LANGUES ABCE,515,75,0.1456
ECOLE DE LANGUES LA CITE,323,59,0.1827
ECOPIA TECH,6,0,0
EDWARD COLLINS CONTRACTING,16,3,0.1875
EIFFAGE INNOVATIVE CANADA,8,4,0.5
EKOS RESEARCH ASSOCIATES,93,8,0.086
ELBIT SYSTEMS,11,1,0.0909
ELIZABETH FRY SOCIETY,7,4,0.5714
ELLISDON,26,17,0.6538
ELSEVIER,124,28,0.2258
EMCON SERVICES,72,24,0.3333
EMERGENCY MEDICAL TECHNOLOGY,1,1,1
EMERGENT BIOSOLUTIONS,77,4,0.0519
EMIL ANDERSON CONSTRUCTION,5,4,0.8
EMMANUEL CONSTRUCTION SERVICES,6,5,0.8333
EMMONS MITCHELL CONSTRUCTION,15,9,0.6
EMPOWERED NETWORKS,52,12,0.2308
EMS TECHNOLOGIES,3,3,1
EMTEC,34,12,0.3529
ENGLOBE,652,112,0.1718
ENMAX,65,12,0.1846
ENTREPRISE CLAVEAU,2,1,0.5
ENTREPRISE DE CONSTRUCTION T E Q,2,1,0.5
ENTRUST,63,9,0.1429
ENVIRONICS RESEARCH GROUP,87,10,0.1149
ENVIROSAFE JANITORIAL,63,7,0.1111
EPERFORMANCE,34,8,0.2353
ERNST YOUNG,320,123,0.3844
ESBE SCIENTIFIC INDUSTRIES,62,6,0.0968
ESRI,648,25,0.0386
ETHIOPIAN AIRLINES GROUP,8,1,0.125
EUROVIA QUEBEC CONSTRUCTION,5,2,0.4
EVALUATION PERSONNEL SELECTION,117,23,0.1966
EVEREST CONSTRUCTION MANAGEMENT,4,3,0.75
EVOLVECOMP CONSTRUCTION,9,1,0.1111
EVRIPOS JANITORIAL SERVICES,14,7,0.5
EXACT LEGAL TRANSLATIONS,23,5,0.2174
EXCAVATION LOISELLE,5,2,0.4
EXCAVATION RENE ST PIERRE ENG,2,1,0.5
EXCEL 7,3,1,0.3333
EXCEL HUMAN RESOURCES,1626,674,0.4145
EXP SERVICES,127,34,0.2677
EXPRESS SCRIPTS CANADA,2,0,0
EXXONMOBIL,1028,2,0.0019
F M INSTALLATIONS,2,2,1
FACCA,6,2,0.3333
FACTIVA,63,8,0.127
FAIRBANKS MORSE ENGINE,278,40,0.1439
FARMER CONSTRUCTION,189,16,0.0847
FAST FORWARD FRENCH,515,84,0.1631
FAST TRACK STAFFING,195,21,0.1077
FCA CANADA,556,50,0.0899
FEAST INTERACTIVE,16,7,0.4375
FEDERAL EXPRESS CANADA,48,12,0.25
FEDERAL FLEET SERVICES,1,1,1
FELIX TECHNOLOGY,263,28,0.1065
FERENCE COMPANY CONSULTING,60,9,0.15
FFG,25,12,0.48
FIA GROUP,7,5,0.7143
FIDELITY ENGINEERING CONSTRUCTION,8,2,0.25
FINNING INTERNATIONAL,78,9,0.1154
FIRST AIR,28,3,0.1071
FIRST PEOPLES INFRA,2,2,1
FISH FOOD AND ALLIED WORKERS,15,5,0.3333
FISHER PAYKEL HEALTHCARE,3,2,0.6667
FLEETWAY,20,10,0.5
FLEX KNIT,123,2,0.0163
FLIGHT FUELS,150,2,0.0133
FLIGHTSAFETY CANADA,10,3,0.3
FLOYD S CONSTRUCTION,31,9,0.2903
FLUID ENERGY GROUP,3,1,0.3333
FLYNN CANADA,22,1,0.0455
FMC PROFESSIONALS,49,19,0.3878
FN HERSTAL,17,2,0.1176
FONDATION CARREFOUR NOUVEAU MONDE,2,2,1
FORD MOTOR COMPANY,1900,213,0.1121
FORREST GREEN CONSULTING,2,2,1
FORRESTER RESEARCH,79,9,0.1139
FORT GARRY FIRE TRUCK,13,2,0.1538
FOURNIER CONSTRUCTION INDUSTRIELLE,2,1,0.5
FOXIT SOFTWARE,9,0,0
FRANCIS CANADA TRUCK CENTRE,15,3,0.2
FRANNAN INTERNATIONAL,3,0,0
FRASER RIVER PILE DREDGE,5,5,1
FRECON CONSTRUCTION,17,7,0.4118
FREEBALANCE,118,13,0.1102
FREQUENTIS CANADA,18,7,0.3889
FRESENIUS KABI CANADA,6,3,0.5
FROSTI FISHING,4,0,0
FSC,9,1,0.1111
FTI PROFESSIONAL GRADE,1,0,0
FUGRO GEOSURVEYS,12,5,0.4167
FUJITSU,53,27,0.5094
FUNDY CONTRACTORS,30,3,0.1
FVB ENERGY,66,36,0.5455
G BIRD HOLDINGS,3,1,0.3333
G4S SECURITY SERVICES,43,19,0.4419
GAB INDUSPAC,236,3,0.0127
GABRIELA OLIVEIRA,1,0,0
GALENVS SCIENCES,4,0,0
GAMBLE TECHNOLOGIES,57,5,0.0877
GAP WIRELESS,110,1,0.0091
GARDA SECURITY GROUP,75,21,0.28
GARTNER,1192,78,0.0654
GAT INTL LOCALIZATION SERVICES,19,1,0.0526
GATESTONE,18,4,0.2222
GATEWAY MECHANICAL SERVICES,108,13,0.1204
GAUDETTE S TRANSIT MIX,12,8,0.6667
GC STRATEGIES,111,37,0.3333
GDI SERVICES,115,37,0.3217
GEMMA PROPERTY SERVICES,19,7,0.3684
GEMTEC,242,39,0.1612
GEN MEC ACL,1,1,1
GENERAL DYNAMICS,390,43,0.1103
GENERAL ELECTRIC CANADA,91,9,0.0989
GENERAL MOTORS,1091,89,0.0816
GENESIS INTEGRATION,408,26,0.0637
GENOME QUEBEC,266,14,0.0526
GENTEX INTERNATIONAL,15,0,0
GEORGE COUREY,12,2,0.1667
GEOSPECTRUM TECHNOLOGIES,15,2,0.1333
GESTION AJ,13,7,0.5385
GETINGE CANADA,38,6,0.1579
GFL ENVIRONMENTAL,112,20,0.1786
GHD,268,20,0.0746
GILMORE REPRODUCTIONS,85,13,0.1529
GINO PELLETIER FOREX MALI DIELY MOUSSA KOUYATE GID,1,0,0
GLASSHOUSE SYSTEMS,79,2,0.0253
GLAXOSMITHKLINE,26,6,0.2308
GLENCAIRN EDUCATIONAL SERVICES,5,2,0.4
GLOBAL KNOWLEDGE,289,18,0.0623
GLOBAL LIFE SCIENCES SOLUTIONS,63,7,0.1111
GLOBAL TOTAL OFFICE,121,3,0.0248
GLOBAL UPHOLSTERY,563,13,0.0231
GM DEVELOPPEMENT,4,0,0
GO DEEP INTERNATIONAL,128,6,0.0469
GOLDER ASSOCIATES,395,119,0.3013
GORDON BARR,8,6,0.75
GOSS GILROY,148,18,0.1216
GOVERNMENT OF THE NWT,2,1,0.5
GRAHAM CONSTRUCTION,11,5,0.4545
GRAND TOY,389,14,0.036
GRANITE MANAGEMENT,13,7,0.5385
GRAW RADIOSONDES,2,1,0.5
GRAYBRIDGE INTERNATIONAL CONSULTING,666,165,0.2477
GRC ARCHITECTS,15,11,0.7333
GREAT SLAVE HELICOPTERS,184,20,0.1087
GREATER TORONTO AIRPORT AUTHORITY,9,4,0.4444
GREEN TIMBERS PARTNERSHIP,2,1,0.5
GREENDALE RESOURCES,25,6,0.24
GREENFIELD CONSTRUCTION,15,10,0.6667
GREG VAN WYK PROFESSIONAL,10,4,0.4
GREY ROCK SERVICES,4,2,0.5
GRIFFIN ENGINEERED SYSTEMS,8,2,0.25
GROUPE ENERGIE BDL,44,4,0.0909
GROUPE GEYSER,3,0,0
GROUPE ONSCOPE,8,3,0.375
GROUPE ROBERT,2,1,0.5
GSI INTERNATIONAL CONSULTING,5,0,0
GUNTER LANGKOPF MASCHINENBAU,50,15,0.3
GW REALTY,7,5,0.7143
H H CONSTRUCTION,55,8,0.1455
H J R ASPHALT,1,1,1
HAMEL CONSTRUCTION,4,4,1
HARBOURSIDE ENGINEERING CONSULTANTS,83,19,0.2289
HARNOIS ENERGIES,644,16,0.0248
HARRIS TRANSPORT,133,19,0.1429
HASKONING UK,1,0,0
HATCH,23,3,0.1304
HAWBOLDT INDUSTRIES,36,9,0.25
HAWORTH,213,12,0.0563
HAZELWOOD CONSTRUCTION SERVICES,1,1,1
HEAVY METAL MARINE,26,10,0.3846
HEDDLE MARINE SERVICES,56,31,0.5536
HELITRADES,72,7,0.0972
HEMMERA ENVIROCHEM,35,7,0.2
HENSOLTD SENSORS,2,0,0
HERCULES SLR,28,3,0.1071
HERITAGE RESTORATION,6,4,0.6667
HERRING CONSERVATION AND RESEARCH SOCIETY,4,2,0.5
HEWLETT PACKARD,115,19,0.1652
HEXAGON,43,1,0.0233
HFI PYROTECHNICS,14,0,0
HIGHLANDS FUEL DELIVERY,127,15,0.1181
HIKE METAL PRODUCTS,5,2,0.4
HIPPERSON CONSTRUCTION,1,1,1
HITACHI DATA SYSTEMS,99,10,0.101
HITRAC,41,1,0.0244
HOLLAND COLLEGE,7,1,0.1429
HOLMAN FENWICK WILLAN,1,0,0
HONEYWELL,444,41,0.0923
HOOTSUITE,6,3,0.5
HORIZANT,66,9,0.1364
HORSESHOE HILL CONSTRUCTION,1,1,1
HOSKIN SCIENTIFIC,557,13,0.0233
HOULE ELECTRIC,70,16,0.2286
HOUSE OF HOPE,5,5,1
HUBSPOKE,24,11,0.4583
HUMAN LOGISTICS,9,2,0.2222
HUMANSYSTEMS,10,0,0
HYPERTEC,733,90,0.1228
I M P GROUP,7,3,0.4286
I4C INFORMATION TECHNOLOGY,47,21,0.4468
IBI GROUP ARCHITECTS CANADA,12,5,0.4167
IBISKA TELECOM,312,151,0.484
IBM CANADA,1026,210,0.2047
ICEBERG NETWORKS,28,7,0.25
ICU MEDICAL CANADA,1,1,1
IDP GROUP,6,2,0.3333
IDS SYSTEMS CONSULTANTS,26,8,0.3077
IFATHOM,45,9,0.2
IHS GLOBAL,79,9,0.1139
IIC TECHNOLOGIES,74,16,0.2162
ILLUMINA CANADA,718,24,0.0334
IMP GROUP,24,7,0.2917
IMPERIAL CLEANERS,77,19,0.2468
IMPERIAL OIL,1456,72,0.0495
IMTECH MARINE CANADA,66,8,0.1212
INDAL TECHNOLOGIES,38,2,0.0526
INDIVIOR UK,166,2,0.012
INDUSTRA CONSTRUCTION,87,28,0.3218
INDUSTRIES OCEAN,12,7,0.5833
INFO TECH RESEARCH GROUP,245,8,0.0327
INFOSYS,1,1,1
INKSMITH,1,1,1
INMARSAT SOLUTIONS,6,5,0.8333
INNOVASEA MARINE SYSTEMS CANADA,258,10,0.0388
INSA,226,25,0.1106
INSTITUT NATIONAL D OPTIQUE,12,4,0.3333
INSTRUX MEDIA,66,3,0.0455
INTEGRA NETWORKS,191,20,0.1047
INTEGRATED DISTRIBUTION SYSTEMS,29,5,0.1724
INTER MEDICO,36,7,0.1944
INTER OUTAOUAIS,17,1,0.0588
INTERACTIVE AUDIO VISUAL,199,13,0.0653
INTERCON MARINE,21,12,0.5714
INTERNATIONAL CUSTOM PRODUCTS ICP,1,0,0
INTERNATIONAL REPORTING,63,13,0.2063
INTERNATIONAL SAFETY RESEARCH,24,9,0.375
INTEROUTE CONSTRUCTION,5,4,0.8
INTERWORKS CONTRACTING,8,4,0.5
INUKSHUK CONSTRUCTION,2,2,1
INVENTA SALES AND PROMOTIONS,2,1,0.5
IPSOS,40,8,0.2
IPSS,298,36,0.1208
IRON MOUNTAIN,576,137,0.2378
IRONCLAD EARTHWORKS,10,4,0.4
IRVING OIL,1871,55,0.0294
IRVING SHIPBUILDING,18,7,0.3889
ISLAND CATERING,5,1,0.2
ISLAND WEST COAST DEVELOPMENTS,1,0,0
ISM INFORMATION SYSTEMS MANAGEMENT,1,0,0
ISOPLEX,1,1,1
IT NET CONSULTANTS,96,48,0.5
ITEX,902,94,0.1042
IWC EXCAVATION,5,3,0.6
J 1 CONTRACTING,2,2,1
J D G CONSTRUCTION MANAGEMENT,1,1,1
J E ENTERPRISES,21,6,0.2857
J J LEPERA INFRASTRUCTURES,1,1,1
J J TRAILERS MANUFACTURERS AND SALES,16,2,0.125
J L RICHARDS ASSOCIATES,119,38,0.3193
J M J HOLDINGS,5,5,1
J M LEDRESSAY ASSOCIATES,1,1,1
J N A LEBLANC ELECTRIQUE,1,1,1
J O THOMAS ASSOCIATES,22,7,0.3182
J P GRAVEL CONSTRUCTION,11,6,0.5455
J STERLING INDUSTRIES,1,1,1
J W LINDSAY ENTERPRISES,10,2,0.2
JANKEL TACTICAL SYSTEMS,38,4,0.1053
JASCO APPLIED SCIENCES CANADA,71,12,0.169
JASTRAM ENGINEERING,11,2,0.1818
JEMTEC,3,1,0.3333
JHT DEFENSE,390,19,0.0487
JIM PATTISON INDUSTRIES,195,23,0.1179
JJM CONSTRUCTION,4,3,0.75
JOHN HOWARD SOCIETY,136,76,0.5588
JOHN WILEY SONS,40,10,0.25
JOHNSON CONTROLS CANADA,60,11,0.1833
JOHNSON S CONSTRUCTION,7,7,1
JONELJIM CONCRETE CONSTRUCTION,31,11,0.3548
JONES LANG LASALLE,25,11,0.44
JOSEPH ELIE,130,6,0.0462
JOSEPH RIBKOFF,1,1,1
JOWA FAHRZEUGTEILE VERTRIEBS,13,3,0.2308
JP2G CONSULTANTS,91,30,0.3297
JSK NAVAL SUPPORT,71,2,0.0282
JUMEC CONSTRUCTION,14,5,0.3571
K C E CONSTRUCTION,5,1,0.2
K RITE CONSTRUCTION,5,1,0.2
KANIYASIHK CULTURE CAMPS,8,0,0
KANTER MARINE,10,8,0.8
KASIAN ARCHITECTURE INTERIOR DESIGN,32,18,0.5625
KAYWAY INDUSTRIES,105,4,0.0381
KENN BOREK AIR,75,19,0.2533
KETZA PACIFIC CONSTRUCTION,9,7,0.7778
KEYDATA ASSOCIATES,19,4,0.2105
KEYSIGHT TECHNOLOGIES CANADA,105,6,0.0571
KEYSTONE ENVIRONMENTAL,42,8,0.1905
KEYSTONE SUPPLIES INTERNATIONAL,65,10,0.1538
KF AEROSPACE,41,13,0.3171
KFN ENTERPRISES PARTNERSHIP,1,1,1
KIA CANADA,81,15,0.1852
KINETIC CONSTRUCTION,21,10,0.4762
KING HOE EXCAVATING,3,2,0.6667
KINGHAVEN PEARDONVILLE HOUSE SOCIETY,2,2,1
KMS INDUSTRIES,14,4,0.2857
KNAPPETT INDUSTRIES,11,3,0.2727
KODIAK GROUP HOLDINGS,3,1,0.3333
KONE,70,16,0.2286
KONGSBERG,111,12,0.1081
KONICA MINOLTA BUSINESS SOLUTIONS,478,101,0.2113
KONTZAMANIS GRAUMANN SMITH,38,21,0.5526
KPMG,282,70,0.2482
KRAUSS MAFFEI WEGMANN,27,9,0.3333
KUBOTA CANADA,50,4,0.08
KUDLIK CONSTRUCTION,10,5,0.5
KWC ARCHITECTS,40,13,0.325
KYNDRYL CANADA,38,5,0.1316
L A HEBERT,4,4,1
L AGENCE,4,4,1
L BREAU AND SONS,19,5,0.2632
L D WATSON E S MACEWEN ALLAN,11,7,0.6364
L P ROYER,7,3,0.4286
L W DENNIS CONTRACTING,3,2,0.6667
L3HARRIS,268,34,0.1269
LABORATOIRES OMEGA,3,1,0.3333
LANDCO CONSTRUCTION,11,4,0.3636
LANDFORM CIVIL INFRASTRUCTURES,2,2,1
LANGUAGE RESEARCH DEVELOPMENT GROUP,219,52,0.2374
LANNICK CONTRACT SOLUTIONS,47,28,0.5957
LANSDOWNE TECHNOLOGIES,97,15,0.1546
LAPORTE EXPERTS CONSEILS,2,2,1
LARCH HALF WAY HOUSE OF SUDBURY,5,4,0.8
LARRY PENNER ENTERPRISES,131,3,0.0229
LAURENTIAN TECHNOLOGIES,64,11,0.1719
LAVAL FORTIN,3,1,0.3333
LAZY H TRAIL COMPANY,3,2,0.6667
LE GROUPE DRUMCO CONSTRUCTION,1,1,1
LEAR CONSTRUCTION,1,1,1
LEC ENGINEERING CONTRACTING,1,1,1
LEDCOR CONSTRUCTION,1,1,1
LEEWAY YACHTS,5,0,0
LEMAY,9,4,0.4444
LENGKEEK VESSEL ENGINEERING,57,9,0.1579
LEO PISCES SERVICES GROUP,44,16,0.3636
LEONARDO,37,7,0.1892
LES CONSTRUCTIONS BELAND,3,2,0.6667
LES CONSTRUCTIONS BINET,5,4,0.8
LES CONSTRUCTIONS DES ILES,8,4,0.5
LES ENTREPRISES FERVEL,11,9,0.8182
LES ENTREPRISES MICHAUDVILLE,1,1,1
LES ENTREPRISES P E C,23,11,0.4783
LES EQUIPEMENTS CLAUDE PEDNEAULT,11,3,0.2727
LES HUILES DESROCHES,318,15,0.0472
LES INSTALLATIONS ELECTRIQUES,8,1,0.125
LES TRADUCTEURS REUNIS,57,4,0.0702
LES TRADUCTIONS TESSIER,105,21,0.2
LES TRAITEURS BYTOWN CATERING,5,1,0.2
LESAGE DAVID DR,8,5,0.625
LESLIE BENN CONTRACTING,7,5,0.7143
LEVAERO AVIATION,225,9,0.04
LEVITT SAFETY,111,11,0.0991
LEXISNEXIS CANADA,96,15,0.1562
LIEBHERR CANADA,13,0,0
LIFE TECHNOLOGIES,479,31,0.0647
LIFELABS,9,3,0.3333
LIFESPEAK,4,4,1
LIFTKING MANUFACTURING,19,2,0.1053
LIKE 10,21,7,0.3333
LINOVATI,51,22,0.4314
LIONBRIDGE,483,124,0.2567
LLOYD LIBKE LAW ENFORCEMENT SALES,6,3,0.5
LLOYD S REGISTER CANADA,31,7,0.2258
LOCATION DE MOTONEIGES HAUTE MATAWINIE,6,0,0
LOCKHEED MARTIN,48,11,0.2292
LOGISTIK UNICORP,181,15,0.0829
LOUIS W BRAY CONSTRUCTION,10,8,0.8
LOWE MARTIN COMPANY,111,17,0.1532
LRO STAFFING,38,15,0.3947
LS TELCOM,3,2,0.6667
LUMINA IT,348,143,0.4109
LUMINULTRA TECHNOLOGIES,3,2,0.6667
LUXTON CONSTRUCTION,23,11,0.4783
LYNLEY CONTRACTING SERVICES,48,7,0.1458
M D CHARLTON,269,8,0.0297
M D STEELE CONSTRUCTION,1,1,1
M R ENGINEERING,13,5,0.3846
M SULLIVAN SON,6,2,0.3333
MACDONALD DETTWILER AND ASSOCIATES,593,60,0.1012
MACEWEN PETROLEUM,290,14,0.0483
MACK TRUCKS,7,1,0.1429
MACKINNON AND OLDING,300,13,0.0433
MACONNERIE DYNAMIQUE,11,6,0.5455
MACONNERIE RAINVILLE ET FRERES,7,5,0.7143
MADSEN DIESEL TURBINE,256,18,0.0703
MAGAL S3 CANADA,6,4,0.6667
MAGELLAN AEROSPACE,19,4,0.2105
MAISON CHARLEMAGNE,4,2,0.5
MAISON CROSS ROADS DE LA SOCIETE,4,4,1
MAISON DECISION HOUSE,4,2,0.5
MAISON JEUN AIDE,3,2,0.6667
MAISON JOINS TOI,3,2,0.6667
MAISON PAINCHAUD,2,2,1
MAKWA RESOURCING,90,31,0.3444
MAN ENERGY SOLUTIONS CANADA,4,1,0.25
MANIFEST COMMUNICATIONS,6,3,0.5
MANITEX LIFTKING,8,1,0.125
MANITOBA HYDRO,50,0,0
MANPOWER SERVICES CANADA,25,12,0.48
MANULIFE,10,0,0
MAPLE REINDERS CONSTRUCTORS,6,4,0.6667
MAPLESOFT CONSULTING,379,250,0.6596
MARINE CONTRACTORS,11,7,0.6364
MARINE RECYCLING,18,7,0.3889
MARINENAV,83,23,0.2771
MARITIME FENCE,28,4,0.1429
MARITIME FUELS,325,17,0.0523
MARKLAND PAVING,1,0,0
MARRBECK CONSTRUCTION,1,1,1
MARTEC,26,5,0.1923
MARTECH ELECTRICAL SYSTEMS,4,3,0.75
MASKIMO CONSTRUCTION,7,3,0.4286
MASONTECH,4,3,0.75
MATCON ENVIRONMENTAL,20,5,0.25
MAVERIN,21,9,0.4286
MAXIM 2000,7,5,0.7143
MAXIMUS CANADA,4,1,0.25
MAXSYS STAFFING AND CONSULTING,239,84,0.3515
MCAFEE INTERNATIONAL,3,1,0.3333
MCCARTHY TETRAULT,7,0,0
MCCOLMAN SONS DEMOLITION,7,3,0.4286
MCELHANNEY ASSOCIATES,145,37,0.2552
MCGILL UNIVERSITY,101,13,0.1287
MCGREGOR GEOSCIENCE,3,2,0.6667
MCKESSON CANADA,3516,25,0.0071
MCKINSEY AND COMPANY,18,5,0.2778
MCKNIGHT ENTERPRISES,10,3,0.3
MCNALLY CONSTRUCTION,14,6,0.4286
MCW CUSTOM ENERGY SOLUTIONS,23,7,0.3043
MDOS CONSULTING,62,23,0.371
MEAL KIT SUPPLY CANADA,9,1,0.1111
MED ENG HOLDINGS,41,3,0.0732
MEDAVIE,5,4,0.8
MEDIA Q,114,29,0.2544
MEDTRONIC CANADA,7,1,0.1429
MEEWASINOTA CRF,3,3,1
MEGA TECH,287,6,0.0209
MEGALEXIS COMMUNICATIONS,98,35,0.3571
MEGGITT,16,3,0.1875
MERCEDES BENZ CANADA,100,0,0
MERCK FROSST,75,3,0.04
MERCURY MARINE,114,6,0.0526
MERIDIAN MEDICAL TECHNOLOGIES,9,3,0.3333
MESSA COMPUTING,47,25,0.5319
METALCRAFT MARINE,5,1,0.2
METOCEAN TELEMATICS,33,12,0.3636
METRO LOGISTICS,1,1,1
METRO PAVING AND ROAD BUILDING,12,9,0.75
METRO SUPPLY CHAIN,1,0,0
MGIS,69,30,0.4348
MICHAEL WAGER CONSULTING,69,37,0.5362
MICHANIE CONSTRUCTION,34,9,0.2647
MICHEL BASTARACHE SOCIETE PROFESSIONNELLE,3,0,0
MICHELIN,41,2,0.0488
MICRONOSTYX,7,3,0.4286
MICROSOFT CANADA,1104,168,0.1522
MID CANADA MOD CENTER,115,18,0.1565
MID VALLEY CONSTRUCTION,41,2,0.0488
MIKE KELLY SONS,2,2,1
MILESTONE ENVIRONMENTAL,19,9,0.4737
MILLBROOK TACTICAL,113,7,0.0619
MILLER PAVING,6,1,0.1667
MINDWIRE SYSTEMS,615,376,0.6114
MINISTRY OF FINANCE,36,2,0.0556
MISHKUMI TECHNOLOGIES,207,27,0.1304
MITSUBISHI MOTOR SALES,202,40,0.198
MLS OVERSEAS,463,154,0.3326
MNP,255,36,0.1412
MOBILE RESOURCE GROUP,60,6,0.1
MOBILE VALVE,55,0,0
MOBILITY LAB,33,1,0.0303
MODERN CONSTRUCTION,5,2,0.4
MODIS CANADA,583,380,0.6518
MOERAE SOLUTIONS,17,13,0.7647
MOMENTUM SOLUTIONS,43,9,0.2093
MONERIS,2,2,1
MOORE CANADA,67,16,0.2388
MORGAN ADVANCED MATERIALS COMPOSITES AND DEFENCE SYSTEMS,1,0,0
MORIYAMA TESHIMA ARCHITECTS,3,2,0.6667
MORNEAU SHEPELL,36,16,0.4444
MORPHO CANADA,68,4,0.0588
MORRISON HERSHFIELD,96,23,0.2396
MOSS DEVELOPMENT,4,3,0.75
MOTOR COACH INDUSTRIES,3,1,0.3333
MOTOROLA SOLUTIONS CANADA,939,57,0.0607
MTC LAW,1,1,1
MTM 2 CONTRACTING,6,4,0.6667
MTS ALLSTREAM,212,95,0.4481
MUFACTOR,1,1,1
MULTINATIONAL LOGISTIC SERVICES,76,11,0.1447
MUNICIPAL READY MIX,14,6,0.4286
MURRAYS WINDERMERE GARDENS,4,2,0.5
MUSTANG HELICOPTERS,40,9,0.225
MUSTANG SURVIVAL,101,7,0.0693
MWCO,7,3,0.4286
N P A,6,1,0.1667
N12 CONSULTING,17,8,0.4706
"NADINE INTERNATIONAL",34,15,0.4412
"NAHANNI CONSTRUCTION",4,3,0.75
"NANOMETRICS",21,1,0.0476
"NAPPAQ DESIGN CONSTRUCTION",2,1,0.5
"NASITTUQ",4,1,0.25
"NATCO PHARMA CANADA",5,0,0
"NATIONAL ARTS CENTRE",19,1,0.0526
"NATIONAL STRUCTURES",3,3,1
"NATIONAL TEST PILOT SCHOOL",4,2,0.5
"NATIONS TRANSLATION GROUP",380,88,0.2316
"NATIVE CLAN ORGANIZATION",3,3,1
"NATO SEASPARROW SURFACE MISSILE SYSTEM PROJECT",14,6,0.4286
"NATTIQ",101,27,0.2673
"NAUT MAWT TRIBAL COUNCIL",9,1,0.1111
"NAV CANADA",42,9,0.2143
"NAVAMAR",13,4,0.3077
"NAVPOINT CONSULTING GROUP",29,13,0.4483
"NAVTECH",13,3,0.2308
NDL CONSTRUCTION,2,2,1
NELSON ENVIRONMENTAL REMEDIATION,8,6,0.75
NEPTEC DESIGN GROUP,13,3,0.2308
NEPTUNE SECURITY SERVICES,24,7,0.2917
NEUROSCOPE,3,1,0.3333
NEWDOCK ST JOHN S DOCKYARD,37,31,0.8378
NEWFOUND RECRUITING,97,47,0.4845
NEXTER SYSTEMS,2,1,0.5
NFOE,9,6,0.6667
NICHE TECHNOLOGY,2,1,0.5
NIMBLE INFORMATION STRATEGIES,61,10,0.1639
NISHA TECHONOLOGIES,2020,323,0.1599
NISSAN CANADA,186,14,0.0753
NITAM SOLUTIONS,219,9,0.0411
NITRO CONSTRUCTION,5,5,1
NOKIA CANADA,15,1,0.0667
NOLINOR AVIATION,46,0,0
NORDLYS ENVIRONMENTAL PARTNERSHIP,3,0,0
NORDMEC CONSTRUCTION,2,2,1
NORR,59,25,0.4237
NORTAC DEFENCE,3,3,1
NORTH AMERICA CONSTRUCTION,1,1,1
NORTH ATLANTIC PETROLEUM,174,3,0.0172
NORTH BAY HYDRO,31,1,0.0323
NORTH CARIBOO AIR,87,24,0.2759
NORTH COUNTRY MAINTENANCE,2,1,0.5
NORTHEAST TREE TRIMMING,2,2,1
NORTHERN CONSTRUCTION,22,6,0.2727
NORTHERN CONTRACTING,1,1,1
NORTHERN MICRO,2770,358,0.1292
NORTHFIELD METAL PRODUCTS,112,2,0.0179
NORTHROP GRUMMAN,12,4,0.3333
NORTHWEST MARINE TECHNOLOGY,17,1,0.0588
NORTHWESTEL,25,9,0.36
NORTRAX CANADA,48,5,0.1042
NOTRA,26,5,0.1923
NOVA CONSTRUCTION,2,2,1
NOVA NETWORKS,208,17,0.0817
NOVA SCOTIA POWER,52,9,0.1731
NRNS,14,11,0.7857
NU VIEW HOMES,2,1,0.5
NUA OFFICE,112,11,0.0982
NUCTECH COMPANY,4,2,0.5
NUIX NORTH AMERICA,39,4,0.1026
NUMBER TEN ARCHITECTURAL GROUP,83,23,0.2771
NUNA EAST,3,2,0.6667
OEI KRUEGER,476,25,0.0525
OGILVY MONTREAL,10,4,0.4
OKANAGAN AGGREGATES,24,16,0.6667
OKANAGAN HALFWAY HOUSE SOCIETY CRF,5,4,0.8
OLIN,14,6,0.4286
OMNITECH ELECTRONICS,18,0,0
ONIX NETWORKING CANADA,5,2,0.4
ONLINE CONSTRUCTORS,30,13,0.4333
ONTARIO DENTAL ASSOCIATION,228,64,0.2807
ONX ENTERPRISE SOLUTIONS,297,22,0.0741
OPENFRAME TECHNOLOGIES,45,23,0.5111
OPENTEXT,329,63,0.1915
OPROMA,44,13,0.2955
OPSIS,70,6,0.0857
OPTIMUM SOLUTIONS,141,0,0
OPTIV CANADA FEDERAL,107,6,0.0561
ORACLE CANADA,501,30,0.0599
ORANGUTECH,185,44,0.2378
OSI,1,0,0
OSKAR CONSTRUCTION,22,7,0.3182
OTIS ELEVATOR,81,16,0.1975
OTTAWA GREENBELT CONSTRUCTION,5,2,0.4
OTTAWA MARRIOTT HOTELS INNVEST HOTELS GP,130,15,0.1154
OXFORD ECONOMICS USA,17,2,0.1176
P B ENTREPRISES,7,1,0.1429
P K WELDING FABRICATORS,2,1,0.5
PACIFIC INDUSTRIAL MARINE,44,21,0.4773
PACIFIC SAFETY PRODUCTS,101,14,0.1386
PACWILL ENVIRONMENTAL,22,4,0.1818
PAL AEROSPACE,84,14,0.1667
PALADIN GROUP,371,33,0.0889
PALFINGER MARINE,73,9,0.1233
PANASONIC,224,9,0.0402
PARKER JOHNSTON INDUSTRIES,4,0,0
PARKLAND INDUSTRIES,269,9,0.0335
PARKLAND REFINING,359,10,0.0279
PARSONS CANADA,56,26,0.4643
PATLON AIRCRAFT INDUSTRIES,87,10,0.1149
PATTISON SIGN GROUP,141,16,0.1135
PAVEX,1,1,1
PCL CONSTRUCTORS,81,40,0.4938
PEERLESS GARMENTS,30,6,0.2
PENN CONSTRUCTION CANADA,3,3,1
PENNANT CANADA,4,2,0.5
PENNECON,90,15,0.1667
PEPCO,222,14,0.0631
PEPIN FORTIN CONSTRUCTION,1,1,1
PERCEPTICS,4,3,0.75
PERSISTENT SYSTEMS,22,1,0.0455
PETER J KINDREE ARCHITECT,15,12,0.8
PETER KIEWIT SONS,3,1,0.3333
PETERS CONSTRUCTION,17,4,0.2353
PETRO AIR SERVICES,37,1,0.027
PETROVALUE PRODUCTS,176,8,0.0455
PHASELOCK SYSTEMS INTERNATIONAL,262,2,0.0076
PHOENIX DRUG ALCOHOL RECOVERY,5,3,0.6
PIDHERNEY S,3,2,0.6667
PIONEER CONSTRUCTION,2,1,0.5
PITNEY BOWES,212,28,0.1321
PLEIAD CANADA,112,23,0.2054
PMB ELECTRICAL SERVICES,30,24,0.8
PMG TECHNOLOGIES,122,33,0.2705
PODOLINSKY EQUIPMENT,105,5,0.0476
POINT HOPE MARITIME,8,5,0.625
POLARIS INDUSTRIES,253,14,0.0553
POMERLEAU,32,16,0.5
PORT OF SPAIN HOLDINGS,17,7,0.4118
PORTAGE PERSONNEL,70,39,0.5571
POSTMEDIA NETWORK,37,5,0.1351
PR3 MEDIAS,5,2,0.4
PRA,108,16,0.1481
PRAGMATIC CONFERENCING,3,1,0.3333
PRECISION ADM,1,0,0
PRECISIONIT,87,53,0.6092
PRICEWATERHOUSE COOPERS,801,381,0.4757
PRIMED MEDICAL PRODUCTS,3,0,0
PRIMEX PROJECT MANAGEMENT,36,6,0.1667
PRINCE GEORGE ACTIVATOR,6,1,0.1667
PRINTERS PLUS,388,28,0.0722
PROCOM CONSULTANTS,204,134,0.6569
PROLINE ADVANTAGE,1,1,1
PROLOGIC SYSTEMS,85,31,0.3647
PROMAXIS,223,113,0.5067
PRONEX EXCAVATION,2,2,1
PROOF EXPERIENCES,13,7,0.5385
PROQUEST,143,10,0.0699
PROSCI CANADA,287,10,0.0348
PROTAK CONSULTING GROUP,191,70,0.3665
PROVENCHER ROY ASSOCIES,19,12,0.6316
PURELOGIC,364,20,0.0549
PURESPIRIT SOLUTIONS,375,35,0.0933
PYLON ELECTRONICS,6,2,0.3333
QATAR AIRWAYS,6,5,0.8333
QIAGEN,85,3,0.0353
QINETIQ,30,5,0.1667
QM ENVIRONMENTAL,34,13,0.3824
QMR,875,182,0.208
QUAD PRO CONSTRUCTION,3,1,0.3333
QUANTUM MANAGEMENT SERVICES,178,57,0.3202
QUARTZ NATURE,1,1,1
QUEEN S UNIVERSITY,96,8,0.0833
QUINAN CONSTRUCTION,14,10,0.7143
QUINTET CONSULTING,183,53,0.2896
QUOREX CONSTRUCTION SERVICES,9,8,0.8889
QUORUM,3,2,0.6667
R C M MODULAIRE,2,1,0.5
R E GILMORE INVESTMENTS,61,15,0.2459
R J MACISAAC CONSTRUCTION,4,1,0.25
R LAMBA FORENSIC PSYCH SERVICE,2,1,0.5
R R INTERNATIONAL TRANSLATION,201,40,0.199
R W TOMLINSON,8,6,0.75
R2I,9,0,0
RACEROCKS 3D,4,2,0.5
RACING FORENSICS,2,1,0.5
RADIATION SOLUTIONS,33,4,0.1212
RAMPART INTERNATIONAL,245,8,0.0327
RANDSTAD,697,454,0.6514
RAPISCAN SYSTEMS,11,4,0.3636
RATIO ARCHITECTURE INTERIOR DESIGN,20,13,0.65
RAYMOND CHABOT GRANT THORNTON,400,97,0.2425
RAYTHEON,25,8,0.32
REACTOR ENGINEERING GROUP,1,0,0
REDACTED,7,2,0.2857
REFORMAR,7,2,0.2857
REGENT CONSTRUCTION,9,3,0.3333
RENK,1,0,0
REPARATIONS NAVALES ET INDUSTRIELLES OCEAN,144,46,0.3194
REPUBLIC ARCHITECTURE,161,53,0.3292
RESIDENCE CARPEDIEM,5,4,0.8
RESOLVE SALVAGE FIRE AMERICAS,1,0,0
REVISION MILITARY,11,2,0.1818
RGB MEDIA,61,9,0.1475
RGT CLOUTHIER CONSTRUCTION,20,9,0.45
RHEA,95,13,0.1368
RHEINMETALL,83,22,0.2651
RICOH,1397,277,0.1983
RIGGS ENGINEERING,30,9,0.3
RIGHTWAY SANITATION SERVICES,176,2,0.0114
RIKJAK CONSTRUCTION,14,0,0
RISK SCIENCES INTERNATIONAL,107,18,0.1682
RJG CONSTRUCTION,44,26,0.5909
ROBERTSON GEOCONSULTANTS,6,2,0.3333
ROBERTSON MARTIN ARCHITECTS,31,11,0.3548
ROCHE DIAGNOSTICS,67,9,0.1343
ROCKWELL COLLINS CANADA,15,2,0.1333
ROGERS,107,29,0.271
ROHDE SCHWARZ CANADA,53,3,0.0566
ROLLING TIDES CONSTRUCTION,12,3,0.25
RONDAR,28,3,0.1071
ROOF TILE MANAGEMENT,1,1,1
ROSBOROUGH BOATS,29,11,0.3793
ROSCOE CONSTRUCTION,26,5,0.1923
ROSS AND ANGLIN,4,2,0.5
ROUDEL MEDICAL AND SURGICAL,2,2,1
ROXBORO EXCAVATION,3,3,1
RUSH TRUCK CENTRES OF CANADA,10,0,0
RUSSEL METALS,249,7,0.0281
RUSSELL CHERNOFF RAND THOMPSON,27,12,0.4444
RYCOM,14,9,0.6429
S P GLOBAL MARKET INTELLIGENCE,38,11,0.2895
S W WEEKS CONSTRUCTION,1,1,1
SAAB,39,6,0.1538
SABA SOFTWARE,6,5,0.8333
SALESFORCE CANADA,84,7,0.0833
SALVATION ARMY,59,36,0.6102
SAMSON AND ASSOCIATES,48,6,0.125
SAMSON ASSOCIES,488,108,0.2213
SANEXEN SERVICES ENVIRONMENTAUX,37,11,0.2973
SANI SABLE LB,14,11,0.7857
SANTE MONTFORT,1,1,1
SAP,227,44,0.1938
SAPPER LABS CYBER SOLUTIONS,1,1,1
SAS INSTITUTE,226,14,0.0619
SASKTEL,19,9,0.4737
SCA SHIPPING CONSULTANTS ASSOCIATED,380,68,0.1789
SCANSA CONSTRUCTION,6,5,0.8333
SCHOELER HEATON ARCHITECTS,30,14,0.4667
SDL INTERNATIONAL CANADA,41,4,0.0976
SEACOAST MARINE ELECTRONICS,34,7,0.2059
SEAGATE CONSTRUCTION,13,12,0.9231
SEASPAN VICTORIA SHIPYARDS,15,2,0.1333
SEAWATCH,6,4,0.6667
SEAWAVES DEVELOPMENT SERVICES,2,2,1
SECURE ENERGY ONSITE SERVICES,2,1,0.5
SECUREKEY TECHNOLOGIES,8,2,0.25
SECURIGUARD SERVICES,1,1,1
SED SYSTEMS,2,1,0.5
SEEGENE CANADA,3,1,0.3333
SELECT GLOBAL INTERNATIONAL,5,1,0.2
SELEX,2,0,0
SEPW ARCHITECTURE,30,10,0.3333
SEQIRUS CANADA,2,2,1
SERCO,10,3,0.3
SERVICE STAR BUILDING CLEANING,24,15,0.625
SERVICES D AIDE EN PREVENTION DE LA CRIMINALITE,4,2,0.5
SETANTA CONTRACTING,138,22,0.1594
SEYEM,1,1,1
SGS AXYS ANALYTICAL SERVICES,94,4,0.0426
SHARP ELECTRONICS,497,109,0.2193
SHAW CABLE,5,3,0.6
SHELL CANADA PRODUCTS,1822,45,0.0247
SHELTER NOVA SCOTIA,3,3,1
SHI CANADA,189,7,0.037
SHM CANADA CONSULTING,92,19,0.2065
SHRMA ARCHITECTS IN JOINT VENTURE,2,1,0.5
SI SYSTEMS,1093,720,0.6587
SIEMENS,387,52,0.1344
SIERRA SYSTEMS GROUP,117,22,0.188
SIGNATURE SUR LE SAINT LAURENT,1,1,1
SIKORSKY AIRCRAFT,1,1,1
SILLIKER,73,7,0.0959
SIMEX DEFENCE,962,38,0.0395
SIMO MANAGEMENT,42,4,0.0952
SIMPLEX GRINNELL,143,30,0.2098
SITE ENERGY SERVICES,1,0,0
SKILLSOFT CANADA,27,1,0.037
SKY CANOE,1,1,1
SLR CONSULTING CANADA,146,60,0.411
SMITHS DETECTION,137,29,0.2117
SMITHS MEDICAL CANADA,1,0,0
SNC LAVALIN,599,203,0.3389
SOCIETE ELIZABETH FRY DU QUEBEC,3,3,1
SOCIETE EMMANUEL GREGOIRE,10,8,0.8
SOFTCHOICE,1189,82,0.069
SOFTSIM TECHNOLOGIES,72,38,0.5278
SOLOTECH,220,22,0.1
SOLUDOC,32,13,0.4062
SOMOS,46,20,0.4348
SONOBUOY TECH SYSTEMS,1,0,0
SOUCY INTERNATIONAL,8,0,0
SOUTHWEST RESEARCH INSTITUTE,15,2,0.1333
SPARTAN BIOSCIENCE,1,1,1
SPERRA CONSTRUCTION,8,6,0.75
SPRINGER VERLAG,14,1,0.0714
SPRINGHILL CONSTRUCTION,1,1,1
SQUAMISH INDIAN BAND,3,0,0
SRA STAFFING SOLUTIONS,34,15,0.4412
ST AIRBORNE SYSTEMS,13,3,0.2308
ST DENIS THOMPSON,7,3,0.4286
ST GELAIS MONTMINY ASSOCIES,24,9,0.375
ST JOHN AMBULANCE,19,3,0.1579
ST JOSEPH PRINT GROUP,146,18,0.1233
ST LEONARD S COMMUNITY SERVICES,6,5,0.8333
ST LEONARD S SOCIETY HAMILTON,10,7,0.7
ST LEONARDS HOUSE WINDSOR,7,3,0.4286
ST LEONARDS PLACE PEEL,7,5,0.7143
ST OPS TACTICAL TRAINING CANADA,41,5,0.122
STANFIELDS,1,1,1
STANLEY CONSTRUCTION,8,5,0.625
STANTEC,1824,441,0.2418
STEPPED CARE SOLUTIONS,1,1,1
STERIS CANADA,100,15,0.15
STERLING FUELS,291,10,0.0344
STIFF SENTENCES,37,5,0.1351
STONEWORKS TECHNOLOGIES,557,37,0.0664
STOPS TACTICAL TRAINING,2,0,0
STRATOS,187,29,0.1551
STRONG BROS GENERAL CONTRACTING,28,10,0.3571
STRYKER CANADA,24,0,0
SUBARU CANADA,190,12,0.0632
SUMMIT CANADA DISTRIBUTORS,107,7,0.0654
SUN LIFE ASSURANCE COMPANY,19,4,0.2105
SUNCOR ENERGY,601,24,0.0399
SUPER CHANNEL INTERNATIONAL,67,7,0.1045
SUPERMAX HEALTHCARE CANADA,2,1,0.5
SUPREMEX,137,15,0.1095
SUSE SOFTWARE SOLUTIONS CANADA,8,1,0.125
SUTHERLAND EXCAVATING,336,31,0.0923
SWITCH HEALTH,7,4,0.5714
SYM COMMUNICATIONS,41,15,0.3659
SYMCOR,1,1,1
SYNERSOLUTIONS TECHNOLOGIES,17,2,0.1176
SYSTEMATIX SOLUTIONS,148,101,0.6824
SYSTEMS FOR RESEARCH,14,1,0.0714
SYSTEMSCOPE,153,49,0.3203
TACS,32,5,0.1562
TAG HR,113,37,0.3274
TAI,9,0,0
TALIGENT CONSULTING,81,23,0.284
TANGLE RIDGE CUSTOM CRUSHING,9,1,0.1111
TANKATEK,50,13,0.26
TAURUS CONTRACTORS,27,12,0.4444
TDI INTERNATIONAL,4,4,1
TEAM CERTAS,1,0,0
TECHNE SEATING COMPONENT,87,3,0.0345
TECHNO FEU,22,3,0.1364
TECHNOREM,30,16,0.5333
TECSIS,17,3,0.1765
TEKNION,1553,84,0.0541
TEKSYSTEMS CANADA,424,216,0.5094
TELECOM COMPUTER SERVICES,547,64,0.117
TELECOMMUNICATION SUPPORT SERVICES,5,1,0.2
TELEDYNE,74,9,0.1216
TELEPHONICS,7,2,0.2857
TELESAT,55,24,0.4364
TELUS CANADA,730,75,0.1027
TENAQUIP,263,9,0.0342
TERAMACH TECHNOLOGIES,818,69,0.0844
TERLIN CONSTRUCTION,6,3,0.5
TERVITA,45,13,0.2889
TES CONTRACT SERVICES,118,94,0.7966
TESTFORCE SYSTEMS,345,10,0.029
TETRA TECH,200,66,0.33
THALES,131,18,0.1374
THE AIM GROUP,522,212,0.4061
THE BOEING COMPANY,3,2,0.6667
THE CALGARY AIRPORT AUTHORITY,2,1,0.5
THE CANADA LIFE ASSURANCE COMPANY,8,1,0.125
THE HALIFAX COMPUTER CONSULTING GROUP,18,11,0.6111
THE HALIFAX GROUP,23,10,0.4348
THE IT BROKER,42,3,0.0714
THE KTL GROUP,35,17,0.4857
THE MASHA KRUPP TRANSLATION GROUP,200,39,0.195
THE MATHWORKS,210,14,0.0667
THE RIGHT DOOR CONSULTING,271,83,0.3063
THE STEVENS COMPANY,34,2,0.0588
THE VCAN GROUP,41,18,0.439
THERMO FISHER SCIENTIFIC,1511,50,0.0331
THG THE HISTORY GROUP,100,17,0.17
THINKON,7,3,0.4286
THOMAS SCHMIDT,42,18,0.4286
THOMSON REUTERS,163,18,0.1104
THORNHILL MEDICAL,2,0,0
THRIVE HEALTH,2,2,1
THYSSENKRUPP ELEVATOR,117,20,0.1709
TIREE,181,94,0.5193
TISSEUR,9,9,1
TITAN AEX,2,2,1
TITAN BOATS,28,9,0.3214
TITANIUM CONSTRUCTION,8,6,0.75
TOFCON CONSTRUCTION,2,2,1
TOP ACES,366,33,0.0902
TOROMONT,477,73,0.153
TORONTO BAIL PROGRAM,2,1,0.5
TORONTO INDUSTRIES,1,0,0
TORONTO STAMP,1,1,1
TOSHIBA CANADA,110,25,0.2273
TOTEM OFFISOURCE,373,24,0.0643
TOURE CLEANING SERVICES,36,13,0.3611
TOYOTA,590,50,0.0847
TPG TECHNOLOGY CONSULTANTS,430,312,0.7256
TRACK24 CANADA,2,2,1
TRADUCTIONS PIERRE CLOUTIER,4,1,0.25
TRADUCTIONS SCRIPTIS,12,3,0.25
TRAINOR MECHANICAL CONTRACTORS,23,8,0.3478
TRANSCONTINENTAL PRINTING,2,1,0.5
TRANSPOLAR TECHNOLOGY,89,13,0.1461
TRANSTEC,3,0,0
TRANSWEST AIR,33,5,0.1515
TRAUGOTT BUILDING CONTRACTORS,2,2,1
TRAYTOWN BUILDERS,12,6,0.5
TRIDENT CONSTRUCTION,3,3,1
TRIPLEWELL CANADA,1,1,1
TRM TECHNOLOGIES,173,77,0.4451
TROY LIFE FIRE SAFETY,64,10,0.1562
TRUDELL HEALTHCARE SOLUTIONS,1,0,0
TSUU T INA CONTRACTING GP,1,1,1
TULMAR SAFETY SYSTEMS,23,3,0.1304
TUNDRA TECHNICAL SOLUTIONS,53,25,0.4717
TURNER TOWNSEND,16,8,0.5
TURTLE ISLAND STAFFING,222,84,0.3784
TYCO INTEGRATED FIRE SECURITY,183,24,0.1311
TYR TACTICAL,27,5,0.1852
UBIQUS CANADA,109,28,0.2569
ULTIMATE CONSTRUCTION,10,6,0.6
ULTRA ELECTRONICS,20,5,0.25
UNISOFT INTERNATIONAL,2,0,0
UNISOURCE,401,8,0.02
UNISYNC GROUP,4,0,0
UNISYS CANADA,4,3,0.75
UNITED CHURCH HALFWAY HOMES,3,2,0.6667
UNITED RENTALS OF CANADA,127,6,0.0472
UNITED STATES DEPARTMENT OF DEFENCE,1,0,0
UNITED STATES DEPARTMENT OF THE AIR FORCE,41,6,0.1463
UNITED STATES DEPARTMENT OF THE ARMY,24,12,0.5
UNITED STATES DEPARTMENT OF THE NAVY,57,10,0.1754
UNIVERSAL HELICOPTERS,46,10,0.2174
UNIVERSAL WEATHER AND AVIATION,36,0,0
UNIVERSITE LAVAL,121,13,0.1074
UNIVERSITY OF ALBERTA,176,25,0.142
UNIVERSITY OF BRITISH COLUMBIA,121,5,0.0413
UNIVERSITY OF CALGARY,80,8,0.1
UNIVERSITY OF GUELPH,120,21,0.175
UNIVERSITY OF NEW BRUNSWICK,76,14,0.1842
UNIVERSITY OF OTTAWA,281,25,0.089
UNIVERSITY OF REGINA,35,2,0.0571
UNIVERSITY OF SASKATCHEWAN,79,13,0.1646
UNIVERSITY OF TORONTO,139,15,0.1079
UNIVERSITY OF WATERLOO,128,12,0.0938
UNIVERSITY OF WESTERN ONTARIO,60,6,0.1
UQSUQ,268,1,0.0037
URBAN VALLEY TRANSPORT,1,1,1
UTILITIES KINGSTON,57,34,0.5965
UVAIR,125,0,0
VAISALA CANADA,57,8,0.1404
VALARD CONSTRUCTION,8,2,0.25
VALCOM CONSULTING,197,99,0.5025
VALUE MASTER BUILDERS,80,2,0.025
VAN HORNE CONSTRUCTION,2,0,0
VAN KAPPEL INTERNATIONAL,19,4,0.2105
VANCOUVER AIRPORT AUTHORITY,1,1,1
VANCOUVER DRYDOCK COMPANY,6,3,0.5
VANCOUVER PILE DRIVING,11,6,0.5455
VANCOUVER SHIPYARDS,23,16,0.6957
VANRX PHARMASYSTEMS,5,2,0.4
VCI CONTROLS,40,14,0.35
VECTOR AEROSPACE,66,8,0.1212
VERITAAQ TECHNOLOGY HOUSE,1196,887,0.7416
VERITAS TECHNOLOGIES,9,4,0.4444
VERREAULT NAVIGATION,10,10,1
VFA CANADA,16,3,0.1875
VFS GLOBAL,11,11,1
VIA TRAVAIL,15,8,0.5333
VIRTUAL POSSIBILITIES DIVISION,1,1,1
VISA SERVICES,1,0,0
VISIONTEC,23,6,0.2609
VMWARE,225,11,0.0489
VOYAGEUR TRANSPORTATION,2,1,0.5
VVI CONSTRUCTION,7,4,0.5714
VWR INTERNATIONAL,628,13,0.0207
W S MORGAN CONSTRUCTION,8,6,0.75
WADE GENERAL CONTRACTING,20,4,0.2
WAHL CONSTRUCTION,83,16,0.1928
WAINWRIGHT MARINE SERVICES,14,1,0.0714
WAJAX,508,61,0.1201
WAMPUM RECORDS,55,15,0.2727
WARTSILA,449,64,0.1425
WASTE CONNECTIONS OF CANADA,97,21,0.2165
WASTE MANAGEMENT OF CANADA,119,18,0.1513
WATCHGUARD VIDEO,39,2,0.0513
WATERS,334,26,0.0778
WAZANA CLOTHING,1,1,1
WCG INTERNATIONAL CONSULTANTS,3,1,0.3333
WEATHERHAVEN CANADA,38,0,0
WEBSTER ELECTRIC,91,22,0.2418
WEIR CANADA,8,1,0.125
WESCO DISTRIBUTION CANADA,190,7,0.0368
WEST COAST TUG BARGE,12,7,0.5833
WEST WIND AVIATION,7,1,0.1429
WESTBURY NATIONAL SHOW SYSTEMS,99,14,0.1414
WESTCO CONSTRUCTION,7,3,0.4286
WESTCOAST GENESIS SOCIETY,7,6,0.8571
WESTCOMB OUTERWEAR,1,1,1
WESTJET,3,2,0.6667
WESTOWER COMMUNICATIONS,104,17,0.1635
WHITE BEAR INDUSTRIES,7,2,0.2857
WHOOSHH INNOVATIONS,2,1,0.5
WILCO CONTRACTORS SOUTHWEST,13,7,0.5385
WILD STONE ENGINEERING,4,2,0.5
WILDLIFE COMPUTERS,87,7,0.0805
WILDSTONE CONSTRUCTION,10,7,0.7
WILLIAM J BARKER CLINICAL,4,2,0.5
WILLS TRANSFER,53,21,0.3962
WINMAR CANADA INTERNATIONAL,1,1,1
WINTERSTEIGER,74,2,0.027
WM M 1993,6,6,1
WOLTERS KLUWER,117,11,0.094
WOOD CANADA,338,55,0.1627
WOODWARD S OIL,119,2,0.0168
WOOLLY MAMMOTH OUTERWEAR,2,2,1
WORKDYNAMICS TECHNOLOGIES,136,31,0.2279
WORKPLACE HEALTH AND COST SOLUTIONS,16,7,0.4375
WORLD FUEL SERVICES,2762,22,0.008
WORLD UNIVERSITY CONSORTIUM,1,0,0
WORLD UNIVERSITY SERVICE OF CANADA,8,1,0.125
WORLDREACH SOFTWARE,12,6,0.5
WPP GROUP CANADA COMMUNICATIONS,64,12,0.1875
WRIGHT CONSTRUCTION WESTERN,1,1,1
WSP,1056,336,0.3182
WYSSEN AVALANCHE CONTROL,8,3,0.375
XEROX,1687,315,0.1867
XPERA RISK MITIGATION INVESTIGATION,2,1,0.5
XTECH EXPLOSIVE DECONTAMINATION,3,2,0.6667
YAMAHA MOTORS CANADA,261,18,0.069
YAMNUSKA,12,3,0.25
ZAYO CANADA,92,43,0.4674
ZENITH PAVING,8,1,0.125
ZERNAM ENTERPRISE,52,15,0.2885
ZODIAC HURRICANE TECHNOLOGIES,26,7,0.2692
ZOLL MEDICAL CANADA,24,2,0.0833
ZUTPHEN CONTRACTOR,23,12,0.5217
ZYCOM,112,8,0.0714
