d_vendor_name,mean_number_of_amendments,n
10647802 CANADA,2.33,6
11983890 CANADA CENTRE,2,1
1320376 ONTARIO,1.5,4
175 303 CANADA,4,2
175303 CANADA,1,1
1X1 ARCHITECTURE,1.33,18
2099042 ONTARIO,2.33,3
2145675 ONTARIO,3,2
2220742 ONTARIO,2.8,10
2536 4589 QUEBEC,4,1
2553164 ONTARIO,2,1
2KEYS,1.92,13
3469051 CANADA,1.29,14
3955788 CANADA,1.75,4
3D DATACOMM,1,4
3M CANADA COMPANY,3.5,2
4 OFFICE AUTOMATION,2.22,89
4083261 CANADA,2.6,5
49 SOLUTIONS,2.6,5
520571 ONTARIO,4,3
529040 ONTARIO AND 880382,2.08,13
6834973 CANADA,7,1
727619 ALBERTA O A ROUGHRIDER,5,1
7305516 CANADA,1.33,6
736902 ONTARIO,1.8,5
73719 NEWFOUNDLAND LABRADOR,1.57,7
851791 NWT,3.5,2
898845 ALBERTA,1,3
9006 9311 QUEBEC,4.8,5
9034 3476 QUEBEC,1.6,5
9089 5657 QUEBEC,4,1
9090 5092 QUEBEC,4.33,3
9099 3593 QUEBEC INTER PROJE,4.5,2
9160 5188 QUEBEC,2,1
9168516 CANADA,4,1
9205187 CANADA,1,2
9244 3175 QUEBEC,1,2
9275 0181 QUEBEC,4,3
A B BUILDERS,3,1
A J HANNA CONSTRUCTION,1,1
A NET SOLUTIONS,1.64,11
A SANTIN MASON CONTRACTOR,3.2,5
AB SCIEX,1.5,10
ABB,2,21
ABBOTT,1.33,9
ABCO MAINTENANCE SYSTEMS,1,5
ACADIAN CONSTRUCTION 1991,2,2
ACADIAN DREDGING,1,10
ACART COMMUNICATIONS,2,6
ACCENTURE,2.06,35
ACCESS 2 NETWORKS,1.18,11
ACKLANDS GRAINGER,1.21,14
ACME FUTURE SECURITY CONTROLS,2.05,19
ACNIELSEN COMPANY OF CANADA,1.33,6
ACOSYS CONSULTING SERVICES,1.7,30
ACRES ENTERPRISES,1,2
ACT,1.15,13
ACTION PERSONNEL OF OTTAWA HULL,1.81,21
ADAPT PHARMA CANADA,1.5,2
ADGA GROUP,1.92,76
ADOBE,2.67,9
ADPEARL,5,1
ADRM TECHNOLOGY CONSULTING,1.89,138
ADVANCED BUSINESS INTERIORS,1.12,49
ADVANCED CHIPPEWA TECHNOLOGIES,1.45,65
ADVANCED PARAMEDIC,2,2
AECOM,2.35,142
AEG FUELS,1,5
AEREX AVIONICS,1,3
AERO FEU,1.2,5
AERO SUPPLIES,1.05,22
AEROPORT DE QUEBEC,3,1
AEROPORTS DE MONTREAL,1,1
AEROPRO,4.25,4
AFC INDUSTRIES,3.5,2
AFN ENGINEERING,1.14,51
AFW CONSTRUCTION,1.11,19
AG CREATIONS,1,1
AGC AND ASSOCIATES,1,1
AGENCE SOCIALE SPECIALISEE DE L OUTAOUAIS,8,1
AGILENT,1.33,43
AHS COMMUNITY INDUSTRIES,3,4
AIM HEALTH GROUP,2.17,6
AINSWORTH,1.74,19
AIR INDIA,1,1
AIR INUIT,1,1
AIR LIQUIDE CANADA,1.37,46
AIR PRODUCTS CANADA,1.28,29
AIR TINDI,1.29,7
AIRBORNE SYSTEMS,3,1
AIRBUS,1.32,25
AIRSIDES PROPERTIES,8,1
AKM GROUP,3,1
ALBERTA HEALTH SERVICES,1.5,6
ALBERTA SEVENTH STEP SOCIETY,5.5,2
ALCAIDE WEBSTER ARCHITECTS,1.33,12
ALDRICH PEARS ASSOCIATES,1,2
ALGONQUIN COLLEGE OF APPLIED ARTS AND TECHNOLOGY,2,1
ALIKA INTERNET TECHNOLOGIES,4,3
ALINEA INTERNATIONAL,2,1
ALIVAKTUK CONSULTING AND NAVPOINT CONSULTING GROUP IN JOINT VENTURE,2,1
ALLEN HASTINGS,1.25,4
ALLIANCE ENERGY,5.33,3
ALLIANCE ENGINEERING CONSTRUCTION,2.5,2
ALLIED CONTAINER SYSTEMS,3,1
ALLIED PAVING,2,1
ALLIED SHIPBUILDERS,1.67,12
ALLSEATING,1,3
ALPINE AEROTECH,1,4
ALPINE HELICOPTERS,1.09,11
ALS CANADA,1.28,25
ALTERNATIVE CONCRETE TECHNOLOGIES,2,1
ALTIS HUMAN RESOURCES,1.52,341
ALTO CONSTRUCTION,1,1
ALVA CONSTRUCTION,1.83,6
AMAZON,1.72,25
AMBULANCE ST JEAN,3,1
AMD MEDICOM,1,2
AMDOCS,1,1
AMEC CONSTRUCTION,1.5,2
AMEC FOSTER WHEELER AMERICAS,1.29,21
AMERESCO CANADA,3.5,10
AMERICAN BUREAU OF SHIPPING,1.55,11
AMERICAN CHEMICAL SOCIETY,1.33,6
AMEX BANK OF CANADA,1,2
AMRON CONSTRUCTION,1,5
AMS IMAGING,1.43,7
AMTECH AERONAUTICAL,2,1
AMTEK ENGINEERING,1.91,22
ANALYTICAL GRAPHICS,1.6,10
ANCHOR QEA,1,1
ANIXTER,1.1,10
ANSYS CANADA,1.29,7
ANTHONY MACAULEY ASSOCIATES,1,1
ANTONIANI LAW PROFESSIONAL,3,1
AON REED STENHOUSE,1.46,26
APEX STEEL GAS,1,2
APICA MEDICAL SERVICES,1,2
APOTEX,1,1
APPAREL TRIMMINGS,1.59,17
APPLIED ELECTONICS,1.92,24
APPTION,2.43,7
APRON FUEL SERVICES,1,8
APS AVIATION,3,2
AQUA GUARD SPILL RESPONSE,4.5,2
AQUA LUNG CANADA,1,9
AQUATIC INFORMATICS,2.71,7
ARCADIS CANADA,1.6,84
ARCHITECTURE 49,2.09,78
ARCHITECTURE EVOQ,3.39,18
ARCTIC CANADA CONSTRUCTION,2.75,4
ARI FINANCIAL SERVICES,1.13,86
ARISGLOBAL,2.67,3
ARMSERV CONTRACTING,3,2
ARRM ELECTRIC,1.33,3
ARTEMP PERSONNEL SERVICES,1.46,68
ARTEX SPORTSWEAR,1.86,7
ASBEX,1.58,19
ASC GERMANY,1,2
ASML US,1,1
ASOKAN BUSINESS INTERIORS,2.08,13
ASPEN PHARMACARE CANADA,1,1
ASSOCIATED ENGINEERING,2.31,36
ASSOCIATION CANADIENNE POUR LA SANTE MENTALE SECTION SAGUENAY,5,2
ATCO,1.41,90
ATIRA WOMENS RESOURCE SOCIETY,4.5,2
ATKINSON CONSTRUCTION ACL,1,1
ATLANTIC BUSINESS INTERIORS,1,8
ATLANTIC HUMAN SERVICES,3,2
ATLANTIC ROAD CONSTRUCTION AND PAVING,2,3
ATLANTIC ROOFERS,1.2,5
ATLANTIC TOWING,1,1
ATLANTICA MECHANICAL CONTRACTORS,2,8
ATS SERVICES,1.64,11
ATS TRAFFIC ALBERTA,1,1
ATWILL MORIN,3.43,7
AV TECH,1.41,17
AVALERION,3,3
AVENAI,1.25,4
AVI SPL,1.33,9
AVI SPL CANADA,1.29,31
AVJET HOLDING,1,9
AVMAX AVIATION SERVICES,1.25,4
AVONDALE CONSTRUCTION,2.18,11
AXYS TECHNOLOGIES,2,10
AZIMUTH CONSULTING GROUP,2.5,2
B BRAUN OF CANADA,3,1
B L ASSOCIATES,1,1
B R ENTERPRISES,1.67,9
B T L CONSTRUCTION,2,1
BABCOCK INTERNATIONAL GROUP,4,3
BABEL STREET,1,1
BAE SYSTEMS,1,3
BAHLER BIOGAZ,2,1
BAJA CONSTRUCTION CANADA,1.2,5
BALODIS,1,2
BANCTEC CANADA,7.67,3
BANFIELD SEGUIN,4.38,8
BARDON SUPPLIES,1.2,5
BARGREEN ELLINGSON,1.88,16
BARR ENGINEERING AND ENVIRONMENTAL,1.14,7
BARRIE MACKAY CONTRACTING,5.5,2
BARRON S REFRIGERATION HEATING,1,6
BARRY S BULLDOZING,5.2,5
BARTA MACHINE,2,1
BAVARIAN NORDIC,4,1
BAXTER,3,1
BAY CONSTRUCTION MANAGEMENT,2.2,5
BAYSHORE HEALTHCARE,2.06,31
BC BORSTAL ASSOC,6,1
BC HYDRO,1.15,13
BDO CANADA,1.58,98
BEAUDOIN CANADA,8,2
BEAVER AIR CHARTER CONSULTANTS,1,16
BECKMAN COULTER CANADA,1.14,7
BEE CLEAN BUILDING MAINTENANCE,1,9
BELL AND HOWELL CANADA,2.29,7
BELL CANADA,2.26,267
BELL TEXTRON,1.8,20
BENNETT S CONSTRUCTION SUPPLIES,1.33,6
BERGEVIN ELECTRICAL CONTRACTING,4,1
BERLITZ CANADA,1.34,47
BERVIN CONSTRUCTION,2.6,5
BEST SERVICE PROS,1.14,7
BEVA GLOBAL MANAGEMENT,1.18,11
BGLA,3.44,9
BIGHORN CONSTRUCTION,2.12,8
BIGHORN HELICOPTERS,1,9
BIO NUCLEAR DIAGNOSTICS,1,3
BIO RAD LABORATORIES CANADA,1,6
BIOMERIEUX CANADA,1.73,11
BIRD CONSTRUCTION COMPANY,5.5,4
BIRTZ BASTIEN ARCHITECTES,2.25,4
BISSON FORTIN ARCHITECTURE,1.91,11
BLACK DIAMOND PARTNERSHIP,2.5,6
BLACK MCDONALD,1.86,74
BLACKBERRY,1,7
BLOOMBERG FINANCE L P,2,13
BLUEDOT,1,3
BLUEDROP TRAINING SIMULATION,1,1
BLUEWAVE ENERGY,1.08,38
BLUMETRIC ENVIRONMENTAL,1.5,34
BMC SOFTWARE,2.5,4
BMC SOFTWARE CANADA,1.64,14
BMT FLEET TECHNOLOGY,2.57,7
BOEHM HOTEL,1,1
BOLESS,4.5,4
BOLLORE LOGISTICS,1.2,5
BOMBARDIER,1.5,8
BOMIMED,1,1
BOUTHILLETTE PARIZEAU,1.38,24
BOYD MOVING STORAGE,1.33,6
BRAGG COMMUNICATIONS,4.5,2
BRANDT TRACTOR,1,1
BRAWN CONSTRUCTION,2.67,6
BRECKENHILL,1.17,12
BREMNER ENGINEERING AND CONSTRUCTIO,2.5,2
BRETON MICHEL MD,3.44,9
BRIAN G INNES SCHOUTEN EXCAVATING,2,1
BRIDGES OF CANADA,2.17,6
BRILUN CONSTRUCTION,1.38,8
BRIQUETAL,5.75,4
BRITTON ELECTRIQUE,5,1
BROADNET TELECOM,1.71,7
BROADWATER INDUSTRIES,1.67,3
BRONSWERK MARINE,1.71,7
BRONTE CONSTRUCTION,5,1
BROOK CONSTRUCTION,2.5,4
BROOKFIELD ASSET MANAGEMENT,1,2
BROOKFIELD GLOBAL INTEGRATED SOLUTIONS,1.1,21
BROOKS CORNING COMPANY,1.33,3
BRS INNOVATIONS,1.8,5
BRUKER,1.17,6
BUDGELL S EQUIPMENT RENTALS,2.5,2
BUILDON CONSTRUCTION,1,3
BULLDOG CONTRACTING,2,3
BUREAU NATHALIE,4,2
BUREAU VERITAS,1.19,75
BURSEY EXCAVATING DEVELOPMENT,1.29,7
BUTTCON,5.5,4
C CORE,1.25,8
C D NOVA TECH,2,1
C2D SERVICES,1,1
CA,1,2
CACHE COMPUTER CONSULTING,2.87,117
CADEX,1,1
CAE,2.91,11
CALIAN,1.97,448
CALKO GROUP,3,2
CALTRIO COMPANY,2.78,9
CALYTERA SOFTWARE,1,2
CAMPBELL DRUG STORES,1,1
CAMPBELL SCIENTIFIC CANADA,1.67,12
CAN AM PLATFORMS CONSTRUCTION,3.75,4
CAN TEC SERVICES,1,6
CANADA FBM 2020,3,1
CANADA FRANCE HAWAII TELESCOPE,1.25,4
CANADA POST,2.3,40
CANADENSYS AEROSPACE,2,3
CANADIAN BANK NOTE COMPANY,3.2,10
CANADIAN BASE OPERATORS,1.61,44
CANADIAN BORDER OPERATIONS,1,1
CANADIAN BROADCASTING,1.5,2
CANADIAN BUREAU FOR INTERNATIONAL EDUCATION,1,1
CANADIAN CORPS OF COMMISSIONAIRES,1.41,1329
CANADIAN DEVELOPMENT CONSULTANTS,1.13,15
CANADIAN FISHING COMPANY,2,1
CANADIAN HEALTH CARE AGENCY,1,2
CANADIAN HELICOPTERS,1.48,25
CANADIAN LEASEBACK,1.74,23
CANADIAN MARITIME ENGINEERING,1.39,51
CANADIAN NORTH,1,4
CANADIAN NUCLEAR LABORATORIES,1,2
CANADIAN PAEDIATRIC SOCIETY,3.67,3
CANADIAN RED CROSS,2.67,6
CANADIAN STANDARDS ASSOCIATION,1.58,12
CANADYNE TECHNOLOGIES,3.67,3
CANDESTO ENTERPRISES,6,1
CANMEC,2,1
CANON,1.41,133
CANSEL SURVEY EQUIPMENT,1.5,2
CANTEC SYSTEMS,1,2
CANTEX OKANAGAN CONSTRUCTION,1.5,2
CARAHSOFT TECHNOLOGY,1.52,27
CARDINAL HEALTH CANADA,1,3
CARLETON ELECTRIC,2,5
CARLETON LIFE SUPPORT SYSTEMS,1,2
CARLETON UNIVERSITY,1.31,16
CARMACKS ENTERPRISES,1,1
CARMICHAEL ENGINEERING,1.79,14
CARO ANALYTICAL SERVICES,1.33,6
CARON PROFESSIONAL LINGUISTIC,1.21,28
CARSWELL,1,2
CAS ELL STRUCTURES,1.41,17
CASCADE AEROSPACE,1.5,4
CASP AEROSPACE,2,2
CASSELMAN WOODCRAFT,1.18,45
CATHOLIC SOCIAL SERVICES,8.4,5
CBCI TELECOM,1.08,38
CBCL,2.07,42
CCM CONSTRUCTION,3,1
CCR CONSTRUCTION,3.67,3
CDCI RESEARCH,1.28,18
CDW CANADA,1.97,121
CEGERCO,6,1
CELEB CONSTRUCTION,3.2,5
CELLEBRITE,2.67,3
CENTRE RESIDENTIEL COMMUNAUTAIRE JOLIETTE LANAUDIERE,3,2
CENTURY GROUP,2,3
CEPHEID,1,1
CERIDIAN,1.67,3
CGI,1.83,123
CH2M HILL CANADA,1,3
CHANDOS CONSTRUCTION,2,6
CHANNEL MANAGEMENT INTERNATIONAL,1.6,5
CHANTIER DAVIE CANADA,3.8,5
CHANTIER NAVAL FORILLON,8,2
CHARRON HUMAN RESOURCES,1.35,17
CHARTER TELECOM,3,2
CHEMICAL ABSTRACTS SERVICE,1.5,2
CHEVRON,1,1
CHIMO CONSTRUCTION 2014,6,1
CHRISTIAN LAROCQUE SERVICES,1.2,5
CHRONO AVIATION,1,3
CHU SAINTE JUSTINE,1.57,7
CHUBB EDWARDS,1.35,26
CIMA,1.79,56
CIRCLE OF EAGLES LODGE SOCIETY,6,2
CISION CANADA,1.73,40
CISTEL TECHNOLOGY,2.27,93
CITRIX,1.67,6
CIVIL UNDERGROUND EXCAVATION,1,1
CLARIANT CANADA,1,8
CLEAN WORKS,3,1
CLEANMATTERS JANITORIAL SERVICES,4.5,6
CLEARWATER STRUCTURES,4.5,2
CLERMARK,2,3
CLICK NETWORKS,2.22,18
CLOSEREACH,2.31,36
CO VEN,1,1
COADY CONSTRUCTION EXCAVATING,2.71,7
COASTAL RESTORATION MASONRY,2.78,9
COCO PAVING,1.33,3
COFOMO,2.06,251
COLLIERS PROJECT LEADERS,2.12,77
COLOGIX TORONTO,6,1
COLT CANADA,1,9
COLUMBIA FUELS,1.33,3
COMBAT NETWORKS,1.78,69
COMMPOWER,2.5,2
COMMUNICATIONS POWER,3,2
COMMUNITECH,2,1
COMMVAULT SYSTEMS,2.25,4
COMNET NETWORKS AND SECURITY,1,1
COMPAGNIE AMPLEXOR CANADA,1.25,12
COMPOSITION STE FOY,1.57,7
COMPUCOM CANADA,1.06,33
COMPUGEN,1.31,45
COMPUTER ASSOCIATES CANADA,3.67,3
COMPUTERSHARE INVESTOR SERVICES,16,2
CON PRO INDUSTRIES CANADA,3.45,11
CONCEPT CONTROLS,1,4
CONEXSYS,1.36,11
CONFECTION AVENTURE,1,1
CONNECTIVE SUPPORT SOCIETY,1,1
CONNEX TELECOMMUNICATIONS,2.33,3
CONOSCENTI TECHNOLOGIES,2.38,8
CONSORTIUM OF CARE CANADA,1,1
CONSTRUCTION BLANCHARD ET,2,1
CONSTRUCTION BUGERE,2.38,8
CONSTRUCTION COTE FILS,3,1
CONSTRUCTION CYBCO,2.6,5
CONSTRUCTION DEMATHIEU BARD,4.6,5
CONSTRUCTION DERIC,2.18,11
CONSTRUCTION IRENEE PAQUET FILS I,2.67,3
CONSTRUCTION J R SAVARD,4,2
CONSTRUCTION JESSIKO,2,4
CONSTRUCTION LFG,3.25,12
CONSTRUCTION RIC,2,1
CONSTRUCTION SIMDEV,2.5,2
CONSTRUCTION SOCAM,7,1
CONSTRUCTIONS BSL,3.33,6
CONSTRUCTIONS RENAUD VIGNEAU,1.2,5
CONTRACT COMMUNITY,1.42,31
CONTROLLED ENVIRONMENTS,1,1
CONTROLS EQUIPMENT,1.58,12
CONVERGINT TECHNOLOGIES,2.09,11
CONVERSART CONSULTING,1.5,12
COPCAN CIVIL,2.83,6
COPCAN CONTRACTING,2.5,4
CORADIX TECHNOLOGY CONSULTING,2.66,237
CORBEL MANAGEMENT,1.67,3
CORCAN,1,3
CORNERSTONE COMM ASSOC DURHAM,2,2
CORPORATION DU FORT ST JEAN,4,1
CORPORATION PROFESSIONNELLE DR SERGE LANDRY PROFESSIONAL,8,1
CORRECTIONAL SERVICES OF CANADA,1,1
COSSETTE COMMUNICATIONS,1.41,115
COTTON CANDY MISSISSAUGA,1,4
COUGAR ENGINEERING CONSTRUCTION,2,2
COUPLAND KRAEMER ARCHITECTURE,1.87,15
COUVERTURE MONTREAL NORD,1.67,3
COVERTITE EASTERN,1.67,3
COWATERSOGEMA,1.67,3
COWI NORTH AMERICA,1.33,3
CPCS TRANSCOM,1.4,5
CRANDALL ENGINEERING,2.88,17
CRC CURE LABELLE,4,2
CRC D ATNQ,2.75,4
CRESTLINE COACH,2,1
CRUICKSHANK CONSTRUCTION,4.25,4
CSDC SYSTEMS,1.41,17
CSI CONSULTING,1.14,7
CSI LEASING CANADA,1.1,10
CTOMS,1,1
CUBE CONSTRUCTION,2,2
CUBIC DEFENSE APPLICATIONS,3,1
CULLEN DIESEL POWER,1,5
CUMMINS CANADA,1.39,18
CUSTOM HELICOPTERS,1.4,5
CWP CONSTRUCTORS,1.86,7
CYMI CANADA,7,1
CYTELLIGENCE,1,1
D BREAU ET FILS,3,1
D DOYLE INSTALLATIONS,1.38,16
D F BARNES,1.5,2
D F S,3.26,27
D H PARTNERSHIP,4,2
D MARK BIOSCIENCES,2,1
D2L,2.5,2
D4IS SOLUTIONS,2,11
DADS,1.05,22
DAIMLER,2,1
DALCON CONSTRUCTORS,1,5
DALHOUSIE UNIVERSITY,1,10
DALIAN ENTERPRISES,1.46,72
DANIEL CREPEAU,1.44,9
DARE HUMAN RESOURCES,1,1
DASCO EQUIPMENT,1.08,13
DASCO STORAGE SOLUTIONS,1,4
DATA CENTRE INTELLIGENCE,2,1
DATA COMMUNICATIONS MANAGEMENT,1.55,11
DATA REPRO COM,2.67,3
DATIFEX,1,1
DATUM MARINE SERVICES,1,2
DAVID S LAFLAMME CONSTRUCTION,3,2
DAVTAIR INDUSTRIES,2,1
DAWSON CONSTRUCTION,1.5,6
DBA IRVING ENERGY HIGHLANDS FUEL DELIVERY GP,1,1
DBC MARINE SAFETY SYSTEMS,1.5,2
DCL CONSTRUCTION SERVICES,2.67,6
DE ANGELIS CONSTRUCTION,8,1
DEAN CONSTRUCTION COMPANY,1,1
DECISIVE GROUP,1.21,38
DEFENCE CONSTRUCTION CANADA,1,2
DEFENSE INFORMATION SYSTEMS AGENCY,3,1
DEFRAN,1.6,10
DELCO AUTOMATION,1.23,13
DELL COMPUTER,1.17,70
DELOITTE,1.84,222
DELTA PHOTONICS,1,2
DEVLIN CONSTRUCTION,4,1
DEW ENGINEERING,1.44,16
DEXTER CONSTRUCTION,1.8,30
DEXTERRA,1.69,13
DF BARNES SERVICES,1.22,9
DHL EXPRESS CANADA,1.78,9
DIAMOND AND SCHMITT ARCHITECTS,3.8,5
DILIGENS,3,2
DILLON CONSULTING,1.61,115
DIRECT ENERGY,1,4
DIRECT ENERGY BUSINESS,1.25,8
DIRECT ENERGY BUSINESS DIRECT ENERGY MARKETING,4,1
DISMAS SOCIETY,5,2
DLS TECHNOLOGY,1.2,10
DMTI SPATIAL,1.67,3
DNR CONSULTING GROUP,1,3
DO ALL CONSTRUCTION,1,3
DOLOMITE NETWORKS,2.5,8
DOLYN CONSTRUCTION,2,1
DOMINION CONSTRUCTION,2,1
DOMUS BUILDING CLEANING,5,3
DON SAYWELL DEVELOPMENTS,1,1
DONALD J FRASER,3,1
DONALD SERVANT ELECTRIC,2,4
DONNA CONA,2.1,134
DR DAVID LESAGE,1,4
DR FERNANDO VILLASENOR,2.33,3
DR MANDEEP SAINI,1,1
DR NADER SHARIFI,1.33,3
DR S ISKANDER,1.5,2
DRAEGER,1.5,2
DRAGAGE IM,2.5,6
DRAGAGE OCEAN DSM,1.78,9
DRAPEAUX ET BANNIERES L ETENDARD IN,2,1
DRASTIC FISHERIES,1,1
DREAM OFFICE,1.5,6
DSS MARINE,3.5,4
DST CONSULTING ENGINEERS,1.36,33
DSV,3.08,12
DUFFERIN CONSTRUCTION COMPANY,1,2
DWP SOLUTIONS,2.38,8
DXB PROJECT MANAGEMENT,3,1
DYMECH ENGINEERING,1.5,2
DYNABOOK CANADA,1.25,16
DYNACARE,1.62,29
DYNAMIC CONSTRUCTION,1.67,3
DYNAMIC FACILITY SERVICES,1.8,5
DYNAMIC PERSONNEL CONSULTANTS,1.33,82
DYNAMITE CONSTRUCTION,1,2
E CONSTRUCTION,1.67,3
E D BRUNET ET ASSOCIES CANADA,13,1
EAGLE PROFESSIONAL RESOURCES,1.74,19
EAST ELGIN CONCRETE FORMING,2.8,5
EASTPOINT ENGINEERING,1.37,54
EASTWAY CONTRACTING,2,4
EBC,3,2
EBERHARD VON HUENE ASSOCIATES,1,3
EBSCO CANADA,2.45,31
ECLIPSYS SOLUTIONS,1.66,56
ECO TECHNOLOGIES,1.12,8
ECOLE DE LANGUES ABCE,1.61,75
ECOLE DE LANGUES EAGLE,1.32,25
ECOLE DE LANGUES LA CITE,1.34,59
EDWARD COLLINS CONTRACTING,1.67,3
EFFIGIS GEO SOLUTIONS,1,2
EIFFAGE INNOVATIVE CANADA,4.75,4
EKOS RESEARCH ASSOCIATES,1,8
ELBIT SYSTEMS,1,1
ELEMENTAL DATA COLLECTION,2.5,2
ELITE ENVIRONMENTAL GROUP,1,5
ELIZABETH FRY SOCIETY,3.75,4
ELIZABETH FRY SOCIETY OF CAPE BRETON,11,1
ELIZABETH FRY SOCIETY OF GREATER TORONTO,1,1
ELIZABETH FRY SOCIETY OF PEEL,6,1
ELIZABETH FRY SOCIETY OF TORONTO,5,2
ELLICE RECYCLE,1,1
ELLISDON,4.41,17
ELSEVIER,1.21,28
EMCEE CONSTRUCTION AND MANAGEMENT,2,2
EMCON SERVICES,1.67,24
EMERGENCY MEDICAL TECHNOLOGY,2,1
EMERGENT BIOSOLUTIONS,1.25,4
EMIL ANDERSON CONSTRUCTION,2.25,4
EMMANUEL CONSTRUCTION SERVICES,2.8,5
EMMONS AND MITCHELL CONSTRUCTION,2,1
EMMONS AND MITCHELL CONSTRUCTION 2000,3,1
EMMONS MITCHELL CONSTRUCTION,2.33,9
EMPOWERED NETWORKS,1.92,12
EMS TECHNOLOGIES,3.67,3
EMTEC,2.75,12
ENERGERE CONSULTANTS,1.5,2
ENGLOBE,1.48,113
ENMAX,1.08,12
ENTREPRISE CLAVEAU,2,1
ENTREPRISE DE CONSTRUCTION T E Q,2,1
ENTRUST,2.11,9
ENVELOPPE CONCEPT,2.5,4
ENVIRONICS RESEARCH GROUP,1.3,10
ENVIROSAFE JANITORIAL,1.29,7
ENVIROSERVICES,1.33,15
EPERFORMANCE,1.62,8
EPIK TAAHHUT SANAYI IC VE DIS,5,1
EQUASION BUSINESS TECHNOLOGIES CONSULTING AND WATERSHED ITS IN CJV,5.5,2
ERNST YOUNG,2.18,123
ESBE SCIENTIFIC INDUSTRIES,1.17,6
ESRI,1.96,25
ETHIOPIAN AIRLINES GROUP,1,1
EUROVIA QUEBEC CONSTRUCTION,4,2
EVALUATION PERSONNEL,1.6,5
EVALUATION PERSONNEL SELECTION,1.35,23
EVEREST CONSTRUCTION MANAGEMENT,2.33,3
EVOLUTION ROOFING,3,1
EVOLVECOMP CONSTRUCTION,2,1
EVRIPOS JANITORIAL SERVICES,4,7
EXACT LEGAL TRANSLATIONS,1.2,5
EXCAVATION LOISELLE,4.5,2
EXCAVATION RENE ST PIERRE ENG,4,1
EXCAVATIONS DARCHE,1,3
EXCEL 7,1,1
EXCEL HUMAN RESOURCES,1.84,675
EXIT CERTIFIED,1,5
EXP ARCHITECTS,2,10
EXP SERVICES,1.53,34
EXTRON ELECTRONICS RGB SYSTEMS,1,2
EXXONMOBIL,2,2
F M INSTALLATIONS,1,2
FACCA,4.5,2
FACTIVA,2,8
FAIRBANKS MORSE ENGINE,1.4,40
FARMER CONSTRUCTION,1.44,16
FAST FORWARD FRENCH,1.37,84
FAST TRACK STAFFING,1,21
FASTENAL,1,1
FASTENAL CANADA,1,2
FCA CANADA,1.4,50
FDF GROUP,1,3
FEAST INTERACTIVE,3.14,7
FEDERAL EXPRESS CANADA,1.58,12
FEDERAL FLEET SERVICES,2,1
FELIX TECHNOLOGY,1.04,28
FERENCE COMPANY CONSULTING,1.11,9
FFG,1.67,12
FIA GROUP,2.2,5
FIDELITY ENGINEERING CONSTRUCTION,1,2
FIELD AVIATION COMPANY,1,3
FINNING INTERNATIONAL,1.78,9
FIRST AIR,2,3
FIRST PEOPLES INFRA,2,2
FISH FOOD AND ALLIED WORKERS,1.6,5
FISHER PAYKEL HEALTHCARE,1,2
FLEETWAY,2.9,10
FLEX KNIT,1,2
FLIGHT FUELS,1,2
FLIGHTSAFETY CANADA,3,3
FLOYD S CONSTRUCTION,1.56,9
FLUID ENERGY GROUP,3,1
FLYNN CANADA,1,1
FMC PROFESSIONALS,1.68,19
FN HERSTAL,1,2
FONDATION CARREFOUR NOUVEAU MONDE,2,2
FORD MOTOR COMPANY,1.42,213
FORREST GREEN CONSULTING,4,2
FORRESTER RESEARCH,1,9
FORT GARRY FIRE TRUCK,1,2
FOURNIER CONSTRUCTION INDUSTRIELLE,2,1
FOWLER BAULD MITCHELL,3,6
FRANCIS CANADA TRUCK CENTRE,1,3
FRASER RIVER PILE DREDGE,2.2,5
FRECON CONSTRUCTION,1.14,7
FREEBALANCE,1.64,14
FREQUENTIS CANADA,3.29,7
FRESENIUS KABI CANADA,1,3
FSA ARCHITECTURE,1.2,5
FSC,1,1
FTS FOREST TECHNOLOGY SYSTEMS,1,2
FUGRO GEOSURVEYS,3,5
FUJITSU,2.7,27
FUNDY CONTRACTORS,1.67,3
FVB ENERGY,1.78,36
G A L POWER SYSTEMS OTTAWA,1.38,13
G BIRD HOLDINGS,1,1
G J CAHILL COMPANY 1979 LIMI,3,2
G4S SECURITY SERVICES,3.53,19
GAB INDUSPAC,1,3
GAGNON LETELLIER CYR RICARD,2.5,4
GALA SLACKS,2.29,7
GAMBLE TECHNOLOGIES,1.8,5
GANNON BLACKBURN ELECTRIC,1.5,4
GAP WIRELESS,1,1
GARDA SECURITY GROUP,1.9,21
GARTNER,1.09,78
GARY PARKER EXCAVATING,1.5,2
GAT INTL LOCALIZATION SERVICES,1,1
GATESTONE,1.25,4
GATEWAY MECHANICAL SERVICES,1.77,13
GAUDETTE S TRANSIT MIX,1.75,8
GC STRATEGIES,1.95,37
GDI SERVICES,2.59,37
GEMALTO COGENT,1,3
GEMMA PROPERTY SERVICES,1.71,7
GEMTEC,1.64,39
GEN MEC ACL,1,1
GENERAL DYNAMICS,1.88,43
GENERAL ELECTRIC CANADA,1.44,9
GENERAL MOTORS,1.35,89
GENESIS INTEGRATION,1.23,26
GENOME QUEBEC,1.29,14
GEORGE COUREY,1.5,2
GEOSPECTRUM TECHNOLOGIES,1,2
GESTION AJ,2.14,7
GETINGE CANADA,2.17,6
GFL ENVIRONMENTAL,1.8,20
GFS ATLANTIC,2.38,8
GHD,1.05,20
GILMORE PRINTING SERVICES,1.75,8
GILMORE REPRODUCTIONS,1.38,13
GLAMOX CANADA,1.5,2
GLASSHOUSE SYSTEMS,1,2
GLAXOSMITHKLINE,1.33,6
GLENCAIRN EDUCATIONAL SERVICES,4,2
GLOBAL KNOWLEDGE,1.17,18
GLOBAL LIFE SCIENCES SOLUTIONS,1.29,7
GLOBAL TOTAL OFFICE,2.33,3
GLOBAL UPHOLSTERY,1,13
GO DEEP INTERNATIONAL,1.17,6
GOLDER ASSOCIATES,1.97,119
GOOGLE CANADA,1.2,5
GORDON BARR,1.67,6
GOSS GILROY,1.39,18
GOVAN BROWN ASSOCIATES,8,1
GOVERNMENT OF THE NWT,1,1
GRAEBECK CONSTRUCTION,5.5,2
GRAHAM CONSTRUCTION,6,5
GRAND TOY,1.21,14
GRANITE MANAGEMENT,1.71,7
GRANT CUSTOM,1,2
GRAPHIC OFFICE INTERIOR,1,1
GRAW RADIOSONDES,7,1
GRAYBAR CANADA,1,2
GRAYBRIDGE INTERNATIONAL CONSULTING,1.47,165
GRAYMONT NB,1,2
GRC ARCHITECTS,2.45,11
GREAT SLAVE HELICOPTERS,1.55,20
GREATER TORONTO AIRPORT AUTHORITY,2.25,4
GREEN LIGHT CONSULTING SOLUTIONS,16,1
GREEN TIMBERS PARTNERSHIP,8,1
GREENDALE RESOURCES,1.33,6
GREENFIELD CONSTRUCTION,2.4,10
GREG VAN WYK PROFESSIONAL,1.75,4
GREY ROCK SERVICES,2.5,2
GRIFFIN ENGINEERED SYSTEMS,2.5,2
GRIFFON HOVERWORK,1.3,10
GROUPE EDGENDA,1.2,5
GROUPE ENERGIE BDL,1,4
GROUPE ONSCOPE,1.67,3
GROUPE ROBERT,1,1
GUILLEVIN INTERNATIONAL,1,1
GUNTER LANGKOPF MASCHINENBAU,1.4,15
GW REALTY,2.2,5
H E ARMSTRONG MECHANICAL,1.08,12
H H CONSTRUCTION,2,8
H J R ASPHALT,2,1
HALIFAX CITADEL SOCIETY,2,2
HALIFAX INTERNATIONAL AIRPORT,1,1
HALPENNY INSURANCE BROKERS,1.18,11
HAMEL CONSTRUCTION,3.25,4
HAN CHANG MEDIC,1,1
HARBOURSIDE ENGINEERING CONSULTANTS,1.95,19
HARLED,1,4
HARNOIS ENERGIES,1.19,16
HARRIS TRANSPORT,1.11,19
HASTINGS PAINTING,1.25,4
HATCH,3,3
HAWBOLDT INDUSTRIES,1.33,9
HAWORTH,1.25,12
HAZELWOOD CONSTRUCTION SERVICES,3,1
HDP GROUP,1.62,8
HEAVY METAL MARINE,1.7,10
HEDDLE MARINE SERVICES,2.39,31
HEILTSUK HORIZON MARITIME SERVICES,1,3
HELITRADES,1.14,7
HEMMERA ENVIROCHEM,1.86,7
HEPBURN ENGINEERING,3,1
HERCULES SLR,2.67,3
HERITAGE RESTORATION,4,4
HEROLD ENGINEERING,1.5,16
HERRING CONSERVATION AND RESEARCH SOCIETY,1.5,2
HEWLETT PACKARD,3.26,19
HEXAGON,1,1
HIGHLANDS FUEL DELIVERY,1.33,15
HIGHLINE ELECTRIC P A,2,1
HIKE METAL PRODUCTS,3.5,2
HIPPERSON CONSTRUCTION,4,1
HITACHI DATA SYSTEMS,1.7,10
HITRAC,1,1
HOLLAND COLLEGE,2,1
HOLONICS,1.75,4
HOMEWOOD HEALTH,5,1
HONEY CONSTRUCTION,4,1
HONEYWELL,1.51,41
HOOTSUITE,4.33,3
HORIZANT,3.33,9
HORSESHOE HILL CONSTRUCTION,3,1
HOSKIN SCIENTIFIC,1.54,13
HOULE ELECTRIC,2.5,16
HOUSE OF HOPE,2.4,5
HOWARD HOUSE ASSOCIATION OF CAPE BRETON,3,2
HOWDEN ROOTS,2,1
HR ASSOCIATES,2.24,33
HUBSPOKE,1.82,11
HUMAN LOGISTICS,1,2
HUMANSCALE CANADA,1,2
HYPERION CONSULTING,2,1
HYPERTEC,1.33,90
I M P GROUP,1,3
I4C INFORMATION TECHNOLOGY,2.1,21
IBI GROUP ARCHITECTS CANADA,3,5
IBISKA TELECOM,2.44,151
IBM CANADA,2.55,210
ICE DEVELOPMENT,5,1
ICEBERG NETWORKS,1.57,7
ICU MEDICAL CANADA,1,1
IDP GROUP,1,2
IDS SYSTEMS CONSULTANTS,1.25,8
IFATHOM,1.5,10
IHS GLOBAL,1.56,9
IHS MARKIT CANADA,1,2
IIC TECHNOLOGIES,1.88,16
ILLUMINA CANADA,1.21,24
IMP GROUP,1.29,7
IMPERIAL CLEANERS,2.32,19
IMPERIAL OIL,1.47,72
IMTECH MARINE CANADA,1,8
INDAL TECHNOLOGIES,1,2
INDIVIOR UK,5.5,2
INDUSTRA CONSTRUCTION,1.57,28
INDUSTRA LIARD CONSTRUCTION,1,1
INDUSTRIES OCEAN,2,7
INFO TECH RESEARCH GROUP,1.12,8
INFORMATICA,2,1
INFOSYS,4,1
INKSMITH,2,1
INLAND AUDIO VISUAL,1,4
INMARSAT SOLUTIONS,3.8,5
INNOCAR,2,1
INNOVASEA MARINE SYSTEMS CANADA,1.1,10
INSA,1.85,26
INSIGHT SOFTWARE CANADA,1.17,6
INSTITUT NATIONAL D OPTIQUE,1.5,4
INSTITUTE ON GOVERNANCE,1.14,7
INSTRUX MEDIA,3.33,3
INTEGRA NETWORKS,1.7,20
INTEGRATED DISTRIBUTION SYSTEMS,1.2,5
INTER MEDICO,1.57,7
INTER OUTAOUAIS,1,1
INTERACTIVE AUDIO VISUAL,1.23,13
INTERCON MARINE,1.58,12
INTERCONTINENTAL TRUCK BODY,1.33,3
INTERFAX SYSTEMS,1,2
INTERNATIONAL REPORTING,1.08,13
INTERNATIONAL SAFETY RESEARCH,1.89,9
INTEROUTE CONSTRUCTION,2.5,4
INTERWORKS CONTRACTING,2.25,4
INUKSHUK CONSTRUCTION,3.5,2
INVENTA SALES AND PROMOTIONS,2,1
IPS INTEGRATED PROJECT SERVICES,2,2
IPSOS,1.25,8
IPSS,2.86,36
IQVIA,1,1
IQVIA SOLUTIONS CANADA,1.5,2
IRON MOUNTAIN,1.56,138
IRONCLAD EARTHWORKS,2.75,4
IRVCON,1,2
IRVING OIL,1.15,55
IRVING SHIPBUILDING,3.29,7
ISLAND CATERING,1,1
ISLAND TEMPERATURE CONTROLS,1,1
ISOMASS SCIENTIFIC,1,1
ISOPLEX,1,1
IT NET CONSULTANTS,2.02,48
ITEX,1.27,94
IVAN S CAMERA 2017,1.67,6
IWC EXCAVATION,1.33,3
J 1 CONTRACTING,3,2
J D G CONSTRUCTION MANAGEMENT,3,1
J E ENTERPRISES,1.33,6
J J LEPERA INFRASTRUCTURES,3,1
J J TRAILERS MANUFACTURERS AND SALES,2.5,2
J L RICHARDS ASSOCIATES,1.84,38
J M J HOLDINGS,1.4,5
J M LEDRESSAY ASSOCIATES,3,1
J N A LEBLANC ELECTRIQUE,4,1
J O THOMAS ASSOCIATES,3.43,7
J P GRAVEL CONSTRUCTION,1.83,6
J STERLING INDUSTRIES,1,1
J W LINDSAY ENTERPRISES,7,2
JACOB BROS CONSTRUCTION,4,1
JANKEL TACTICAL SYSTEMS,2.5,4
JASCO APPLIED SCIENCES CANADA,1.92,12
JASPER CONCRETE,1.75,8
JASTRAM ENGINEERING,2,2
JAVELIN TECHNOLOGIES,1,3
JCB,1,1
JEAN DAOUST CONSTRUCTION,4,1
JEMTEC,1,1
JEOL CANADA,1,4
JERRY BERGEN MEDICAL,1,1
JHT DEFENSE,1.05,19
JIM PATTISON INDUSTRIES,1.22,23
JJM CONSTRUCTION,3,3
JOAN HOLMES ASSOC,1.56,9
JOHN HOWARD SOCIETY,2.95,76
JOHN WILEY SONS,1,10
JOHNSON CONTROLS CANADA,1.91,11
JOHNSON S CONSTRUCTION,2.43,7
JOKINEN LAW PROFESSIONAL,3,1
JONELJIM CONCRETE CONSTRUCTION,3.27,11
JONES LANG LASALLE,2.73,11
JOSEPH ELIE,1,6
JOSEPH RIBKOFF,2,1
JOWA FAHRZEUGTEILE VERTRIEBS,1.33,3
JP2G CONSULTANTS,2.2,30
JSK NAVAL SUPPORT,1.5,2
JUMEC CONSTRUCTION,1.6,5
JUMPING ELEPHANTS,1.67,3
JUNO RISK SOLUTIONS,1.55,11
JWT JUNGENTHAL WEHRTECHNIK,2,1
K C E CONSTRUCTION,6,1
K L CONSTRUCTION ONTARIO,2.5,2
K RITE CONSTRUCTION,6,1
KANTER MARINE,3.12,8
KASIAN ARCHITECTURE INTERIOR DESIGN,1.78,18
KAYWAY INDUSTRIES,1,4
KEHOE MARINE CONSTRUCTION,1.25,4
KENN BOREK AIR,1.63,19
KETZA PACIFIC CONSTRUCTION,1.57,7
KEYDATA ASSOCIATES,2.5,4
KEYSIGHT TECHNOLOGIES CANADA,1.5,6
KEYSTONE ENVIRONMENTAL,4.12,8
KEYSTONE SUPPLIES INTERNATIONAL,1.3,10
KF AEROSPACE,2,13
KFN ENTERPRISES PARTNERSHIP,1,1
KGS GROUP CONSULTING ENGINEERS,7,3
KIA CANADA,1.13,15
KILEY PAVING,1,2
KINETIC CONSTRUCTION,2.7,10
KINETIC MACHINE WORKS,4,2
KING HOE EXCAVATING,1.5,2
KINGHAVEN PEARDONVILLE HOUSE SOCIETY,3,2
KINGS ENTERPRISES,1,1
KINGSVIEW CONSTRUCTION,1.67,3
KLEYSEN GROUP,1,1
KMS INDUSTRIES,1.25,4
KNAPPETT INDUSTRIES,1,3
KNOLL NORTH AMERICA,1.12,8
KNOWLEDGE CIRCLE,1.32,34
KODIAK GROUP HOLDINGS,3,1
KONE,2.06,16
KONGSBERG,1.33,12
KONICA MINOLTA BUSINESS EQUIPMENT,1,9
KONICA MINOLTA BUSINESS SOLUTIONS,2.4,101
KONTZAMANIS GRAUMANN SMITH,1.38,21
KORN FERRY CA,1.6,5
KPMG,1.84,70
KRAUSS MAFFEI WEGMANN,1,9
KROMAR PRINTING,1.2,5
KUBOTA CANADA,1,4
KUDLIK CONSTRUCTION,3.8,5
KURT J LESKER CANADA,1,1
KWC ARCHITECTS,2.08,13
KYNDRYL CANADA,1,5
L A HEBERT,2.75,4
L AGENCE,2,4
L BREAU AND SONS,1.4,5
L D WATSON E S MACEWEN ALLAN,2.29,7
L P ROYER,2,3
L W DENNIS CONTRACTING,5.5,2
L3HARRIS,2.18,34
LABO S M GROUPE ABS,3,1
LABORATOIRES OMEGA,1,1
LAKESHORE HELICOPTERS,1.29,7
LANDAUER INLIGHT,1.5,2
LANDCO CONSTRUCTION,1.5,4
LANDFORM CIVIL INFRASTRUCTURES,5,2
LANGUAGE MARKETPLACE,1.44,16
LANGUAGE RESEARCH DEVELOPMENT GROUP,1.6,52
LANNICK CONTRACT SOLUTIONS,2.68,28
LANSDOWNE TECHNOLOGIES,1.4,15
LAPORTE,1.3,10
LAPORTE EXPERTS CONSEILS,2,2
LARCH HALF WAY HOUSE OF SUDBURY,4,4
LARRY PENNER ENTERPRISES,1,3
LAURENTIAN TECHNOLOGIES,1.09,11
LAVAL FORTIN,3,1
LAVERGNE CONSTRUCTION 1988,1.6,5
LAZY H TRAIL COMPANY,1,2
LE GROUPE DRUMCO CONSTRUCTION,2,1
LEAN AGILITY,1.14,7
LEAR CONSTRUCTION,6,1
LEC ENGINEERING CONTRACTING,10,1
LEDCOR CONSTRUCTION,4,1
LEGER MARKETING,1.67,9
LEIGHTON CONTRACTING 2009,3,2
LEMAY,1.75,4
LENGKEEK VESSEL ENGINEERING,3.67,9
LEO PISCES SERVICES GROUP,2,16
LEONARDO,3.29,7
LES AUTOBUS E MENARD ET FILS,1,1
LES CONSTRUCTIONS BELAND,1.5,2
LES CONSTRUCTIONS BINET,3,4
LES CONSTRUCTIONS DES ILES,3.75,4
LES COUVERTURES ST LEONARD,4,1
LES ENQUETES HENRI,1.23,22
LES ENTREPRISES FERVEL,2.89,9
LES ENTREPRISES MICHAUDVILLE,6,1
LES ENTREPRISES P E C,2.82,11
LES ENTREPRISES PREBBEL,2.45,11
LES ENTREPRISES ROBERT SANFACON,1.67,3
LES ENTREPRISES SAMSON ENTERPRISES,1.2,5
LES ENTREPRISES SIFEC NORD,1,1
LES EQUIPEMENTS CLAUDE PEDNEAULT,3.67,3
LES HUILES DESROCHES,1.07,15
LES INSTALLATIONS ELECTRIQUES,3,1
LES TRADUCTEURS REUNIS,1.5,4
LES TRADUCTIONS TESSIER,1.14,21
LES TRAITEURS BYTOWN CATERING,2,1
LESAGE DAVID DR,1.6,5
LESLIE BENN CONTRACTING,2,5
LEVAERO AVIATION,1,9
LEVERAGE TECHNOLOGY RESOURCES,3,6
LEVITT SAFETY,1.55,11
LEXISNEXIS CANADA,2.47,15
LIFE TECHNOLOGIES,1.81,31
LIFELABS,1.33,3
LIFESPEAK,3.25,4
LIFTKING MANUFACTURING,1.5,2
LIKE 10,2.71,7
LIMEN GROUP CONST,4.5,2
LINDSAY CONSTRUCTION,3.33,3
LINOVATI,2.82,22
LIONBRIDGE,1.81,124
LLOYD LIBKE LAW ENFORCEMENT SALES,1.33,3
LLOYD S REGISTER CANADA,1.14,7
LOCKHEED MARTIN,2.73,11
LOGISTIK UNICORP,1.8,15
LOISELLE,1.5,2
LOTEK WIRELESS,1.4,5
LOUIS W BRAY CONSTRUCTION,5,8
LOWE MARTIN COMPANY,1.35,17
LRO STAFFING,1.4,15
LS TELCOM,2,2
LUCIRA HEALTH,1.5,2
LUMINA IT,1.6,143
LUMINULTRA TECHNOLOGIES,1.5,2
LUXTON CONSTRUCTION,1.64,11
LUXTON CONSTRUCTION PLAINS,1.2,5
LWG ARCHITECTURAL INTERIORS,1.73,11
LYNLEY CONTRACTING SERVICES,1.43,7
M 2 GROUP,3.5,2
M A INDEPENDENT BUILDING SERVICES,7,1
M D CHARLTON,1.5,8
M D STEELE CONSTRUCTION,3,1
M R ENGINEERING,3.6,5
M SULLIVAN SON,2,2
MACDONALD DETTWILER AND ASSOCIATES,2.38,60
MACEWEN PETROLEUM,1.43,14
MACK TRUCKS,4,1
MACKINNON AND OLDING,1.15,13
MACONNERIE DYNAMIQUE,3,6
MACONNERIE RAINVILLE ET FRERES,5.4,5
MADSEN DIESEL TURBINE,1.11,18
MAGAL S3 CANADA,1.25,4
MAGELLAN AEROSPACE,1.5,4
MAGNET FORENSICS,2,6
MAISON CHARLEMAGNE,2,2
MAISON CROSS ROADS DE LA SOCIETE,2.75,4
MAISON DECISION HOUSE,2.5,2
MAISON JEUN AIDE,2.5,2
MAISON JOINS TOI,6.5,2
MAISON PAINCHAUD,4,2
MAISON RADISSON,3.5,2
MAKWA RESOURCING,2.74,31
MALLEN GOWING BERZINS,1.67,6
MAN ENERGY SOLUTIONS CANADA,1,1
MANIFEST COMMUNICATIONS,4.33,3
MANITEX LIFTKING,1,1
MANPOWER SERVICES CANADA,1.58,12
MAPLE LEAF ROPES,1,1
MAPLE REINDERS CONSTRUCTORS,5.25,4
MAPLE RIDGE MECHANICAL CONTRACTING,4,1
MAPLESOFT CONSULTING,1.98,250
MARCO MARITIMES,2,1
MARINE CONTRACTORS,1.43,7
MARINE RECYCLING,1.29,7
MARINENAV,2.04,23
MARITECH CONSTRUCTION,2.33,3
MARITIME FENCE,3,4
MARITIME FUELS,1.18,17
MARKIDO,2.2,10
MARRBECK CONSTRUCTION,7,1
MARSHALL AEROSPACE,2,1
MARTEC,1.6,5
MARTECH ELECTRICAL SYSTEMS,4.33,3
MASKIMO CONSTRUCTION,5.33,3
MASONTECH,7,3
MATANE PRODUCTION,3,1
MATCON ENVIRONMENTAL,1.4,5
MATCON EXCAVATION SHORING,2.29,14
MATRIX AVIATION SOLUTIONS,1,2
MAVERIN,2,9
MAVERIN BUSINESS SERVICES,1.55,11
MAXIM 2000,6.6,5
MAXIMUS CANADA,1,1
MAXSYS STAFFING AND CONSULTING,1.46,84
MCAFEE INTERNATIONAL,2,1
MCCOLMAN SONS DEMOLITION,1.33,3
MCDONALD BROS CONSTRUCTION,5,1
MCELHANNEY ASSOCIATES,2.11,37
MCGILL UNIVERSITY,1.46,13
MCGREGOR GEOSCIENCE,3,2
MCKESSON CANADA,1,25
MCKINSEY AND COMPANY,1.2,5
MCKNIGHT ENTERPRISES,2,3
MCMASTER UNIVERSITY,1.25,4
MCNALLY CONSTRUCTION,1.83,6
MCW CONSULTANTS,1,7
MCW CUSTOM ENERGY SOLUTIONS,1.86,7
MDOS CONSULTING,2.22,23
MEAD AUTOMATION SOLUTIONS,1,1
MEAL KIT SUPPLY CANADA,5,1
MED ENG HOLDINGS,1,3
MEDALLION MILK,1,1
MEDAVIE,3,4
MEDI SELECT,2,2
MEDIA Q,1.21,29
MEDTRONIC CANADA,2,1
MEEWASINOTA CRF,1.33,3
MEGA POWER INSTALLATIONS,1.33,6
MEGA TECH,1.17,6
MEGALEXIS COMMUNICATIONS,1.69,35
MEGGITT,3,3
MELTWATER NEWS CANADA,1.5,14
MERCER CANADA,2,4
MERCK FROSST,1.67,3
MERCURY MARINE,1.33,6
MERIDIAN ENGINEERING,2,14
MERIDIAN MEDICAL TECHNOLOGIES,2,3
MESSA COMPUTING,2.44,25
METALCRAFT MARINE,1,1
METOCEAN TELEMATICS,2.92,12
METRO LOGISTICS,4,1
METRO PAVING AND ROAD BUILDING,2,9
MGIS,1.83,30
MHV SERVICES D HYGIENE,1.52,23
MICHAEL WAGER CONSULTING,1.84,37
MICHANIE CONSTRUCTION,2,9
MICHELIN,1,2
MICRONOSTYX,2,3
MICROSOFT CANADA,2.19,169
MID CANADA MOD CENTER,1.11,18
MID VALLEY CONSTRUCTION,1.5,2
MIKE KELLY SONS,2.5,2
MILESTONE ENVIRONMENTAL,2.67,9
MILLBROOK TACTICAL,1.57,7
MILLENNIUM LIMOUSINE SERVICE,3,1
MILLER PAVING,2,1
MILLER WASTE SYSTEMS,1.18,11
MILLIPORE CANADA,2,3
MILTEX SOLUTION CANADA,1,1
MILTEX SOLUTIONS CANADA,1.2,5
MINDWIRE SYSTEMS,2.27,376
MINE EODCLR,1,1
MINISTER OF FINANCE SASKATCHEWAN,1,1
MINISTRY OF FINANCE,1,2
MIREMS,1.5,10
MISHKUMI TECHNOLOGIES,1.11,27
MITSUBISHI MOTOR SALES,1.8,40
MKDS TRAINING,1,2
MLS OVERSEAS,1.12,154
MNP,1.92,36
MOBILE RESOURCE GROUP,2.17,6
MOBILITY LAB,1,1
MODERN CONSTRUCTION,1.5,2
MODERN NIAGARA ALBERTA,1.14,7
MODIS CANADA,2.13,380
MOERAE SOLUTIONS,2.08,13
MOMENTUM SOLUTIONS,1.22,9
MONERIS,1,2
MOORE CANADA,2.06,16
MORIYAMA TESHIMA ARCHITECTS,6.5,2
MORNEAU SHEPELL,3.19,16
MORPHO CANADA,3.75,4
MORRISON HERSHFIELD,1.3,23
MOSS DEVELOPMENT,3.67,3
MOTOR COACH INDUSTRIES,1,1
MOTOROLA SOLUTIONS CANADA,1.28,57
MOUNTAIN ROCK STABILIZATION,1,4
MRS MANAGEMENT AND,1,1
MTC LAW,3,1
MTE LOGISTIX EDMONTON,2,1
MTM 2 CONTRACTING,2.25,4
MTS ALLSTREAM,1.27,95
MUFACTOR,1,1
MULTINATIONAL LOGISTIC SERVICES,1,11
MULTISHRED,1.5,4
MUNICIPAL READY MIX,2,6
MUNICIPALITY OF THE COUNTY OF KINGS,1,1
MURRAYS MILLWOOD MANOR,2,1
MURRAYS WINDERMERE GARDENS,2,2
MUSTANG HELICOPTERS,1.44,9
MUSTANG SURVIVAL,1.43,7
MWCO,1.33,3
MYTICAS CONSULTING,1.5,2
N P A,1,1
N12 CONSULTING,3.38,8
"NADINE INTERNATIONAL",1.53,15
"NAHANNI CONSTRUCTION",5.67,3
"NANOMETRICS",2,1
"NAPPAQ DESIGN CONSTRUCTION",3,1
"NASITTUQ",3,1
"NATIONAL ARTS CENTRE",4,1
"NATIONAL STRUCTURES",2.67,3
"NATIONAL TEST PILOT SCHOOL",1,2
"NATIONS TRANSLATION GROUP",1.5,88
"NATIVE CLAN ORGANIZATION",1.67,3
"NATO SEASPARROW SURFACE MISSILE SYSTEM PROJECT",1,6
"NATTIQ",1.7,27
"NAUT MAWT TRIBAL COUNCIL",1,1
"NAV CANADA",1.56,9
"NAVAMAR",1.75,4
"NAVPOINT CONSULTING GROUP",2.15,13
"NAVTECH",6.33,3
NDL CONSTRUCTION,6,2
NELSON ENVIRONMENTAL REMEDIATION,1,6
NEOPOST CANADA,1,1
NEPTEC DESIGN GROUP,1.67,3
NEPTUNE SECURITY SERVICES,1.86,7
NEUROSCOPE,6,1
NEVADA AUTOMOTIVE TEST CENTER,2,1
NEW ENGLAND BIOLABS,1,2
NEW TECHNOLOGIES,1.5,4
NEWDOCK ST JOHN S DOCKYARD,1.61,31
NEWFOUND RECRUITING,1.47,47
NEWFOUNDLAND HELICOPTERS,1,4
NEXTER SYSTEMS,1,1
NFOE,2.67,6
NICHE TECHNOLOGY,1,1
NIKON CANADA,2,1
NIMBLE INFORMATION STRATEGIES,1.6,10
NISHA TECHONOLOGIES,1.33,323
NISSAN CANADA,1.64,14
NITAM SOLUTIONS,1,9
NITRO CONSTRUCTION,2.6,5
NKE INSTRUMENTATION,1,3
NMC DYNAPLAS,1,1
NOKIA CANADA,1,1
NORDMEC CONSTRUCTION,2,2
NORR,2.44,25
NORTAC DEFENCE,1.33,3
NORTAK SOFTWARE,1.89,9
NORTH AMERICA CONSTRUCTION,5,1
NORTH ATLANTIC PETROLEUM,1,3
NORTH BAY HYDRO,1,1
NORTH CARIBOO AIR,1.58,24
NORTH COUNTRY MAINTENANCE,1,1
NORTHEAST TREE TRIMMING,5,2
NORTHERN CONSTRUCTION,2,6
NORTHERN CONTRACTING,4,1
NORTHERN MICRO,1.32,358
NORTHFIELD METAL PRODUCTS,1,2
NORTHROP GRUMMAN,2.5,4
NORTHWEST HYDRAULIC CONSULTANTS,1.33,3
NORTHWEST MARINE TECHNOLOGY,1,1
NORTHWESTEL,1.89,9
NORTRAX CANADA,1.2,5
NOTRA,1.4,5
NOVA CONSTRUCTION,3,2
NOVA NETWORKS,1.06,17
NOVA SCOTIA POWER,1.44,9
NOVASCOTIA POWER,1,1
NOVIPRO,1.5,2
NOYE AND NOYE,2,2
NP AEROSPACE CANADA,1.75,4
NRNS,2,11
NU VIEW HOMES,6,1
NUA OFFICE,1,11
NUCTECH COMPANY,1.5,2
NUIX NORTH AMERICA,2.5,4
NUMBER TEN ARCHITECTURAL GROUP,2.17,23
NUMERIS,1,2
NUNA EAST,5.5,2
NUNAVUT ARCTIC SERVICES,1,1
NUR CONSTRUCTION,1,5
OCEAN NAVIGATION,1,2
OCEAN PACIFIC MARINE SUPPLY,1.33,3
OCLC CANADA,5,2
OEI KRUEGER,1.08,25
OGILVY MONTREAL,3,4
OKANAGAN AGGREGATES,2.06,16
OKANAGAN HALFWAY HOUSE SOCIETY CRF,2,4
OLIN,1.83,6
ONICA TECHNOLOGIES CANADA,1,1
ONIX NETWORKING CANADA,5.5,2
ONLINE CONSTRUCTORS,1.46,13
ONTARIO DENTAL ASSOCIATION,1.45,64
ONX ENTERPRISE SOLUTIONS,1.14,22
OPEN GEOSPATIAL CONSORTIUM,1.4,5
OPEN STORAGE SOLUTIONS,1,5
OPENFRAME TECHNOLOGIES,1.74,23
OPENTEXT,1.44,63
OPROMA,2.31,13
OPSIS,1,6
OPSIS GESTION INFRASTRUCTURES,1,2
OPTIV CANADA FEDERAL,1,6
ORACLE CANADA,2.6,30
ORANGUTECH,1.57,44
ORBIS RISK CONSULTING,1.23,13
OSKAR CONSTRUCTION,1.57,7
OTIS ELEVATOR,2.06,16
OTTAWA BUSINESS INTERIORS OBI,1,2
OTTAWA CONVENTION CENTRE,1,2
OTTAWA GREENBELT CONSTRUCTION,2,2
OTTAWA MARRIOTT HOTELS INNVEST HOTELS GP,1,15
OUTLAW EAGLE MANUFACTURING,1,2
OVID TECHNOLOGIES,1.33,3
OXFORD ECONOMICS USA,1.5,2
OXFORD NANOPORE TECHNOLOGIES,1.5,2
P B ENTREPRISES,1,1
P C MCNEILL CONTRACTING,2.17,6
P K WELDING FABRICATORS,5,1
PACIFIC GEOMATICS,3,1
PACIFIC INDUSTRIAL MARINE,1.71,21
PACIFIC SAFETY PRODUCTS,1.86,14
PACWILL ENVIRONMENTAL,2,4
PAD CAR MECHANICAL,1,2
PAGEAU MOREL ASSOCIES,2.3,10
PAL AEROSPACE,4.07,14
PALADIN GROUP,1.67,33
PALFINGER MARINE,1.33,9
PAN AMERICAN DEVELOPMENT FOUNDATION,1,1
PANASONIC,1,9
PARKLAND,2.73,11
PARKLAND FUEL,1,2
PARKLAND INDUSTRIES,2.22,9
PARKLAND REFINING,1.4,10
PARLEVIEW,3,1
PARSONS CANADA,2.77,26
PATLON AIRCRAFT INDUSTRIES,2,10
PATTISON SIGN GROUP,1.06,16
PAVEX,2,1
PCL CONSTRUCTORS,2.45,40
PEERLESS GARMENTS,1.67,6
PENN CONSTRUCTION CANADA,4.67,3
PENNANT CANADA,2,2
PENNECON,1.8,15
PEPCO,1.07,14
PEPIN FORTIN CONSTRUCTION,1,1
PERCEPTICS,8.67,3
PERSISTENT SYSTEMS,1,1
PETER J KINDREE ARCHITECT,2.17,12
PETER KIEWIT SONS,3,1
PETERS CONSTRUCTION,1.5,4
PETRO AIR SERVICES,1,1
PETROVALUE PRODUCTS,1,8
PFIZER CANADA,1,2
PHASELOCK SYSTEMS INTERNATIONAL,1,2
PHOENIX DRUG ALCOHOL RECOVERY,2.33,3
PHOENIX STRATEGIC PERSPECTIVES,1.33,3
PIDHERNEY S,2.5,2
PILITAK ENTERPRISES,2,2
PIONEER CONSTRUCTION,5,1
PIPE QUEST PROJECTS,6,1
PITNEY BOWES,2.25,28
PIVOTAL POWER,1,1
PLANET LABS GEOMATICS,1,2
PLEIAD CANADA,1.52,23
PMB ELECTRICAL SERVICES,2.42,24
PMG TECHNOLOGIES,2.03,33
PODOLINSKY EQUIPMENT,1,5
POINT HOPE MARITIME,1.6,5
POLARIS INDUSTRIES,1.14,14
POMERLEAU,4.31,16
PORT OF SPAIN HOLDINGS,1.29,7
PORTAGE PERSONNEL,1.56,39
POSTMEDIA NETWORK,1.4,5
POWER AUCTIONS,1.75,4
PR3 MEDIAS,2.5,2
PRA,1.69,16
PRAGMATIC CONFERENCING,4,1
PRECISIONIT,1.58,53
PRICEWATERHOUSE COOPERS,2.12,381
PRIMEX PROJECT MANAGEMENT,2.67,6
PRINCE GEORGE ACTIVATOR,4,1
PRINTERS PLUS,1.86,28
PRISM ENGINEERING,1,3
PROCOM CONSULTANTS,2.41,135
PROLINE ADVANTAGE,1,1
PROLOGIC SYSTEMS,1.32,31
PROMAXIS,1.78,113
PRONEX EXCAVATION,3,2
PROOF EXPERIENCES,2.14,7
PROQUEST,1,10
PROSCI CANADA,1.3,10
PROTAK,1,1
PROTAK CONSULTING GROUP,1.73,70
PROVENCHER ROY ASSOCIES,1.67,12
PURELOGIC,1.2,20
PURESPIRIT SOLUTIONS,1.17,35
PUROLATOR,1.55,20
PYLON ELECTRONICS,1.5,2
QATAR AIRWAYS,3.6,5
QIAGEN,2,3
QINETIQ,2,5
QM ENVIRONMENTAL,1.69,16
QMR,1.46,183
QUAD PRO CONSTRUCTION,1,1
QUADBRIDGE,1,1
QUANTUM MANAGEMENT SERVICES,1.54,57
QUARTZ NATURE,1,1
QUEEN S UNIVERSITY,1.12,8
QUINAN CONSTRUCTION,2.2,10
QUINTET CONSULTING,1.23,53
QUOREX CONSTRUCTION SERVICES,3.38,8
QUORUM,5.5,2
QUORUS CONSULTING GROUP,1.18,11
R A MALATEST ASSOCIATES,1.2,5
R C M MODULAIRE,9,1
R D CONSTRUCTION,3.5,2
R E GILMORE INVESTMENTS,1.6,15
R GUILBEAULT CONSTRUCTION,3,1
R J MACISAAC CONSTRUCTION,1,1
R LAMBA FORENSIC PSYCH SERVICE,1,1
R R INTERNATIONAL TRANSLATION,1.25,40
R W TOMLINSON,2.83,6
RACEROCKS 3D,1,2
RACING FORENSICS,1,1
RADIATION SOLUTIONS,3,4
RAMPART INTERNATIONAL,1.62,8
RANDSTAD,2.13,454
RAPISCAN SYSTEMS,3.25,4
RATIO ARCHITECTURE INTERIOR DESIGN,2.46,13
RAYMOND CHABOT GRANT THORNTON,1.43,97
RAYTHEON,1.62,8
REDACTED,1,2
REDI FORM CONSTRUCTION,1.6,5
REDMANGO MEDIA,2,2
REDWOOD PERFORMANCE GROUP,1,2
REFORMAR,2.5,2
REGENT CONSTRUCTION,6.67,3
REHAB,3,4
RENOKREW,2,1
REPARATIONS NAVALES ET INDUSTRIELLES OCEAN,1.43,46
REPUBLIC ARCHITECTURE,1.91,53
RESIDENCE CARPEDIEM,3,4
RESIDENCE LAFLEUR,1.67,3
REVISION MILITARY,1.5,2
REVOLUTION EVENTS,1,3
RGB MEDIA,1.33,9
RGT CLOUTHIER CONSTRUCTION,1,9
RHEA,1.08,13
RHEINMETALL,2.05,22
RICOH,1.59,277
RIGGS ENGINEERING,1.56,9
RIGHTWAY SANITATION SERVICES,1,2
RISK SCIENCES INTERNATIONAL,1.5,18
RJG CONSTRUCTION,1.92,26
RMS SOFTWARE,1.44,9
ROBERT ALLAN,2.33,3
ROBERTSON GEOCONSULTANTS,1,2
ROBERTSON MARTIN ARCHITECTS,3.91,11
ROBIN ELECTRIC,3,2
ROCHE DIAGNOSTICS,1.33,9
ROCKWELL COLLINS CANADA,1,2
ROGERS,3.28,29
ROHDE SCHWARZ CANADA,1.67,3
ROLLING TIDES CONSTRUCTION,1,3
RONA,1,5
RONALD J POIRIER PROFESSIONAL,3,1
RONDAR,1.67,3
ROOF TILE MANAGEMENT,6,1
ROSBOROUGH BOATS,2.09,11
ROSCOE CONSTRUCTION,2.8,5
ROSS AND ANGLIN,2.5,2
ROUDEL MEDICAL AND SURGICAL,1.5,2
ROXBORO EXCAVATION,5,3
ROYS CHEVROLET BUICK GMC,2,1
RPL ARCHITECTS,3,1
RTG PROTECH,1.25,12
RUSSEL METALS,1,7
RUSSELL CHERNOFF RAND THOMPSON,1.67,12
RYCOM,4.22,9
S P GLOBAL MARKET INTELLIGENCE,1.55,11
S W WEEKS CONSTRUCTION,1,1
SAAB,1.67,6
SABA SOFTWARE,4.6,5
SALESFORCE CANADA,1.14,7
SALISH SEA INDUSTRIAL SERVICES,1.38,8
SALVATION ARMY,3.39,36
SAMSON AND ASSOCIATES,1.33,6
SAMSON ASSOCIATES CPA CONSULTING,1.27,11
SAMSON ASSOCIES,1.43,108
SAMSON ASSOCIES CPA CONSULTATION,1.14,7
SANDOZ CANADA,1.5,4
SANEXEN SERVICES ENVIRONMENTAUX,1.55,11
SANI SABLE LB,3.09,11
SANI SPORT,1,1
SANTE MONTFORT,1,1
SAP,2.34,44
SAPPER LABS CYBER SOLUTIONS,1,1
SARTORIUS STEDIM NORTH AMERICA,1.4,5
SAS AIR,1.29,7
SAS INSTITUTE,2.14,14
SASKTEL,2.11,9
SCA SHIPPING CONSULTANTS ASSOCIATED,1.04,68
SCANSA CONSTRUCTION,2,5
SCHOELER HEATON ARCHITECTS,1.79,14
SDL INTERNATIONAL CANADA,1.5,4
SEACOAST MARINE ELECTRONICS,1.29,7
SEAFIRST CONSTRUCTION,1.6,5
SEAGATE CONSTRUCTION,2.58,12
SEALITE USA,1.17,6
SEASONS CULINARY SERVICES,1,2
SEASPAN VICTORIA SHIPYARDS,3,2
SEAWATCH,1.75,4
SEAWAVES DEVELOPMENT SERVICES,3,2
SEAWAY CONSTRUCTION MANAGEMENT IN,2.5,2
SECURE ENERGY ONSITE SERVICES,2,1
SECUREKEY TECHNOLOGIES,1.5,2
SECURIGUARD SERVICES,1,1
SED SYSTEMS,3,1
SEEGENE CANADA,2,1
SEGUIN MORRIS,1.8,10
SELECT GLOBAL INTERNATIONAL,1,1
SEMANTIC CONSULTING,2.17,6
SENSTAR,1.29,7
SENSUS COMMUNICATION SOLUTIONS,3.6,5
SEPW ARCHITECTURE,2.1,10
SEQIRUS CANADA,1.5,2
SERCO,2.67,3
SERVICE STAR BUILDING CLEANING,2.93,15
SERVICES D AIDE EN PREVENTION DE LA CRIMINALITE,6,2
SERVICES LINGUISTIQUES VERSACOM,1.43,7
SETANTA CONTRACTING,1.18,22
SEYEM,1,1
SGS AXYS ANALYTICAL SERVICES,1.5,4
SHARP ELECTRONICS,1.49,109
SHAW CABLE,2,3
SHELL CANADA PRODUCTS,1.13,45
SHELTER NOVA SCOTIA,5,3
SHI CANADA,1.14,7
SHM CANADA CONSULTING,1.53,19
SHOULDICE MECHANICAL,1.5,2
SHRMA ARCHITECTS IN JOINT VENTURE,7,1
SI SYSTEMS,2.36,720
SIEMENS,1.46,52
SIERRA SYSTEMS GROUP,2.41,22
SIFEC NORTH,3,6
SIGMA SAFETY,5,1
SIGN LANGUAGE INTERPRETING,2.68,22
SIGNATURE SUR LE SAINT LAURENT,3,1
SIKORSKY AIRCRAFT,3,1
SILLIKER,1,7
SIMEX DEFENCE,1.11,38
SIMO MANAGEMENT,1,4
SIMONSON CONSTRUCTION,1,2
SIMPLEX GRINNELL,2,30
SIMPSON BUILDING CONTRACTORS,1,3
SKILLSOFT CANADA,7,1
SKRETTING,1,3
SKY CANOE,2,1
SLR CONSULTING CANADA,1.67,60
SMITHS DETECTION,2.34,29
SNAP ON TOOLS OF CANADA,1.2,5
SNC LAVALIN,2.01,203
SOCIETE ELIZABETH FRY DU QUEBEC,4.33,3
SOCIETE EMMANUEL GREGOIRE,2,8
SOFTCHOICE,2.07,82
SOFTSIM TECHNOLOGIES,1.61,38
SOFTWARE ENGINEERING OF AMERICA,1,1
SOLACE,1.25,4
SOLANA NETWORKS,1.67,3
SOLOTECH,1.73,22
SOLUDOC,2.08,13
SOLUTIONS MOERAE,1.88,17
SOMOS,1.35,20
SOUTHWEST RESEARCH INSTITUTE,1,2
SOVO TECHNOLOGIES,4,1
SPACE STRATEGIES CONSULTING,1,3
SPARTAN BIOSCIENCE,1,1
SPEARHEAD MANAGEMENT CANADA,1.22,9
SPECIALTY BUILDING SERVICES,3,5
SPERRA CONSTRUCTION,2,6
SPRINGER VERLAG,1,1
SPRINGHILL CONSTRUCTION,9,1
SRA STAFFING SOLUTIONS,2,15
ST AIRBORNE SYSTEMS,1.33,3
ST DENIS THOMPSON,5.67,3
ST GELAIS MONTMINY ASSOCIES,3.11,9
ST ISIDORE ASPHALTE,3,1
ST JOHN AMBULANCE,2.33,3
ST JOSEPH PRINT GROUP,1.33,18
ST LEONARD S COMMUNITY SERVICES,4.8,5
ST LEONARD S SOCIETY HAMILTON,2.43,7
ST LEONARDS HOUSE WINDSOR,2,3
ST LEONARDS PLACE PEEL,1.8,5
ST LEONARDS SOCIETY OF NORTH VANCOUVER,2.75,4
ST LEONARDS SOCIETY OF PETERBOROUGH EDMISON HOUSE,2.5,2
ST OPS TACTICAL TRAINING CANADA,1,5
ST PATRICKS HOUSE SOCIETY,5,1
STANFIELDS,1,1
STANLEY CONSTRUCTION,1.6,5
STANTEC,1.89,441
STAPLES ADVANTAGE CANADA,1,1
STEDFAST,1,3
STEPPED CARE SOLUTIONS,3,1
STERIS CANADA,1.33,15
STERLING FUELS,1,10
STIFF SENTENCES,1.4,5
STONEHENGE THERAPEUTIC COMMUNITY,2.5,2
STONEWORKS TECHNOLOGIES,1.19,37
STRATOS,1.38,29
STRONG BROS GENERAL CONTRACTING,2.4,10
SUBARU CANADA,1.25,12
SUMMIT CANADA DISTRIBUTORS,1.29,7
SUN LIFE ASSURANCE COMPANY,3.25,4
SUNCOR ENERGY,1.04,24
SUPER CHANNEL INTERNATIONAL,1.14,7
SUPERIOR CONTRACTING,1,2
SUPERMAX HEALTHCARE CANADA,1,1
SUPREMEX,1.67,15
SURE FORM CONTRACTING,1,1
SUSE SOFTWARE SOLUTIONS CANADA,3,1
SUSTAINABLE TRAILS 2011,1.83,6
SUTHERLAND EXCAVATING,1.68,31
SWITCH HEALTH,1.5,4
SYFT TECHNOLOGIES,3.5,2
SYLVIE ROY,1,4
SYM COMMUNICATIONS,1.13,15
SYMCOR,2,1
SYNERGIE MEDICALE BRG,2,1
SYNERSOLUTIONS TECHNOLOGIES,1.5,2
SYNTAGME,1.6,5
SYSCO,1,3
SYSCO SERCA FOOD SERVICES ATLANTIC,2.12,8
SYSTEMATIX SOLUTIONS,2.39,101
SYSTEMES URBAINS,2,1
SYSTEMS FOR RESEARCH,2,1
SYSTEMSCOPE,2.14,49
T E S THE EMPLOYMENT SOLUTION,2,4
T J NOLAN CONSTRUCTION,1.83,6
T R HINAN CONTRACTORS,1.5,2
T3P CONSTRUCTION,2.5,2
TACS,1,5
TAG HR,1.32,37
TAG HR THE ASSOCIATES GROUP,1.25,16
TALIGENT CONSULTING,2.22,23
TANGLE RIDGE CUSTOM CRUSHING,2,1
TANKATEK,1.23,13
TAURUS CONTRACTORS,1.42,12
TAYLOR FRANCIS,2,1
TAYLOR HAZELL ARCHITECTS,3.75,8
TCI TRANSLATORS CONFERENCE,1.67,3
TDI INTERNATIONAL,3.25,4
TECAN,1,1
TECHNE SEATING COMPONENT,1.67,3
TECHNO FEU,1.33,3
TECHNOMICS,2,1
TECHNOREM,2.44,16
TECSIS,3.33,3
TEEL TECHNOLOGIES CANADA,1.6,5
TEKNION,1.43,84
TEKSYSTEMS CANADA,3.38,216
TELECOM COMPUTER SERVICES,1.27,64
TELECOMMUNICATION SUPPORT SERVICES,1,1
TELEDYNE,1,9
TELEPHONICS,1,2
TELESAT,3.88,24
TELUS CANADA,1.96,75
TENAQUIP,1,9
TERAMACH TECHNOLOGIES,1.67,69
TERLIN CONSTRUCTION,5,3
TERVITA,1.69,13
TES CONTRACT SERVICES,2.29,94
TESTFORCE SYSTEMS,1.3,10
TETRA TECH,1.83,66
TFORCE FINAL MILE,1.67,3
THALES,1.78,18
THE AIM GROUP,1.96,212
THE BOEING COMPANY,2,2
THE CALGARY AIRPORT AUTHORITY,5,1
THE CANADA LIFE ASSURANCE COMPANY,1,1
THE CANNINGTON ABORIGINAL VENTURE,3.5,2
THE CONFERENCE BOARD OF CANADA,1.33,9
THE DELTIC GROUP,1,2
THE GLOBE AND MAIL,2,3
THE HALIFAX COMPUTER CONSULTING GROUP,1.82,11
THE HALIFAX GROUP,1.7,10
THE IT BROKER,2.33,3
THE KTL GROUP,1.94,17
THE MASHA KRUPP TRANSLATION GROUP,1.59,39
THE MATHWORKS,1.43,14
THE RIGHT DOOR,1.5,10
THE RIGHT DOOR CONSULTING,1.3,83
THE ROYAL ARCHITECTURAL INSTITUTE,3,2
THE STEVENS COMPANY,2.5,2
THE UNIVERSITY OF WESTERN ONTARIO,1,1
THE VCAN GROUP,2.67,18
THERMO FISHER SCIENTIFIC,1.24,51
THG THE HISTORY GROUP,1.18,17
THINKON,2,3
THINKPOINT,1,7
THOMAS SCHMIDT,1.61,18
THOMPSON BOILER WORKS,1.25,12
THOMSON REUTERS,1.72,18
THRIVE HEALTH,2,2
THYSSENKRUPP ELEVATOR,1.65,20
TIREE,2.02,94
TISSEUR,3.89,9
TITAN AEX,2.5,2
TITAN BOATS,1.56,9
TITANIUM CONSTRUCTION,2.33,6
TITUS,3,1
TOFCON CONSTRUCTION,2,2
TOM JONES,3,1
TOP ACES,1,33
TOROMONT,1.26,73
TORONTO BAIL PROGRAM,2,1
TORONTO PORT AUTHORITY,3,1
TORONTO STAMP,1,1
TOSHIBA CANADA,1.68,25
TOTEM OFFISOURCE,1.25,24
TOURE CLEANING SERVICES,2.23,13
TOYOTA,1.48,50
TPG TECHNOLOGY CONSULTANTS,3.1,312
TRACK24 CANADA,2.5,2
TRADUCTIONS PIERRE CLOUTIER,1,1
TRADUCTIONS SCRIPTIS,1,3
TRAINOR MECHANICAL CONTRACTORS,2.75,8
TRANE CANADA,1.7,10
TRANSCONTINENTAL PRINTING,1,1
TRANSPOLAR TECHNOLOGY,1.62,13
TRANSWEST AIR,1.2,5
TRAUGOTT BUILDING CONTRACTORS,3,2
TRAYTOWN BUILDERS,2.5,6
TRI STAR INDUSTRIES,1,2
TRI WAVE CONSTRUCTION,2,1
TRIDENT CONSTRUCTION,2.33,3
TRIPLEWELL CANADA,2,1
TRM TECHNOLOGIES,2.06,77
TROY LIFE FIRE SAFETY,1.7,10
TSI,1,2
TSUU T INA CONTRACTING GP,2,1
TULMAR SAFETY SYSTEMS,1.33,3
TUNDRA TECHNICAL SOLUTIONS,1.96,25
TURNER TOWNSEND,1.88,8
TURTLE ISLAND STAFFING,1.25,84
TYCO INTEGRATED FIRE SECURITY,1.67,24
TYR TACTICAL,1,5
U BUILD CONSTRUCTION,1,2
UBIQUS CANADA,1.21,28
ULTIMATE CONSTRUCTION,3.5,6
ULTRA ELECTRONICS,2.2,5
UNCHARTED SOFTWARE,1,2
UNIFORM WORKS,1,1
UNISOURCE,1.25,8
UNISYS CANADA,4.33,3
UNITED CHURCH HALFWAY HOMES,3,2
UNITED RENTALS,1.09,11
UNITED RENTALS OF CANADA,1.17,6
UNITED STATES DEPARTMENT OF THE AIR FORCE,1.83,6
UNITED STATES DEPARTMENT OF THE ARMY,1.33,12
UNITED STATES DEPARTMENT OF THE NAVY,1.2,10
UNIVERSAL HELICOPTERS,2.1,10
UNIVERSAL SHEET METAL,1.67,3
UNIVERSITE DE MONTREAL,1.44,9
UNIVERSITE DE SHERBROOKE,2,4
UNIVERSITE LAVAL,1.23,13
UNIVERSITE SAINTE ANNE,1.54,57
UNIVERSITY OF ALASKA FAIRBANKS,4,1
UNIVERSITY OF ALBERTA,1.36,25
UNIVERSITY OF BRITISH COLUMBIA,2,5
UNIVERSITY OF CALGARY,1.62,8
UNIVERSITY OF GUELPH,1.33,21
UNIVERSITY OF MANITOBA,1,1
UNIVERSITY OF NEW BRUNSWICK,1.57,14
UNIVERSITY OF OTTAWA,1.76,25
UNIVERSITY OF REGINA,1.5,2
UNIVERSITY OF SASKATCHEWAN,1.92,13
UNIVERSITY OF TORONTO,1.33,15
UNIVERSITY OF WATERLOO,1.33,12
UNIVERSITY OF WESTERN ONTARIO,1.67,6
UQSUQ,4,1
URBAN VALLEY TRANSPORT,1,1
URLACHER CONSTRUCTION,1,5
URTHECAST,1.33,3
UTILITIES KINGSTON,1.24,34
VAISALA CANADA,2.62,8
VALARD CONSTRUCTION,1,2
VALCOM CONSULTING,2.38,99
VALLEY REFRIGERATION,1,5
VALUE MASTER BUILDERS,1,2
VAN KAPPEL INTERNATIONAL,1,4
VANCOUVER AIRPORT AUTHORITY,3,1
VANCOUVER DRYDOCK COMPANY,1.33,3
VANCOUVER FRASER PORT AUTHORITY VFPA,3,1
VANCOUVER PILE DRIVING,2,6
VANCOUVER SHIPYARDS,3.88,16
VANRX PHARMASYSTEMS,1.5,2
VARD MARINE,3,2
VCI CONTROLS,1.36,14
VECTOR AEROSPACE,1,8
VENASSE BUILDING GROUP,2.33,3
VERITAAQ TECHNOLOGY HOUSE,2.94,887
VERITAS TECHNOLOGIES,2,4
VERREAULT NAVIGATION,2.1,10
VERSATERM,1,1
VERSATIL BPI,1,1
VETEMENTS COOKSHIRE,2.5,2
VFA CANADA,6,3
VFS GLOBAL,1.91,11
VIA TRAVAIL,2.12,8
VIDCRUITER,1.12,16
VIRTUAL POSSIBILITIES DIVISION,1,1
VISIONTEC,2,6
VMWARE,1.45,11
VOYAGEUR AVIATION,1,1
VOYAGEUR TRANSPORTATION,6,1
VVI CONSTRUCTION,4.75,4
VWR INTERNATIONAL,1,13
W S MORGAN CONSTRUCTION,2,6
WADE GENERAL CONTRACTING,1,4
WAHL CONSTRUCTION,1.06,16
WAINWRIGHT MARINE SERVICES,1,1
WAJAX,1.21,61
WAMPUM RECORDS,1.2,15
WARTSILA,1.25,64
WASAUKSING FIRST NATION,2,2
WASTE CONNECTIONS OF CANADA,1.38,21
WASTE MANAGEMENT OF CANADA,1.33,18
WATCH SYSTEMS L L C,2,1
WATCHGUARD VIDEO,1,2
WATERS,1.23,26
WATERSHED INFORMATION TECHNOLOGY,1.67,3
WATERWORKS CONSTRUCTION,1.2,5
WAZANA CLOTHING,3,1
WCG INTERNATIONAL CONSULTANTS,3,1
WEBSTER ELECTRIC,1.09,22
WEIR CANADA,3,1
WESCO DISTRIBUTION CANADA,2,7
WEST COAST TUG BARGE,1.29,7
WEST WIND AVIATION,1,1
WESTBURY NATIONAL SHOW SYSTEMS,1.21,14
WESTCO CONSTRUCTION,3,3
WESTCOAST GENESIS SOCIETY,2.17,6
WESTCOMB OUTERWEAR,2,1
WESTERN CANADA MARINE RESPONSE,1,2
WESTERN MATREIALS HANDLING EQUIPMENT,3,1
WESTERN MECHANICAL ELECTRICAL,2,2
WESTERN PETROLEUM,1.17,6
WESTJET,1,2
WESTOWER COMMUNICATIONS,1.47,17
WHITE BEAR INDUSTRIES,1,2
WHITECHURCH CONSTRUCTION,1.5,4
WHOOSHH INNOVATIONS,3,1
WILCO CONTRACTORS SOUTHWEST,3.57,7
WILD STONE ENGINEERING,1.5,2
WILDLIFE COMPUTERS,1,7
WILDROSE DISPOSAL,1,3
WILDSTONE CONSTRUCTION,2.57,7
WILLIAM J BARKER CLINICAL,3.5,2
WILLS TRANSFER,1.62,21
WINMAR CANADA INTERNATIONAL,5,1
WINMAR LONDON,1,3
WINNIPEG AIRPORT AUTHORITY,3,1
WINTERSTEIGER,1,2
WM M 1993,2.33,6
WOLTERS KLUWER,2.45,11
WOOD CANADA,1.42,55
WOOD ENVIRONMENT INFRASTRUCTURE,1.53,15
WOOD MACKENZIE,1,1
WOODWARD S OIL,1,2
WOOLLY MAMMOTH OUTERWEAR,2.5,2
WORKDYNAMICS TECHNOLOGIES,1.77,31
WORKPLACE HEALTH AND COST SOLUTIONS,3.43,7
WORLD FUEL SERVICES,1,22
WORLD UNIVERSITY SERVICE OF CANADA,1,1
WORLDREACH SOFTWARE,2.33,6
WORLEY PARSONS,1.8,5
WPP GROUP CANADA COMMUNICATIONS,1.38,13
WRIGHT CONSTRUCTION WESTERN,12,1
WSP,2.01,336
WTB LANGUAGE GROUP,1.14,7
WYSSEN AVALANCHE CONTROL,1.33,3
XANALYS CANADA,1,1
XEROX,1.56,315
XPERA RISK MITIGATION INVESTIGATION,1,1
XPERT SOLUTIONS TECHNOLOGIQUES,8,1
XPERTEK CONSTRUCTION 2004,1,5
XTECH EXPLOSIVE DECONTAMINATION,2.5,2
XTRACT TECHNOLOGIES,1,1
YAMAHA MOTORS CANADA,1.17,18
YAMNUSKA,1,3
YELLOWHEAD HELICOPTERS,1.08,13
YOURTE CA,1.29,7
ZAYO CANADA,1.51,43
ZENITH PAVING,3,1
ZERNAM ENTERPRISE,1.93,15
ZODIAC HURRICANE TECHNOLOGIES,3.29,7
ZOLL MEDICAL CANADA,1.5,2
ZUTPHEN CONTRACTOR,1.67,12
ZYCOM,1.5,8
